date,open_positions,capital_deployed
2014-01-02,0,0.0
2014-01-03,0,0.0
2014-01-06,0,0.0
2014-01-07,0,0.0
2014-01-08,0,0.0
2014-01-09,0,0.0
2014-01-10,0,0.0
2014-01-13,0,0.0
2014-01-14,0,0.0
2014-01-15,0,0.0
2014-01-16,0,0.0
2014-01-17,0,0.0
2014-01-21,0,0.0
2014-01-22,0,0.0
2014-01-23,0,0.0
2014-01-24,0,0.0
2014-01-27,0,0.0
2014-01-28,0,0.0
2014-01-29,0,0.0
2014-01-30,0,0.0
2014-01-31,0,0.0
2014-02-03,0,0.0
2014-02-04,0,0.0
2014-02-05,0,0.0
2014-02-06,0,0.0
2014-02-07,0,0.0
2014-02-10,0,0.0
2014-02-11,0,0.0
2014-02-12,0,0.0
2014-02-13,0,0.0
2014-02-14,0,0.0
2014-02-18,0,0.0
2014-02-19,0,0.0
2014-02-20,0,0.0
2014-02-21,0,0.0
2014-02-24,0,0.0
2014-02-25,0,0.0
2014-02-26,0,0.0
2014-02-27,0,0.0
2014-02-28,0,0.0
2014-03-03,0,0.0
2014-03-04,0,0.0
2014-03-05,0,0.0
2014-03-06,0,0.0
2014-03-07,0,0.0
2014-03-10,0,0.0
2014-03-11,0,0.0
2014-03-12,0,0.0
2014-03-13,0,0.0
2014-03-14,0,0.0
2014-03-17,0,0.0
2014-03-18,0,0.0
2014-03-19,0,0.0
2014-03-20,0,0.0
2014-03-21,0,0.0
2014-03-24,0,0.0
2014-03-25,0,0.0
2014-03-26,0,0.0
2014-03-27,0,0.0
2014-03-28,0,0.0
2014-03-31,0,0.0
2014-04-01,0,0.0
2014-04-02,0,0.0
2014-04-03,0,0.0
2014-04-04,0,0.0
2014-04-07,0,0.0
2014-04-08,0,0.0
2014-04-09,0,0.0
2014-04-10,0,0.0
2014-04-11,0,0.0
2014-04-14,0,0.0
2014-04-15,0,0.0
2014-04-16,0,0.0
2014-04-17,0,0.0
2014-04-21,0,0.0
2014-04-22,0,0.0
2014-04-23,0,0.0
2014-04-24,0,0.0
2014-04-25,0,0.0
2014-04-28,0,0.0
2014-04-29,0,0.0
2014-04-30,0,0.0
2014-05-01,0,0.0
2014-05-02,0,0.0
2014-05-05,0,0.0
2014-05-06,0,0.0
2014-05-07,0,0.0
2014-05-08,0,0.0
2014-05-09,0,0.0
2014-05-12,0,0.0
2014-05-13,0,0.0
2014-05-14,0,0.0
2014-05-15,0,0.0
2014-05-16,0,0.0
2014-05-19,0,0.0
2014-05-20,0,0.0
2014-05-21,0,0.0
2014-05-22,0,0.0
2014-05-23,0,0.0
2014-05-27,0,0.0
2014-05-28,0,0.0
2014-05-29,0,0.0
2014-05-30,0,0.0
2014-06-02,0,0.0
2014-06-03,0,0.0
2014-06-04,0,0.0
2014-06-05,0,0.0
2014-06-06,0,0.0
2014-06-09,0,0.0
2014-06-10,0,0.0
2014-06-11,0,0.0
2014-06-12,0,0.0
2014-06-13,0,0.0
2014-06-16,0,0.0
2014-06-17,0,0.0
2014-06-18,0,0.0
2014-06-19,0,0.0
2014-06-20,0,0.0
2014-06-23,0,0.0
2014-06-24,0,0.0
2014-06-25,0,0.0
2014-06-26,0,0.0
2014-06-27,0,0.0
2014-06-30,0,0.0
2014-07-01,0,0.0
2014-07-02,0,0.0
2014-07-03,0,0.0
2014-07-07,0,0.0
2014-07-08,0,0.0
2014-07-09,0,0.0
2014-07-10,0,0.0
2014-07-11,0,0.0
2014-07-14,0,0.0
2014-07-15,0,0.0
2014-07-16,0,0.0
2014-07-17,0,0.0
2014-07-18,0,0.0
2014-07-21,0,0.0
2014-07-22,0,0.0
2014-07-23,0,0.0
2014-07-24,0,0.0
2014-07-25,0,0.0
2014-07-28,0,0.0
2014-07-29,0,0.0
2014-07-30,0,0.0
2014-07-31,0,0.0
2014-08-01,0,0.0
2014-08-04,0,0.0
2014-08-05,0,0.0
2014-08-06,0,0.0
2014-08-07,0,0.0
2014-08-08,0,0.0
2014-08-11,0,0.0
2014-08-12,0,0.0
2014-08-13,0,0.0
2014-08-14,0,0.0
2014-08-15,0,0.0
2014-08-18,0,0.0
2014-08-19,0,0.0
2014-08-20,0,0.0
2014-08-21,0,0.0
2014-08-22,0,0.0
2014-08-25,0,0.0
2014-08-26,0,0.0
2014-08-27,0,0.0
2014-08-28,0,0.0
2014-08-29,0,0.0
2014-09-02,0,0.0
2014-09-03,0,0.0
2014-09-04,0,0.0
2014-09-05,0,0.0
2014-09-08,0,0.0
2014-09-09,0,0.0
2014-09-10,0,0.0
2014-09-11,0,0.0
2014-09-12,0,0.0
2014-09-15,0,0.0
2014-09-16,0,0.0
2014-09-17,0,0.0
2014-09-18,0,0.0
2014-09-19,0,0.0
2014-09-22,0,0.0
2014-09-23,0,0.0
2014-09-24,0,0.0
2014-09-25,0,0.0
2014-09-26,0,0.0
2014-09-29,0,0.0
2014-09-30,0,0.0
2014-10-01,0,0.0
2014-10-02,0,0.0
2014-10-03,0,0.0
2014-10-06,0,0.0
2014-10-07,0,0.0
2014-10-08,0,0.0
2014-10-09,0,0.0
2014-10-10,0,0.0
2014-10-13,0,0.0
2014-10-14,0,0.0
2014-10-15,0,0.0
2014-10-16,0,0.0
2014-10-17,0,0.0
2014-10-20,0,0.0
2014-10-21,0,0.0
2014-10-22,0,0.0
2014-10-23,0,0.0
2014-10-24,0,0.0
2014-10-27,0,0.0
2014-10-28,0,0.0
2014-10-29,0,0.0
2014-10-30,0,0.0
2014-10-31,0,0.0
2014-11-03,0,0.0
2014-11-04,0,0.0
2014-11-05,0,0.0
2014-11-06,0,0.0
2014-11-07,0,0.0
2014-11-10,0,0.0
2014-11-11,0,0.0
2014-11-12,0,0.0
2014-11-13,0,0.0
2014-11-14,0,0.0
2014-11-17,0,0.0
2014-11-18,0,0.0
2014-11-19,0,0.0
2014-11-20,0,0.0
2014-11-21,0,0.0
2014-11-24,0,0.0
2014-11-25,0,0.0
2014-11-26,0,0.0
2014-11-28,0,0.0
2014-12-01,0,0.0
2014-12-02,0,0.0
2014-12-03,0,0.0
2014-12-04,0,0.0
2014-12-05,0,0.0
2014-12-08,0,0.0
2014-12-09,0,0.0
2014-12-10,0,0.0
2014-12-11,0,0.0
2014-12-12,0,0.0
2014-12-15,0,0.0
2014-12-16,0,0.0
2014-12-17,0,0.0
2014-12-18,0,0.0
2014-12-19,0,0.0
2014-12-22,0,0.0
2014-12-23,0,0.0
2014-12-24,0,0.0
2014-12-26,0,0.0
2014-12-29,0,0.0
2014-12-30,0,0.0
2014-12-31,0,0.0
2015-01-02,0,0.0
2015-01-05,0,0.0
2015-01-06,0,0.0
2015-01-07,0,0.0
2015-01-08,0,0.0
2015-01-09,0,0.0
2015-01-12,0,0.0
2015-01-13,0,0.0
2015-01-14,0,0.0
2015-01-15,0,0.0
2015-01-16,0,0.0
2015-01-20,0,0.0
2015-01-21,0,0.0
2015-01-22,0,0.0
2015-01-23,0,0.0
2015-01-26,0,0.0
2015-01-27,1,1000.0
2015-01-28,1,1000.0
2015-01-29,1,1000.0
2015-01-30,2,2002.0244670127656
2015-02-02,2,2002.0244670127656
2015-02-03,2,2002.0244670127656
2015-02-04,2,2002.0244670127656
2015-02-05,2,2002.0244670127656
2015-02-06,1,1002.0244670127656
2015-02-09,2,2027.1176211235052
2015-02-10,2,2027.1176211235052
2015-02-11,4,4079.731566816632
2015-02-12,4,4079.195237987027
2015-02-13,5,5107.788973134861
2015-02-17,5,5107.788973134861
2015-02-18,5,5122.725676923547
2015-02-19,4,4108.576304368062
2015-02-20,4,4111.091648461885
2015-02-23,5,5157.99049727577
2015-02-24,5,5157.99049727577
2015-02-25,5,5157.99049727577
2015-02-26,5,5157.99049727577
2015-02-27,5,5157.99049727577
2015-03-02,5,5157.99049727577
2015-03-03,5,5157.99049727577
2015-03-04,5,5157.99049727577
2015-03-05,5,5157.99049727577
2015-03-06,6,6182.599953183818
2015-03-09,5,5180.575486171052
2015-03-10,3,3092.9253019182543
2015-03-11,3,3092.9253019182543
2015-03-12,2,2050.9164287546105
2015-03-13,2,2050.9164287546105
2015-03-16,2,2050.9164287546105
2015-03-17,4,4025.1813580013823
2015-03-18,6,6020.151334006078
2015-03-19,9,9097.53625649157
2015-03-20,5,5102.185012424651
2015-03-23,6,6132.018182929097
2015-03-24,6,6135.491749697516
2015-03-25,5,5105.65857919307
2015-03-26,5,5105.65857919307
2015-03-27,4,4081.0491232850227
2015-03-30,4,4081.0491232850227
2015-03-31,4,4081.0491232850227
2015-04-01,4,4081.0491232850227
2015-04-02,4,4081.0491232850227
2015-04-06,4,4081.0491232850227
2015-04-07,5,5089.022304595759
2015-04-08,4,4069.6284154666077
2015-04-09,5,5079.900780494715
2015-04-10,7,7103.042748304385
2015-04-13,7,7118.417787053172
2015-04-14,5,5095.275819243502
2015-04-15,5,5095.275819243502
2015-04-16,5,5095.275819243502
2015-04-17,5,5095.275819243502
2015-04-20,5,5095.275819243502
2015-04-21,7,7117.010973058426
2015-04-22,6,6085.519932911371
2015-04-23,5,5074.652356003909
2015-04-24,6,6101.961687541459
2015-04-27,6,6119.198152899879
2015-04-28,5,5091.888821362328
2015-04-29,5,5091.888821362328
2015-04-30,4,4083.7021130679987
2015-05-01,4,4083.7021130679987
2015-05-04,5,5109.028294935582
2015-05-05,5,5109.028294935582
2015-05-06,5,5109.028294935582
2015-05-07,4,4089.634405806431
2015-05-08,5,5098.298512195401
2015-05-11,6,6101.248681109435
2015-05-12,4,4075.77428217665
2015-05-13,4,4075.77428217665
2015-05-14,4,4075.77428217665
2015-05-15,5,5077.529547388615
2015-05-18,7,7094.033687342738
2015-05-19,7,7099.291036023317
2015-05-20,5,5082.786896069195
2015-05-21,5,5082.786896069195
2015-05-22,4,4069.583644558347
2015-05-26,5,5063.354608362637
2015-05-27,3,3024.8251749842066
2015-05-28,3,3024.8251749842066
2015-05-29,4,4017.821086333914
2015-06-01,5,5009.892436930998
2015-06-02,5,5009.892436930998
2015-06-03,4,4016.8965255812905
2015-06-04,5,5001.039588058375
2015-06-05,5,5001.039588058375
2015-06-08,5,5001.039588058375
2015-06-09,5,5001.039588058375
2015-06-10,5,5001.039588058375
2015-06-11,4,4007.2686242540835
2015-06-12,4,4006.599184827615
2015-06-15,4,4006.599184827615
2015-06-16,4,4006.599184827615
2015-06-17,5,4989.041650009967
2015-06-18,5,4989.041650009967
2015-06-19,5,4989.041650009967
2015-06-22,5,4989.041650009967
2015-06-23,6,5986.845951059305
2015-06-24,5,5002.702888582221
2015-06-25,5,5002.702888582221
2015-06-26,5,5002.702888582221
2015-06-29,4,4020.260423399869
2015-06-30,3,3022.456122350531
2015-07-01,1,1002.9501689140344
2015-07-02,5,5008.581556978682
2015-07-06,4,4005.6313880646476
2015-07-07,3,3004.2235410484855
2015-07-08,7,7031.201864907922
2015-07-09,4,4026.978323859437
2015-07-10,5,5025.432673747788
2015-07-13,6,6033.128096745767
2015-07-14,7,7060.938584475578
2015-07-15,7,7073.961753246497
2015-07-16,6,6065.291853598922
2015-07-17,9,9148.166147319505
2015-07-20,5,5103.350461052321
2015-07-21,6,6123.236891702936
2015-07-22,6,6119.145026279855
2015-07-23,4,4075.107125607374
2015-07-24,5,5083.5985133360555
2015-07-27,5,5080.607094696466
2015-07-28,5,5080.607094696466
2015-07-29,6,6094.76304694775
2015-07-30,6,6095.039939695938
2015-07-31,6,6109.8763754454985
2015-08-03,5,5085.724905423634
2015-08-04,6,6118.105844549196
2015-08-05,5,5089.113456548353
2015-08-06,5,5089.113456548353
2015-08-07,5,5089.113456548353
2015-08-10,5,5089.113456548353
2015-08-11,5,5089.113456548353
2015-08-12,5,5089.113456548353
2015-08-13,5,5089.113456548353
2015-08-14,5,5089.113456548353
2015-08-17,7,7144.940967239844
2015-08-18,7,7178.900053915953
2015-08-19,5,5123.072543224463
2015-08-20,5,5123.072543224463
2015-08-21,5,5123.072543224463
2015-08-24,4,4088.0259491609913
2015-08-25,1,1035.0465940634713
2015-08-26,1,909.924476936716
2015-08-27,1,909.924476936716
2015-08-28,4,3676.6977833579103
2015-08-31,4,3676.6977833579103
2015-09-01,4,3676.6977833579103
2015-09-02,4,3676.6977833579103
2015-09-03,5,4580.204169353443
2015-09-04,5,4580.204169353443
2015-09-08,5,4580.204169353443
2015-09-09,5,4580.204169353443
2015-09-10,5,4580.204169353443
2015-09-11,6,5477.086746535456
2015-09-14,4,3654.4059147004464
2015-09-15,5,4557.529717022607
2015-09-16,5,4570.556378164416
2015-09-17,5,4563.030580305407
2015-09-18,5,4571.655074456392
2015-09-21,4,3652.480628616915
2015-09-22,6,5468.812755375359
2015-09-23,5,4549.6383095358815
2015-09-24,5,4549.6383095358815
2015-09-25,6,5456.463802273526
2015-09-28,6,5447.417972382749
2015-09-29,5,4540.592479645104
2015-09-30,3,2726.2413650822664
2015-10-01,4,3617.270025237437
2015-10-02,4,3617.270025237437
2015-10-05,6,5415.420361762639
2015-10-06,9,8199.807509037106
2015-10-07,6,5522.8186796241735
2015-10-08,8,7369.927525044396
2015-10-09,9,8334.180680282949
2015-10-12,6,5575.481759060846
2015-10-13,5,4642.064743253642
2015-10-14,5,4642.064743253642
2015-10-15,5,4642.064743253642
2015-10-16,5,4642.064743253642
2015-10-19,6,5571.34491566235
2015-10-20,5,4637.6972832095435
2015-10-21,5,4637.6972832095435
2015-10-22,5,4637.6972832095435
2015-10-23,7,6514.87022226651
2015-10-26,8,7361.521843604515
2015-10-27,4,3646.9026687596183
2015-10-28,4,3645.4633613124797
2015-10-29,6,5482.292340920969
2015-10-30,6,5522.311190541738
2015-11-02,4,3694.7617257022093
2015-11-03,6,5585.603127454657
2015-11-04,7,6551.999681671859
2015-11-05,6,5660.770858571517
2015-11-06,5,4710.864073559314
2015-11-09,4,3774.115929422212
2015-11-10,4,3774.115929422212
2015-11-11,4,3774.115929422212
2015-11-12,4,3774.115929422212
2015-11-13,5,4706.622659120958
2015-11-16,5,4706.622659120958
2015-11-17,6,5690.069909034946
2015-11-18,6,5743.339458154437
2015-11-19,5,4789.723338828633
2015-11-20,5,4802.934482052155
2015-11-23,6,5777.49270823768
2015-11-24,6,5790.636304793868
2015-11-25,5,4816.078078608342
2015-11-27,5,4816.078078608342
2015-11-30,5,4819.740736739734
2015-12-01,6,5780.848949404671
2015-12-02,6,5770.764446627553
2015-12-03,5,4817.148327301749
2015-12-04,5,4817.148327301749
2015-12-07,6,5788.148593663758
2015-12-08,5,4821.035133314809
2015-12-09,4,3850.0348669528003
2015-12-10,4,3850.0348669528003
2015-12-11,3,2879.1618224163517
2015-12-14,3,2879.1618224163517
2015-12-15,3,2848.540831919682
2015-12-16,3,2810.1934668571394
2015-12-17,6,5706.453080827659
2015-12-18,6,5778.1345479892925
2015-12-21,5,4812.714676665786
2015-12-22,5,4812.714676665786
2015-12-23,5,4812.714676665786
2015-12-24,7,6762.8409460412695
2015-12-28,5,4836.645688593953
2015-12-29,6,5809.405244633079
2015-12-30,8,7788.328882391588
2015-12-31,5,4880.182029893567
2016-01-04,5,4880.182029893567
2016-01-05,5,4880.182029893567
2016-01-06,4,3898.734193532895
2016-01-07,3,2917.286357172223
2016-01-08,3,2865.3214942420395
2016-01-11,4,3789.126758223226
2016-01-12,4,3789.126758223226
2016-01-13,4,3789.126758223226
2016-01-14,4,3789.126758223226
2016-01-15,4,3789.126758223226
2016-01-19,5,4705.1002318684405
2016-01-20,4,3730.037097180699
2016-01-21,3,2800.5541237502107
2016-01-22,4,3721.9547119184317
2016-01-25,6,5578.723950124169
2016-01-26,5,4654.918686142983
2016-01-27,6,5582.6091442258885
2016-01-28,5,4654.22452512302
2016-01-29,5,4654.22452512302
2016-02-01,8,7438.73842020912
2016-02-02,6,5562.247026132208
2016-02-03,6,5555.843665839085
2016-02-04,5,4627.619037291843
2016-02-05,6,5546.855019786065
2016-02-08,6,5520.959441336801
2016-02-09,5,4592.734812789559
2016-02-10,5,4558.204768422372
2016-02-11,5,4512.987670467824
2016-02-12,5,4512.987670467824
2016-02-16,5,4512.987670467824
2016-02-17,6,5417.850792288896
2016-02-18,8,7309.906933184063
2016-02-19,6,5518.674019445237
2016-02-22,6,5518.088448318631
2016-02-23,7,6459.460304421408
2016-02-24,6,5549.017289398066
2016-02-25,9,8445.265178046084
2016-02-26,6,5679.05796201372
2016-02-29,6,5706.459312906475
2016-03-01,6,5731.94151821323
2016-03-02,8,7764.118121406949
2016-03-03,8,7876.796086854546
2016-03-04,8,8128.277917920873
2016-03-07,7,7390.3739713418
2016-03-08,6,6303.712923732351
2016-03-09,5,5224.321015903824
2016-03-10,5,5224.321015903824
2016-03-11,6,6277.402960013409
2016-03-14,6,6327.663787178063
2016-03-15,6,6338.994171024999
2016-03-16,6,6339.787425188754
2016-03-17,6,6364.323870659689
2016-03-18,4,4231.442558175771
2016-03-21,5,5333.276036282078
2016-03-22,5,5333.276036282078
2016-03-23,5,5333.276036282078
2016-03-24,5,5333.276036282078
2016-03-28,5,5333.276036282078
2016-03-29,4,4244.327262854622
2016-03-30,4,4230.17810432312
2016-03-31,3,3140.036275743577
2016-04-01,2,2177.8261481543495
2016-04-04,4,4347.884017454226
2016-04-05,3,3271.891347406183
2016-04-06,2,2186.862412756245
2016-04-07,2,2186.862412756245
2016-04-08,1,1101.8334781063068
2016-04-11,1,1101.8334781063068
2016-04-12,1,1101.8334781063068
2016-04-13,1,1101.8334781063068
2016-04-14,1,1101.8334781063068
2016-04-15,0,0.0
2016-04-18,0,0.0
2016-04-19,2,2204.4422865700076
2016-04-20,4,4416.262573061049
2016-04-21,4,4426.188905475375
2016-04-22,3,3314.84257552419
2016-04-25,2,2195.3401025202525
2016-04-26,1,1098.5551459409126
2016-04-27,2,2195.508168112286
2016-04-28,2,2195.508168112286
2016-04-29,2,2195.9094916374524
2016-05-02,2,2195.9094916374524
2016-05-03,3,3293.418230039609
2016-05-04,3,3290.608993399732
2016-05-05,4,4375.976593786833
2016-05-06,5,5465.775762504269
2016-05-09,7,7641.886744923913
2016-05-10,4,4362.0942608709365
2016-05-11,6,6565.052451662724
2016-05-12,4,4385.558791058272
2016-05-13,5,5489.210163154808
2016-05-16,4,4392.820465390239
2016-05-17,5,5494.494379032066
2016-05-18,5,5494.494379032066
2016-05-19,5,5494.494379032066
2016-05-20,5,5476.634270463103
2016-05-23,6,6557.0872364486195
2016-05-24,5,5460.697538684052
2016-05-25,6,6551.720773277232
2016-05-26,6,6571.678215391224
2016-05-27,6,6586.185635211116
2016-05-31,5,5509.399903687832
2016-06-01,5,5509.399903687832
2016-06-02,6,6614.63311190228
2016-06-03,6,6624.126825922256
2016-06-06,7,7748.953740923587
2016-06-07,7,7786.243312929495
2016-06-08,6,6670.85221542776
2016-06-09,6,6677.75013430294
2016-06-10,4,4462.699537764498
2016-06-13,4,4462.699537764498
2016-06-14,4,4462.699537764498
2016-06-15,4,4462.699537764498
2016-06-16,4,4462.699537764498
2016-06-17,4,4462.699537764498
2016-06-20,4,4462.699537764498
2016-06-21,4,4462.699537764498
2016-06-22,4,4462.699537764498
2016-06-23,4,4419.675066766553
2016-06-24,5,5506.723767647234
2016-06-27,4,4435.084906105976
2016-06-28,1,1117.6765917061512
2016-06-29,4,4143.848207780991
2016-06-30,7,7148.5603852959675
2016-07-01,7,7174.282206939426
2016-07-05,5,5163.9876090761545
2016-07-06,6,6175.693920360065
2016-07-07,5,5174.12319452174
2016-07-08,6,6188.384146434311
2016-07-11,6,6187.225312508234
2016-07-12,7,7236.07622060301
2016-07-13,6,6228.627547298594
2016-07-14,5,5227.056821460269
2016-07-15,6,6241.308928763843
2016-07-18,5,5214.070701235088
2016-07-19,6,6226.652262921855
2016-07-20,6,6204.50114990284
2016-07-21,5,5086.558613610603
2016-07-22,4,4078.4311169402763
2016-07-25,5,5089.246872210543
2016-07-26,4,4074.994764906969
2016-07-27,4,4074.994764906969
2016-07-28,4,4074.994764906969
2016-07-29,4,4074.994764906969
2016-08-01,4,4087.541469905792
2016-08-02,4,4091.420497557924
2016-08-03,4,4099.330846110539
2016-08-04,5,5129.433688271875
2016-08-05,4,4070.558438014591
2016-08-08,7,7094.900112720727
2016-08-09,5,5079.306838966977
2016-08-10,5,5079.306838966977
2016-08-11,5,5061.696174763731
2016-08-12,5,5061.696174763731
2016-08-15,5,5061.696174763731
2016-08-16,5,5061.696174763731
2016-08-17,5,5061.696174763731
2016-08-18,5,5061.696174763731
2016-08-19,5,5061.696174763731
2016-08-22,5,5061.696174763731
2016-08-23,5,5061.696174763731
2016-08-24,5,5061.696174763731
2016-08-25,5,5061.696174763731
2016-08-26,5,5061.696174763731
2016-08-29,5,5061.696174763731
2016-08-30,4,4036.8338526642247
2016-08-31,3,3023.222723447357
2016-09-01,3,3023.222723447357
2016-09-02,3,3023.222723447357
2016-09-06,4,4030.7800984734167
2016-09-07,5,5032.699328604067
2016-09-08,5,5014.3805247478995
2016-09-09,4,4000.769395531032
2016-09-12,3,3005.477070170332
2016-09-13,1,1007.5573750260596
2016-09-14,1,1007.5573750260596
2016-09-15,1,1007.5573750260596
2016-09-16,1,1007.5573750260596
2016-09-19,1,1007.5573750260596
2016-09-20,1,1007.5573750260596
2016-09-21,2,1993.9143016908629
2016-09-22,5,4978.214831202665
2016-09-23,7,6967.664827219762
2016-09-26,7,6963.9832057257245
2016-09-27,6,5978.215885080881
2016-09-28,5,4975.697845587731
2016-09-29,5,4975.697845587731
2016-09-30,5,4975.697845587731
2016-10-03,5,4975.697845587731
2016-10-04,5,4975.697845587731
2016-10-05,4,3982.1582095818076
2016-10-06,4,3899.192062768586
2016-10-07,5,4851.44659001838
2016-10-10,4,3897.9098624064645
2016-10-11,4,3893.631928791221
2016-10-12,4,3893.631928791221
2016-10-13,4,3883.7972016966914
2016-10-14,4,3883.7972016966914
2016-10-17,4,3883.7972016966914
2016-10-18,4,3866.029549807875
2016-10-19,4,3866.029549807875
2016-10-20,4,3866.029549807875
2016-10-21,5,4797.725154012104
2016-10-24,5,4812.049572879165
2016-10-25,4,3804.4921978531056
2016-10-26,5,4752.223975086316
2016-10-27,5,4758.72702212436
2016-10-28,4,3827.0314179201296
2016-10-31,4,3827.0314179201296
2016-11-01,4,3827.0314179201296
2016-11-02,4,3827.0314179201296
2016-11-03,6,5731.536766157059
2016-11-04,5,4787.834765639672
2016-11-07,6,5741.057205005985
2016-11-08,7,6716.967204538793
2016-11-09,6,5741.695970676508
2016-11-10,6,5767.756271017597
2016-11-11,5,4803.674934191961
2016-11-14,6,5752.036830960299
2016-11-15,5,4787.955494134663
2016-11-16,6,5749.05371669045
2016-11-17,5,4775.261639116149
2016-11-18,6,5746.172544016356
2016-11-21,5,4785.074321460569
2016-11-22,6,5754.875470812774
2016-11-23,6,5781.5246083591965
2016-11-25,6,5799.494685074913
2016-11-28,5,4824.483650760153
2016-11-29,5,4824.483650760153
2016-11-30,6,5797.772255583081
2016-12-01,5,4857.9143833232765
2016-12-02,4,3888.113233971072
2016-12-05,3,2917.2023290708653
2016-12-06,4,3898.649427772669
2016-12-07,5,4884.128938281566
2016-12-08,7,6869.12685483828
2016-12-09,6,5883.253981069946
2016-12-12,7,6880.628346129568
2016-12-13,5,4914.840783028282
2016-12-14,5,4914.840783028282
2016-12-15,5,4914.840783028282
2016-12-16,5,4914.840783028282
2016-12-19,5,4914.840783028282
2016-12-20,5,4914.840783028282
2016-12-21,5,4914.840783028282
2016-12-22,5,4914.840783028282
2016-12-23,5,4914.840783028282
2016-12-27,5,4914.840783028282
2016-12-28,5,4914.840783028282
2016-12-29,5,4914.840783028282
2016-12-30,5,4914.840783028282
2017-01-03,5,4914.840783028282
2017-01-04,5,4914.840783028282
2017-01-05,6,5927.874687218513
2017-01-06,7,6996.6667024609305
2017-01-09,8,8037.963876852639
2017-01-10,6,6021.406106854874
2017-01-11,6,6023.540187372079
2017-01-12,6,6031.125478044637
2017-01-13,5,5020.871488767899
2017-01-17,5,5020.871488767899
2017-01-18,5,5020.871488767899
2017-01-19,5,5020.871488767899
2017-01-20,5,5020.871488767899
2017-01-23,5,5020.871488767899
2017-01-24,5,5020.871488767899
2017-01-25,6,6054.249466248852
2017-01-26,6,6112.360711610141
2017-01-27,3,3071.658002666256
2017-01-30,2,2055.6005097009693
2017-01-31,3,3100.475499702615
2017-02-01,2,2055.1289792783846
2017-02-02,4,4141.780780950609
2017-02-03,4,4141.780780950609
2017-02-06,6,6255.366225292524
2017-02-07,5,5210.491235290878
2017-02-08,5,5210.491235290878
2017-02-09,5,5244.172969112116
2017-02-10,8,8472.364090381496
2017-02-13,5,5323.820803831502
2017-02-14,5,5395.356717336707
2017-02-15,8,8682.485912050088
2017-02-16,8,8781.487306233932
2017-02-17,5,5498.078806621414
2017-02-21,5,5498.078806621414
2017-02-22,4,4402.369075050287
2017-02-23,3,3331.3806726570724
2017-02-24,5,5566.527318700709
2017-02-27,5,5588.246978635292
2017-02-28,5,5584.346433352265
2017-03-01,5,5584.346433352265
2017-03-02,6,6700.924191608498
2017-03-03,5,5578.758253306086
2017-03-06,5,5578.758253306086
2017-03-07,5,5578.758253306086
2017-03-08,5,5578.758253306086
2017-03-09,5,5578.758253306086
2017-03-10,5,5578.758253306086
2017-03-13,5,5578.758253306086
2017-03-14,5,5578.758253306086
2017-03-15,5,5578.758253306086
2017-03-16,5,5578.758253306086
2017-03-17,5,5578.758253306086
2017-03-20,5,5578.758253306086
2017-03-21,5,5578.758253306086
2017-03-22,5,5578.758253306086
2017-03-23,4,4469.989797319255
2017-03-24,4,4469.989797319255
2017-03-27,5,5546.479475075071
2017-03-28,4,4429.9017168188375
2017-03-29,4,4435.5841973934785
2017-03-30,5,5522.712768378405
2017-03-31,4,4409.039990639614
2017-04-03,5,5484.316863730371
2017-04-04,5,5444.424363534153
2017-04-05,5,5444.424363534153
2017-04-06,5,5444.424363534153
2017-04-07,5,5444.424363534153
2017-04-10,6,6538.643682032822
2017-04-11,6,6556.543914534294
2017-04-12,6,6558.335355003404
2017-04-13,5,5459.23240046409
2017-04-17,4,4377.0602421336325
2017-04-18,5,5462.751032290065
2017-04-19,4,4366.740273322287
2017-04-20,3,3284.650161933255
2017-04-21,4,4382.00018655141
2017-04-24,3,3260.4327800010715
2017-04-25,7,7637.048721961956
2017-04-26,6,6554.735059505646
2017-04-27,7,7627.274503356362
2017-04-28,6,6530.014366670587
2017-05-01,5,5446.667652000118
2017-05-02,5,5446.667652000118
2017-05-03,5,5446.667652000118
2017-05-04,4,4365.808671141132
2017-05-05,5,5434.60648530016
2017-05-08,6,6513.2661457599825
2017-05-09,4,4361.121616930486
2017-05-10,4,4361.121616930486
2017-05-11,5,5431.08696670632
2017-05-12,5,5431.08696670632
2017-05-15,5,5431.08696670632
2017-05-16,5,5431.08696670632
2017-05-17,5,5431.08696670632
2017-05-18,5,5431.08696670632
2017-05-19,4,4309.172115820165
2017-05-22,4,4309.172115820165
2017-05-23,5,5364.889039993483
2017-05-24,4,4270.7350545032605
2017-05-25,4,4270.7350545032605
2017-05-26,4,4270.7350545032605
2017-05-30,4,4270.7350545032605
2017-05-31,4,4270.7350545032605
2017-06-01,6,6360.679712781941
2017-06-02,8,8465.067208462973
2017-06-05,6,6327.573680812215
2017-06-06,5,5274.205540860765
2017-06-07,5,5274.205540860765
2017-06-08,5,5274.205540860765
2017-06-09,5,5274.205540860765
2017-06-12,6,6317.43988629265
2017-06-13,6,6312.562534446637
2017-06-14,5,5269.328189014752
2017-06-15,5,5269.328189014752
2017-06-16,6,6317.845866479085
2017-06-19,5,5275.641382099186
2017-06-20,6,6341.327215650179
2017-06-21,5,5292.809538185846
2017-06-22,5,5292.809538185846
2017-06-23,5,5292.809538185846
2017-06-26,5,5267.818304884431
2017-06-27,6,6305.578481824743
2017-06-28,5,5239.89264827375
2017-06-29,5,5239.89264827375
2017-06-30,5,5239.89264827375
2017-07-03,6,6281.315709928287
2017-07-05,6,6297.934851585631
2017-07-06,5,5230.049380748953
2017-07-07,5,5230.049380748953
2017-07-10,5,5230.049380748953
2017-07-11,5,5230.049380748953
2017-07-12,5,5208.8706924260805
2017-07-13,5,5208.8706924260805
2017-07-14,5,5208.8706924260805
2017-07-17,6,6267.96491665762
2017-07-18,6,6303.724402986018
2017-07-19,5,5268.672067524934
2017-07-20,8,8455.946231962711
2017-07-21,7,7405.762321615315
2017-07-24,7,7404.197126412432
2017-07-25,6,6339.816129125421
2017-07-26,6,6358.390557595086
2017-07-27,6,6356.894761537895
2017-07-28,7,7445.594639480846
2017-07-31,5,5325.729376493097
2017-08-01,5,5325.729376493097
2017-08-02,5,5325.729376493097
2017-08-03,5,5325.729376493097
2017-08-04,7,7400.357282293041
2017-08-07,5,5271.756838097062
2017-08-08,5,5272.816331329745
2017-08-09,6,6323.143891062765
2017-08-10,4,4224.9021196247295
2017-08-11,3,3174.9240425123226
2017-08-14,3,3174.9240425123226
2017-08-15,4,4226.4336081465335
2017-08-16,6,6325.54962041864
2017-08-17,5,5274.8615326941635
2017-08-18,5,5274.8615326941635
2017-08-21,5,5274.8615326941635
2017-08-22,5,5274.8615326941635
2017-08-23,5,5274.8615326941635
2017-08-24,4,4225.30352655811
2017-08-25,4,4225.30352655811
2017-08-28,4,4185.111458625068
2017-08-29,4,4185.111458625068
2017-08-30,4,4185.111458625068
2017-08-31,4,4185.111458625068
2017-09-01,5,5226.259999288699
2017-09-05,6,6267.57968406701
2017-09-06,6,6275.458515292739
2017-09-07,7,7329.433539742453
2017-09-08,7,7334.6701327777955
2017-09-11,6,6291.888670641618
2017-09-12,8,8429.885102697961
2017-09-13,8,8479.537927745649
2017-09-14,5,5316.262081337312
2017-09-15,5,5316.262081337312
2017-09-18,6,6366.794217880952
2017-09-19,5,5304.734872060273
2017-09-20,6,6345.742098919361
2017-09-21,6,6330.124046207721
2017-09-22,5,5289.116819348635
2017-09-25,5,5289.116819348635
2017-09-26,6,6330.3688259146065
2017-09-27,5,5281.939082060927
2017-09-28,6,6334.1716576109975
2017-09-29,6,6303.001470326325
2017-10-02,5,5222.742624680777
2017-10-03,5,5222.742624680777
2017-10-04,7,7321.961226042797
2017-10-05,6,6289.351838416062
2017-10-06,5,5239.742537735052
2017-10-09,5,5239.742537735052
2017-10-10,6,6279.5605688621035
2017-10-11,5,5217.501223041425
2017-10-12,6,6253.094210059782
2017-10-13,5,5213.2761789327305
2017-10-16,6,6238.503429517625
2017-10-17,5,5176.009502203053
2017-10-18,5,5177.419458365546
2017-10-19,4,4154.711097980751
2017-10-20,3,3121.8334887001056
2017-10-23,5,5205.636870220522
2017-10-24,6,6243.074805460215
2017-10-25,4,4169.447746615013
2017-10-26,5,5194.088797224762
2017-10-27,5,5190.378543546407
2017-10-30,5,5197.22233272819
2017-10-31,5,5193.844733661741
2017-11-01,5,5193.844733661741
2017-11-02,5,5193.844733661741
2017-11-03,5,5194.531595067519
2017-11-06,5,5194.531595067519
2017-11-07,5,5194.531595067519
2017-11-08,5,5194.531595067519
2017-11-09,5,5194.531595067519
2017-11-10,5,5194.531595067519
2017-11-13,5,5186.158893210875
2017-11-14,5,5186.158893210875
2017-11-15,5,5186.158893210875
2017-11-16,4,4160.471258894275
2017-11-17,5,5188.025901832656
2017-11-20,5,5188.025901832656
2017-11-21,5,5202.655568909773
2017-11-22,6,6248.338413801928
2017-11-24,5,5203.3797873834965
2017-11-27,5,5203.3797873834965
2017-11-28,5,5203.3797873834965
2017-11-29,6,6260.1877032787315
2017-11-30,9,9529.929882952049
2017-12-01,7,7535.587838562615
2017-12-04,5,5381.461583957052
2017-12-05,7,7567.632109080967
2017-12-06,5,5418.382794019573
2017-12-07,5,5418.382794019573
2017-12-08,5,5418.382794019573
2017-12-11,6,6484.370532003393
2017-12-12,5,5399.125855906472
2017-12-13,5,5399.125855906472
2017-12-14,5,5399.125855906472
2017-12-15,5,5399.125855906472
2017-12-18,6,6481.670497146275
2017-12-19,8,8677.371562497894
2017-12-20,5,5443.594507177349
2017-12-21,3,3282.5522559795786
2017-12-22,4,4392.6783793521345
2017-12-26,3,3289.0193799523245
2017-12-27,3,3289.0193799523245
2017-12-28,3,3289.0193799523245
2017-12-29,3,3289.0193799523245
2018-01-02,2,2178.8932565797686
2018-01-03,3,3293.55150384749
2018-01-04,4,4415.6111738831805
2018-01-05,4,4467.332677522014
2018-01-08,5,5573.026255760424
2018-01-09,5,5573.026255760424
2018-01-10,5,5572.784111003315
2018-01-11,4,4457.476730894014
2018-01-12,5,5560.423613314093
2018-01-16,6,6667.442172109528
2018-01-17,5,5552.134792000228
2018-01-18,5,5574.345249466853
2018-01-19,5,5574.345249466853
2018-01-22,5,5574.345249466853
2018-01-23,6,6697.005371539077
2018-01-24,7,7833.782775400981
2018-01-25,5,5605.671219847456
2018-01-26,7,7836.320509488733
2018-01-29,5,5598.172890111972
2018-01-30,5,5598.172890111972
2018-01-31,5,5598.172890111972
2018-02-01,5,5580.957426237077
2018-02-02,4,4454.5247496355905
2018-02-05,4,4454.5247496355905
2018-02-06,4,4454.5247496355905
2018-02-07,1,1038.4008043081012
2018-02-08,2,2072.1781642497926
2018-02-09,2,2072.1781642497926
2018-02-12,2,2072.1781642497926
2018-02-13,3,3102.9136954954147
2018-02-14,5,5166.330408337745
2018-02-15,7,7258.381287205356
2018-02-16,6,6229.565302849113
2018-02-20,6,6227.643402252941
2018-02-21,5,5193.042673766852
2018-02-22,5,5193.042673766852
2018-02-23,5,5193.042673766852
2018-02-26,5,5195.434419675122
2018-02-27,7,7272.666470609603
2018-02-28,5,5198.09656045154
2018-03-01,5,5198.09656045154
2018-03-02,5,5198.09656045154
2018-03-05,6,6202.867379761506
2018-03-06,7,7211.284466883664
2018-03-07,5,5165.584844202621
2018-03-08,6,6197.145031681192
2018-03-09,6,6196.43349421397
2018-03-12,8,8344.554416088586
2018-03-13,6,6295.069411130879
2018-03-14,5,5235.175708013149
2018-03-15,5,5235.175708013149
2018-03-16,5,5235.175708013149
2018-03-19,6,6289.532364209205
2018-03-20,5,5229.638661091477
2018-03-21,5,5229.638661091477
2018-03-22,5,5229.638661091477
2018-03-23,5,5229.638661091477
2018-03-26,3,3136.2751021205163
2018-03-27,3,3093.9093159580507
2018-03-28,4,4077.215964242713
2018-03-29,6,6101.569318469786
2018-04-02,7,7128.931372576555
2018-04-03,5,5104.578018349483
2018-04-04,5,5104.578018349483
2018-04-05,5,5104.578018349483
2018-04-06,6,6123.037108608804
2018-04-09,5,5099.520552314106
2018-04-10,5,5099.520552314106
2018-04-11,6,6118.165236745034
2018-04-12,5,5099.7061464857115
2018-04-13,5,5099.470395726002
2018-04-16,6,6119.363365297323
2018-04-17,6,6134.179109519426
2018-04-18,6,6150.027739399387
2018-04-19,6,6152.704745993159
2018-04-20,5,5116.963146541875
2018-04-23,5,5091.726105890038
2018-04-24,4,4070.548257523531
2018-04-25,4,4070.548257523531
2018-04-26,4,4070.548257523531
2018-04-27,5,5069.614665071726
2018-04-30,6,6065.452257232205
2018-05-01,5,5044.274408865698
2018-05-02,6,6030.980475531653
2018-05-03,6,5981.461998730799
2018-05-04,5,4982.395591182602
2018-05-07,6,5996.0312262146235
2018-05-08,7,7012.408857715701
2018-05-09,5,5024.999399530016
2018-05-10,5,5033.918689308859
2018-05-11,8,8090.670350965769
2018-05-14,6,6083.02046378356
2018-05-15,7,7117.695769445666
2018-05-16,5,5080.314371830458
2018-05-17,6,6094.70080680187
2018-05-18,5,5073.18217526017
2018-05-21,5,5073.18217526017
2018-05-22,6,6038.316807458022
2018-05-23,5,5019.399586905719
2018-05-24,5,5019.399586905719
2018-05-25,5,5019.399586905719
2018-05-29,6,6020.924085043592
2018-05-30,5,4999.405453501891
2018-05-31,6,6007.512284471607
2018-06-01,5,5015.486358096529
2018-06-04,5,5016.428872173278
2018-06-05,6,6018.100606397257
2018-06-06,6,6018.1356217282455
2018-06-07,6,6009.094064760595
2018-06-08,5,5006.592037214984
2018-06-11,6,6003.168684271773
2018-06-12,5,5011.142757896695
2018-06-13,6,6017.433307820145
2018-06-14,5,5019.15670131556
2018-06-15,6,6035.924100292499
2018-06-18,7,7068.613249623943
2018-06-19,5,5045.555300723554
2018-06-20,5,5045.555300723554
2018-06-21,5,5045.555300723554
2018-06-22,6,6052.6564237970215
2018-06-25,6,6070.559592529089
2018-06-26,6,6057.082893454559
2018-06-27,5,5018.487569637797
2018-06-28,5,5018.487569637797
2018-06-29,5,5018.487569637797
2018-07-02,5,5018.487569637797
2018-07-03,5,5018.487569637797
2018-07-05,5,5018.487569637797
2018-07-06,6,6024.423495455555
2018-07-09,6,6047.573884649706
2018-07-10,6,6050.088698047979
2018-07-11,5,5044.152772230221
2018-07-12,5,5044.152772230221
2018-07-13,5,5044.152772230221
2018-07-16,5,5044.152772230221
2018-07-17,5,5044.152772230221
2018-07-18,5,5044.152772230221
2018-07-19,6,6046.378787994548
2018-07-20,5,5029.60397480146
2018-07-23,5,5029.60397480146
2018-07-24,6,6019.715919703617
2018-07-25,4,4021.038936368791
2018-07-26,6,6010.961127892025
2018-07-27,7,7037.209943408311
2018-07-30,5,5047.287751885077
2018-07-31,5,5047.287751885077
2018-08-01,5,5032.281607268333
2018-08-02,4,4012.192018343608
2018-08-03,4,4012.192018343608
2018-08-06,6,6034.768506098586
2018-08-07,5,5038.317538528088
2018-08-08,6,6041.0956696542435
2018-08-09,5,5032.915289445022
2018-08-10,6,6046.401652242345
2018-08-13,5,5038.221272033124
2018-08-14,5,5038.221272033124
2018-08-15,5,5038.221272033124
2018-08-16,5,5035.104442334764
2018-08-17,5,5035.104442334764
2018-08-20,7,7081.53048475788
2018-08-21,5,5059.872707781427
2018-08-22,6,6085.149386871965
2018-08-23,6,6067.285318821308
2018-08-24,5,5044.0722976097495
2018-08-27,5,5040.343256727152
2018-08-28,6,6049.181428255105
2018-08-29,6,6055.117381823336
2018-08-30,5,5046.279210295383
2018-08-31,5,5046.279210295383
2018-09-04,5,5046.279210295383
2018-09-05,5,5046.279210295383
2018-09-06,5,5046.279210295383
2018-09-07,5,5026.079526946337
2018-09-10,4,4023.301395820182
2018-09-11,6,6005.461805053322
2018-09-12,5,5014.373244524878
2018-09-13,5,5014.373244524878
2018-09-14,6,6019.560995983798
2018-09-17,6,6058.874623708444
2018-09-18,6,6052.67143931973
2018-09-19,6,6059.572339722592
2018-09-20,6,6097.977765295155
2018-09-21,7,7154.267937556975
2018-09-24,6,6173.808949231758
2018-09-25,5,5136.127115749934
2018-09-26,4,4114.339153999132
2018-09-27,5,5130.119104273333
2018-09-28,6,6134.03251259431
2018-10-01,5,5127.660703941584
2018-10-02,4,4097.828556154968
2018-10-03,4,4097.828556154968
2018-10-04,4,4097.828556154968
2018-10-05,4,4097.828556154968
2018-10-08,5,5056.426659165804
2018-10-09,5,5056.426659165804
2018-10-10,6,6017.024556403316
2018-10-11,4,4017.973089314511
2018-10-12,4,4017.973089314511
2018-10-15,2,1964.5113055584884
2018-10-16,3,2913.934630907392
2018-10-17,5,4809.042152774856
2018-10-18,5,4809.042152774856
2018-10-19,5,4809.042152774856
2018-10-22,5,4809.042152774856
2018-10-23,5,4809.042152774856
2018-10-24,5,4809.042152774856
2018-10-25,7,6650.229422316353
2018-10-26,5,4740.208199729937
2018-10-29,5,4736.614459500634
2018-10-30,6,5661.7667973327125
2018-10-31,7,6619.309075157439
2018-11-01,6,5719.953111282144
2018-11-02,5,4782.682025099059
2018-11-05,6,5742.996013044856
2018-11-06,6,5712.124598818303
2018-11-07,5,4751.810610872506
2018-11-08,5,4751.810610872506
2018-11-09,8,7737.048477759799
2018-11-12,5,4904.669869709251
2018-11-13,5,4904.669869709251
2018-11-14,5,4904.669869709251
2018-11-15,5,4904.669869709251
2018-11-16,5,4904.669869709251
2018-11-19,5,4904.669869709251
2018-11-20,5,4904.669869709251
2018-11-21,4,3860.0571063223065
2018-11-23,4,3860.0571063223065
2018-11-26,4,3860.0571063223065
2018-11-27,5,4851.005618534468
2018-11-28,5,4829.071750005637
2018-11-29,8,7771.530287761775
2018-11-30,5,4888.645952284162
2018-12-03,6,5890.066244251202
2018-12-04,7,6939.718922506344
2018-12-06,5,4957.479117953924
2018-12-07,5,4957.479117953924
2018-12-10,5,4957.479117953924
2018-12-11,4,3976.6596053685457
2018-12-12,4,3976.6596053685457
2018-12-13,5,4945.225932396478
2018-12-14,5,4945.225932396478
2018-12-17,5,4945.225932396478
2018-12-18,5,4945.225932396478
2018-12-19,4,3929.989836976217
2018-12-20,4,3929.989836976217
2018-12-21,4,3929.989836976217
2018-12-24,4,3929.989836976217
2018-12-26,1,968.5663270279322
2018-12-27,2,1862.6731264882817
2018-12-28,3,2760.69220726786
2018-12-31,4,3659.156576283627
2019-01-02,4,3659.156576283627
2019-01-03,4,3659.156576283627
2019-01-04,4,3659.156576283627
2019-01-07,4,3659.156576283627
2019-01-08,7,6449.605752669413
2019-01-09,8,7451.113857879658
2019-01-10,8,7464.76785624234
2019-01-11,7,6515.239354955684
2019-01-14,6,5585.898149673687
2019-01-15,5,4645.019478907595
2019-01-16,5,4645.019478907595
2019-01-17,5,4645.019478907595
2019-01-18,7,6551.071075792355
2019-01-22,9,8516.352618637706
2019-01-23,5,4775.562330110421
2019-01-24,5,4775.562330110421
2019-01-25,5,4775.562330110421
2019-01-28,6,5734.94932236728
2019-01-29,5,4774.734004402047
2019-01-30,5,4774.734004402047
2019-01-31,7,6703.150568008106
2019-02-01,8,7684.666269601692
2019-02-04,6,5774.089624521475
2019-02-05,7,6789.110703834794
2019-02-06,7,6898.447505523275
2019-02-07,5,4953.076823190849
2019-02-08,5,4953.076823190849
2019-02-11,4,3970.3466981220854
2019-02-12,4,3970.3466981220854
2019-02-13,5,4982.905270750633
2019-02-14,5,5004.970723738892
2019-02-15,5,5004.970723738892
2019-02-19,6,6028.457044592405
2019-02-20,5,5015.898471963858
2019-02-21,2,2016.3759047270705
2019-02-22,3,3094.2482405307364
2019-02-25,3,3188.751610899535
2019-02-26,2,2171.1488956121725
2019-02-27,2,2171.1488956121725
2019-02-28,3,3255.069932842169
2019-03-01,3,3255.069932842169
2019-03-04,3,3255.069932842169
2019-03-05,3,3255.069932842169
2019-03-06,3,3255.069932842169
2019-03-07,3,3255.069932842169
2019-03-08,3,3255.069932842169
2019-03-11,3,3255.069932842169
2019-03-12,3,3255.069932842169
2019-03-13,3,3255.069932842169
2019-03-14,6,6501.406993011301
2019-03-15,5,5414.014038768944
2019-03-18,5,5414.014038768944
2019-03-19,6,6506.433938950184
2019-03-20,6,6515.753788976725
2019-03-21,5,5433.641435587015
2019-03-22,8,8772.892443655657
2019-03-25,5,5527.9178005014755
2019-03-26,6,6617.733841046178
2019-03-27,5,5521.486948794585
2019-03-28,5,5521.486948794585
2019-03-29,6,6628.3385165621385
2019-04-01,6,6629.946341008779
2019-04-02,7,7770.946168845649
2019-04-03,5,5563.834774861554
2019-04-04,5,5563.834774861554
2019-04-05,5,5563.834774861554
2019-04-08,7,7866.195814565073
2019-04-09,6,6804.6890579269575
2019-04-10,5,5680.763360124746
2019-04-11,5,5680.763360124746
2019-04-12,5,5680.763360124746
2019-04-15,6,6818.549971553226
2019-04-16,5,5667.3694517014665
2019-04-17,6,6797.392247345046
2019-04-18,5,5645.157265636246
2019-04-22,4,4532.073596280032
2019-04-23,4,4532.073596280032
2019-04-24,4,4532.073596280032
2019-04-25,4,4505.520272864615
2019-04-26,4,4505.520272864615
2019-04-29,6,6719.062624697325
2019-04-30,5,5542.355817790823
2019-05-01,6,6666.084814350547
2019-05-02,5,5561.588305761711
2019-05-03,6,6672.95001341989
2019-05-06,6,6664.188432096579
2019-05-07,5,5542.860541598209
2019-05-08,4,4431.49883394003
2019-05-09,4,4431.49883394003
2019-05-10,6,6627.824322559931
2019-05-13,5,5523.502234527028
2019-05-14,5,5523.502234527028
2019-05-15,4,4425.339490217078
2019-05-16,4,4425.339490217078
2019-05-17,5,5509.1156565400115
2019-05-20,4,4410.952912230062
2019-05-21,3,3327.176745907127
2019-05-22,5,5532.344994987461
2019-05-23,4,4418.710600913044
2019-05-24,4,4418.710600913044
2019-05-28,4,4418.259384470441
2019-05-29,4,4418.259384470441
2019-05-30,4,4418.259384470441
2019-05-31,5,5505.390771297812
2019-06-03,5,5505.390771297812
2019-06-04,5,5505.390771297812
2019-06-05,5,5505.390771297812
2019-06-06,6,6614.123525643518
2019-06-07,6,6623.629202833718
2019-06-10,7,7790.620630395826
2019-06-11,6,6712.954861344762
2019-06-12,6,6753.168456709394
2019-06-13,6,6761.076280114328
2019-06-14,5,5623.214189160421
2019-06-17,5,5623.214189160421
2019-06-18,5,5623.214189160421
2019-06-19,8,9110.857938435343
2019-06-20,6,6933.945426045895
2019-06-21,6,6935.4294677717335
2019-06-24,6,6931.066419244151
2019-06-25,5,5767.034461093337
2019-06-26,5,5767.034461093337
2019-06-27,5,5767.034461093337
2019-06-28,5,5767.034461093337
2019-07-01,6,6939.040676873889
2019-07-02,7,8191.831989955752
2019-07-03,5,5866.736157105803
2019-07-05,7,8273.91397716543
2019-07-08,5,5975.265190504855
2019-07-09,5,5975.265190504855
2019-07-10,7,8402.65944359744
2019-07-11,5,5995.481623537811
2019-07-12,5,6011.256220537249
2019-07-15,6,7264.341598137158
2019-07-16,5,6107.249832128662
2019-07-17,5,6107.249832128662
2019-07-18,5,6107.249832128662
2019-07-19,4,4877.778108582933
2019-07-22,3,3645.681638655325
2019-07-23,4,4862.592456359146
2019-07-24,3,3648.8953298128536
2019-07-25,5,6091.844136738151
2019-07-26,5,6091.844136738151
2019-07-29,6,7304.475262334423
2019-07-30,5,6079.460170050121
2019-07-31,5,6079.460170050121
2019-08-01,6,7258.006754358758
2019-08-02,5,5997.24530760734
2019-08-05,5,5900.094910253292
2019-08-06,4,4683.184092549472
2019-08-07,4,4598.394552593954
2019-08-08,5,5742.472068199326
2019-08-09,8,9229.145202271397
2019-08-12,5,5805.445270709492
2019-08-13,5,5784.090107316274
2019-08-14,5,5784.090107316274
2019-08-15,4,4643.220892685468
2019-08-16,4,4589.103134506237
2019-08-19,4,4589.103134506237
2019-08-20,5,5728.773012152329
2019-08-21,5,5742.130690772947
2019-08-22,4,4602.460813126856
2019-08-23,4,4602.460813126856
2019-08-26,4,4602.460813126856
2019-08-27,4,4602.460813126856
2019-08-28,4,4602.460813126856
2019-08-29,4,4602.460813126856
2019-08-30,6,6894.265556680519
2019-09-03,5,5754.040004351734
2019-09-04,6,6883.532190491651
2019-09-05,6,6881.399219807593
2019-09-06,8,9226.712072044103
2019-09-09,7,8087.569038996348
2019-09-10,8,9254.688727229486
2019-09-11,7,8107.456650569539
2019-09-12,6,6966.59828255244
2019-09-13,5,5796.5425857731425
2019-09-16,5,5804.330387893146
2019-09-17,5,5804.330387893146
2019-09-18,6,6981.365129728746
2019-09-19,5,5843.5786249787225
2019-09-20,5,5843.5786249787225
2019-09-23,5,5843.5786249787225
2019-09-24,5,5843.5786249787225
2019-09-25,5,5843.5786249787225
2019-09-26,5,5843.5786249787225
2019-09-27,5,5843.5786249787225
2019-09-30,5,5843.5786249787225
2019-10-01,5,5843.5786249787225
2019-10-02,6,6982.381548204156
2019-10-03,4,4647.441247259708
2019-10-04,3,3470.4065054241073
2019-10-07,3,3470.4065054241073
2019-10-08,3,3465.642150030182
2019-10-09,3,3465.642150030182
2019-10-10,3,3413.205443561602
2019-10-11,5,5671.450456850022
2019-10-14,5,5634.163184472151
2019-10-15,6,6760.57739322383
2019-10-16,6,6803.8830614003655
2019-10-17,5,5674.760554756155
2019-10-18,5,5674.760554756155
2019-10-21,6,6799.279488152692
2019-10-22,7,7918.9144941793875
2019-10-23,7,7891.616160248266
2019-10-24,6,6738.748258025147
2019-10-25,6,6756.559651325717
2019-10-28,6,6773.149636501246
2019-10-29,6,6770.930914040536
2019-10-30,6,6774.367042749486
2019-10-31,5,5646.956967801081
2019-11-01,7,7931.684469201882
2019-11-04,7,7992.406210663935
2019-11-05,7,8037.992725406369
2019-11-06,6,6925.2534427966475
2019-11-07,5,5764.095012751077
2019-11-08,4,4602.936582705505
2019-11-11,5,5742.545916479884
2019-11-12,5,5742.545916479884
2019-11-13,5,5742.545916479884
2019-11-14,5,5752.144595436267
2019-11-15,7,8071.237338400627
2019-11-18,6,6934.311594764361
2019-11-19,5,5788.52571304878
2019-11-20,6,6965.635381014676
2019-11-21,5,5806.089009532496
2019-11-22,5,5806.089009532496
2019-11-25,5,5806.089009532496
2019-11-26,5,5806.089009532496
2019-11-27,7,8167.4356271760535
2019-11-29,5,5845.9821095688385
2019-12-02,5,5845.9821095688385
2019-12-03,5,5845.9821095688385
2019-12-04,5,5845.9821095688385
2019-12-05,6,7034.620443059814
2019-12-06,6,7039.184517846106
2019-12-09,5,5850.546184355131
2019-12-10,5,5850.546184355131
2019-12-11,5,5850.546184355131
2019-12-12,5,5850.546184355131
2019-12-13,7,8259.118806803539
2019-12-16,6,7140.769514264649
2019-12-17,6,7226.362304483961
2019-12-18,5,6022.075993259758
2019-12-19,7,8490.15154238309
2019-12-20,7,8562.2660559617
2019-12-23,8,9943.355953826454
2019-12-24,5,6247.145060885452
2019-12-26,5,6247.145060885452
2019-12-27,6,7502.923114571402
2019-12-30,5,6251.610053130174
2019-12-31,5,6251.610053130174
2020-01-02,5,6251.610053130174
2020-01-03,6,7500.58477733185
2020-01-06,5,6244.806723645899
2020-01-07,5,6244.806723645899
2020-01-08,5,6244.806723645899
2020-01-09,6,7496.698064293628
2020-01-10,6,7491.4599655751035
2020-01-13,6,7506.660437417376
2020-01-14,6,7510.146653531338
2020-01-15,5,6261.846453675808
2020-01-16,5,6261.846453675808
2020-01-17,7,8764.102287555532
2020-01-21,5,6256.0348504066715
2020-01-22,6,7499.565738806843
2020-01-23,3,3749.009705071592
2020-01-24,5,6238.725364930508
2020-01-27,4,4995.194476530336
2020-01-28,3,3750.336646600878
2020-01-29,4,4959.47495942434
2020-01-30,4,4959.47495942434
2020-01-31,4,4959.47495942434
2020-02-03,4,4959.47495942434
2020-02-04,4,4941.172355800699
2020-02-05,5,6148.751466793838
2020-02-06,6,7410.722474973578
2020-02-07,7,8629.502204043749
2020-02-10,4,4912.368517623587
2020-02-11,6,7369.841361483503
2020-02-12,7,8622.98102735994
2020-02-13,7,8657.808336039046
2020-02-14,6,7448.672064480621
2020-02-18,5,6228.54062295507
2020-02-19,5,6235.52805282657
2020-02-20,5,6248.742420282346
2020-02-21,6,7524.2033287526365
2020-02-24,5,6265.708060304099
2020-02-25,5,6265.708060304099
2020-02-26,4,5037.251244888389
2020-02-27,3,3770.797819430136
2020-02-28,2,2520.3393068554215
2020-03-02,0,0.0
2020-03-03,4,4683.3499194345295
2020-03-04,5,5840.294070353362
2020-03-05,7,8245.62499482237
2020-03-06,6,7087.482779236518
2020-03-09,5,5884.817317002013
2020-03-10,5,5884.817317002013
2020-03-11,5,5884.817317002013
2020-03-12,5,5884.817317002013
2020-03-13,5,5884.817317002013
2020-03-16,1,1170.8374798586324
2020-03-17,0,0.0
2020-03-18,4,4366.529869873781
2020-03-19,4,4366.529869873781
2020-03-20,4,4366.529869873781
2020-03-23,5,5404.309196307333
2020-03-24,3,3221.044261370442
2020-03-25,4,4296.124192278453
2020-03-26,4,4296.124192278453
2020-03-27,4,4296.124192278453
2020-03-30,4,4296.124192278453
2020-03-31,4,4296.124192278453
2020-04-01,4,4296.124192278453
2020-04-02,4,4296.124192278453
2020-04-03,4,4296.124192278453
2020-04-06,5,5416.1804450938735
2020-04-07,5,5486.9512660461805
2020-04-08,4,4411.87133513817
2020-04-09,7,7915.287074598809
2020-04-13,7,8119.076454220607
2020-04-14,5,5783.465961246846
2020-04-15,5,5783.465961246846
2020-04-16,5,5783.465961246846
2020-04-17,5,5783.465961246846
2020-04-20,5,5783.465961246846
2020-04-21,5,5783.465961246846
2020-04-22,5,5783.465961246846
2020-04-23,5,5783.465961246846
2020-04-24,5,5783.465961246846
2020-04-27,5,5783.465961246846
2020-04-28,5,5783.465961246846
2020-04-29,6,6997.410511603193
2020-04-30,7,8382.15968932791
2020-05-01,5,6000.409892484684
2020-05-04,5,6000.409892484684
2020-05-05,5,6000.409892484684
2020-05-06,6,7236.815851706804
2020-05-07,5,6116.759598891384
2020-05-08,5,6116.759598891384
2020-05-11,6,7405.907251651695
2020-05-12,4,4931.310469832994
2020-05-13,4,4939.648334982687
2020-05-14,3,3737.6623377446363
2020-05-15,4,5022.86775966976
2020-05-18,4,5022.86775966976
2020-05-19,6,7629.670484235972
2020-05-20,5,6357.663381407832
2020-05-21,8,10277.755575476429
2020-05-22,5,6425.479553589752
2020-05-26,5,6425.479553589752
2020-05-27,7,9126.958814305823
2020-05-28,7,9238.133703146208
2020-05-29,5,6583.992710505066
2020-06-01,5,6583.992710505066
2020-06-02,5,6583.992710505066
2020-06-03,4,5233.25308014703
2020-06-04,6,8006.789443818788
2020-06-05,6,8324.832950419264
2020-06-08,5,6938.064768583385
2020-06-09,1,1458.5275077787771
2020-06-10,1,1458.5275077787771
2020-06-11,1,1458.5275077787771
2020-06-12,1,1458.5275077787771
2020-06-15,1,1458.5275077787771
2020-06-16,1,1458.5275077787771
2020-06-17,1,1458.5275077787771
2020-06-18,1,1458.5275077787771
2020-06-19,1,1458.5275077787771
2020-06-22,1,1458.5275077787771
2020-06-23,1,1458.5275077787771
2020-06-24,1,1458.5275077787771
2020-06-25,0,0.0
2020-06-26,0,0.0
2020-06-29,0,0.0
2020-06-30,0,0.0
2020-07-01,1,1431.536592922603
2020-07-02,1,1431.536592922603
2020-07-06,2,2869.427814010516
2020-07-07,5,7163.472270660129
2020-07-08,4,5728.758363654871
2020-07-09,5,7156.795303536448
2020-07-10,4,5725.4471513199105
2020-07-13,5,7128.132201801992
2020-07-14,5,7128.132201801992
2020-07-15,4,5725.4471513199105
2020-07-16,6,8561.79231768351
2020-07-17,6,8541.956513296709
2020-07-20,5,7123.78393011491
2020-07-21,5,7123.78393011491
2020-07-22,5,7123.78393011491
2020-07-23,5,7123.78393011491
2020-07-24,6,8541.1220578857
2020-07-27,5,7126.243955267241
2020-07-28,5,7126.243955267241
2020-07-29,5,7126.243955267241
2020-07-30,5,7126.243955267241
2020-07-31,5,7126.243955267241
2020-08-03,5,7126.243955267241
2020-08-04,6,8542.84811367403
2020-08-05,5,7111.499961457492
2020-08-06,5,7111.499961457492
2020-08-07,5,7111.499961457492
2020-08-10,5,7169.627454334377
2020-08-11,8,11758.948782550282
2020-08-12,6,8978.860048834134
2020-08-13,2,2971.36613743643
2020-08-14,2,2969.7400147108465
2020-08-17,2,2969.7400147108465
2020-08-18,1,1416.6041584067889
2020-08-19,2,2980.9415668408733
2020-08-20,2,2980.9415668408733
2020-08-21,2,2980.9415668408733
2020-08-24,2,2980.9415668408733
2020-08-25,3,4550.0804378419925
2020-08-26,3,4550.0804378419925
2020-08-27,3,4550.0804378419925
2020-08-28,3,4558.191808824435
2020-08-31,6,9306.795758225016
2020-09-01,5,7734.34697880849
2020-09-02,5,7734.34697880849
2020-09-03,6,9293.816639124112
2020-09-04,5,7710.948655990585
2020-09-08,5,7710.948655990585
2020-09-09,5,7710.948655990585
2020-09-10,4,6139.779834266011
2020-09-11,4,6139.779834266011
2020-09-14,3,4570.64096326489
2020-09-15,3,4570.64096326489
2020-09-16,3,4570.64096326489
2020-09-17,4,6152.384702808565
2020-09-18,3,4569.516719675037
2020-09-21,3,4557.220751440231
2020-09-22,4,6130.3982555643415
2020-09-23,4,6130.3982555643415
2020-09-24,4,6130.3982555643415
2020-09-25,4,6235.492048414321
2020-09-28,4,6235.492048414321
2020-09-29,5,7802.376991328439
2020-09-30,6,9363.332531334672
2020-10-01,5,7796.447588420556
2020-10-02,6,9362.45186354913
2020-10-05,5,7791.283041824554
2020-10-06,7,11015.018238110295
2020-10-07,6,9532.746726522935
2020-10-08,8,12823.616254228273
2020-10-09,8,12961.742500084823
2020-10-12,6,9692.764172937283
2020-10-13,8,13016.737799480969
2020-10-14,5,8174.737863203553
2020-10-15,5,8174.737863203553
2020-10-16,6,9801.332563806332
2020-10-19,5,8162.539197538453
2020-10-20,3,4962.766992811565
2020-10-21,3,4962.766992811565
2020-10-22,4,6610.913980571187
2020-10-23,6,9983.437236322014
2020-10-26,7,11668.451949349786
2020-10-27,5,8344.711988249717
2020-10-28,5,8344.711988249717
2020-10-29,4,6669.119014909267
2020-10-30,3,5014.863350638746
2020-11-02,3,5014.863350638746
2020-11-03,4,6648.811837967647
2020-11-04,5,8282.171658493477
2020-11-05,5,8268.371481652932
2020-11-06,5,8265.483995388568
2020-11-09,4,6645.335684900209
2020-11-10,8,13530.981324556777
2020-11-11,8,13786.510959076477
2020-11-12,6,10399.389151248277
2020-11-13,5,8657.631702555125
2020-11-16,6,10418.094687838287
2020-11-17,9,15717.170809522233
2020-11-18,6,10568.115002594026
2020-11-19,5,8807.90660999975
2020-11-20,5,8817.224789759497
2020-11-23,5,8817.224789759497
2020-11-24,5,8817.224789759497
2020-11-25,3,5287.489824811202
2020-11-27,2,3511.318609582433
2020-11-30,2,3511.318609582433
2020-12-01,1,1751.1102169881583
2020-12-02,1,1751.1102169881583
2020-12-03,1,1751.1102169881583
2020-12-04,1,1751.1102169881583
2020-12-07,1,1751.1102169881583
2020-12-08,3,5341.327885045612
2020-12-09,3,5341.327885045612
2020-12-10,2,3546.2190510168853
2020-12-11,2,3546.2190510168853
2020-12-14,2,3546.2190510168853
2020-12-15,2,3546.2190510168853
2020-12-16,4,7163.42495601163
2020-12-17,5,8980.146689369689
2020-12-18,6,10856.263828467323
2020-12-21,4,7230.939142611891
2020-12-22,3,5395.326156048711
2020-12-23,3,5413.723324909712
2020-12-24,3,5413.723324909712
2020-12-28,3,5413.723324909712
2020-12-29,3,5413.723324909712
2020-12-30,3,5413.723324909712
2020-12-31,3,5413.723324909712
2021-01-04,3,5413.723324909712
2021-01-05,5,9070.059822112014
2021-01-06,6,10884.842603708636
2021-01-07,6,10882.183149706363
2021-01-08,5,9062.44306471852
2021-01-11,5,9062.44306471852
2021-01-12,5,9062.44306471852
2021-01-13,5,9062.44306471852
2021-01-14,5,9073.641471753504
2021-01-15,5,9073.641471753504
2021-01-19,4,7252.163331422644
2021-01-20,4,7344.997778041301
2021-01-21,4,7344.997778041301
2021-01-22,4,7350.534551604947
2021-01-25,5,9202.549868489987
2021-01-26,5,9228.97400811894
2021-01-27,7,12968.031090336968
2021-01-28,4,7413.110075294141
2021-01-29,2,3717.8890096545224
2021-02-01,2,3717.8890096545224
2021-02-02,2,3717.8890096545224
2021-02-03,5,9296.716638137075
2021-02-04,5,9296.716638137075
2021-02-05,5,9296.716638137075
2021-02-08,5,9296.716638137075
2021-02-09,5,9296.716638137075
2021-02-10,5,9296.716638137075
2021-02-11,6,11144.482619394672
2021-02-12,5,9284.873409900489
2021-02-16,5,9284.873409900489
2021-02-17,6,11097.744533877209
2021-02-18,6,11051.471712834733
2021-02-19,5,9238.600588858013
2021-02-22,5,9238.600588858013
2021-02-23,6,11034.064982625927
2021-02-24,6,10991.610863019867
2021-02-25,5,9196.146469251953
2021-02-26,4,7390.834607600415
2021-03-01,4,7390.834607600415
2021-03-02,4,7339.190198401074
2021-03-03,5,9139.117560393272
2021-03-04,4,7342.401501047106
2021-03-05,3,5542.474139054908
2021-03-08,4,7369.955744853974
2021-03-09,6,11042.960276071528
2021-03-10,5,9173.431734962513
2021-03-11,7,12848.742976049802
2021-03-12,7,12836.757921983948
2021-03-15,5,9161.44668089666
2021-03-16,5,9161.44668089666
2021-03-17,6,11014.836366753389
2021-03-18,5,9184.32662817754
2021-03-19,4,7330.936942320809
2021-03-22,4,7364.490981459569
2021-03-23,5,9225.720502795764
2021-03-24,6,11094.829848075125
2021-03-25,5,9233.600326738931
2021-03-26,6,11084.86627762564
2021-03-29,6,11163.890993019351
2021-03-30,5,9294.78164773999
2021-03-31,5,9294.78164773999
2021-04-01,5,9294.78164773999
2021-04-05,6,11192.600260038089
2021-04-06,7,13163.992014158315
2021-04-07,5,9435.663663284366
2021-04-08,5,9435.663663284366
2021-04-09,6,11359.1367289274
2021-04-12,6,11374.993118240554
2021-04-13,6,11469.582900666705
2021-04-14,5,9537.512811824527
2021-04-15,6,11485.298551470318
2021-04-16,6,11574.756427456135
2021-04-19,4,7703.497622167309
2021-04-20,2,3870.4126914493613
2021-04-21,2,3870.4126914493613
2021-04-22,2,3870.4126914493613
2021-04-23,2,3870.4126914493613
2021-04-26,2,3932.4487379938687
2021-04-27,4,7971.111582748454
2021-04-28,3,6054.897883219427
2021-04-29,1,2019.3314223772925
2021-04-30,1,2019.3314223772925
2021-05-03,1,2019.3314223772925
2021-05-04,3,6029.024381102761
2021-05-05,3,6029.024381102761
2021-05-06,4,8078.186916774562
2021-05-07,3,6122.696907703942
2021-05-10,6,12342.106044757467
2021-05-11,5,10292.943509085666
2021-05-12,4,8273.612086708374
2021-05-13,4,8273.612086708374
2021-05-14,4,8273.612086708374
2021-05-17,4,8273.612086708374
2021-05-18,4,8273.612086708374
2021-05-19,3,6200.4757076905325
2021-05-20,3,6200.4757076905325
2021-05-21,5,10178.413934009406
2021-05-24,5,10178.413934009406
2021-05-25,6,12177.84239940195
2021-05-26,5,10188.873286242513
2021-05-27,6,12174.443782608105
2021-05-28,5,10120.240832953257
2021-06-01,6,12130.926155664138
2021-06-02,6,12182.38886425574
2021-06-03,5,10109.252485237897
2021-06-04,5,10109.252485237897
2021-06-07,5,10109.252485237897
2021-06-08,5,10106.828801190399
2021-06-09,5,10106.828801190399
2021-06-10,4,8098.567162527017
2021-06-11,5,10099.458621171992
2021-06-14,4,8100.030155779449
2021-06-15,5,10099.251012360673
2021-06-16,5,10099.251012360673
2021-06-17,5,10099.251012360673
2021-06-18,7,14078.802683071897
2021-06-21,5,10005.610146440957
2021-06-22,5,9973.05972499996
2021-06-23,6,11942.31932761366
2021-06-24,5,9952.543492258048
2021-06-25,6,11949.148316970484
2021-06-28,5,9959.372481614872
2021-06-29,6,11955.658995629989
2021-06-30,6,11969.91762693267
2021-07-01,6,11962.16526758674
2021-07-02,5,9951.301811571622
2021-07-06,5,9951.301811571622
2021-07-07,6,11901.860566286974
2021-07-08,6,11797.990185130211
2021-07-09,5,9847.43143041486
2021-07-12,6,11706.793385057452
2021-07-13,5,9773.63056125702
2021-07-14,5,9773.63056125702
2021-07-15,5,9715.71168787539
2021-07-16,5,9715.71168787539
2021-07-19,7,13535.876264429638
2021-07-20,4,7687.92399750476
2021-07-21,4,7631.432942016349
2021-07-22,4,7631.432942016349
2021-07-23,4,7631.432942016349
2021-07-26,4,7631.432942016349
2021-07-27,4,7631.432942016349
2021-07-28,4,7631.432942016349
2021-07-29,4,7631.432942016349
2021-07-30,4,7631.432942016349
2021-08-02,4,7631.432942016349
2021-08-03,4,7631.432942016349
2021-08-04,5,9513.686600371688
2021-08-05,4,7636.297945384842
2021-08-06,4,7636.297945384842
2021-08-09,5,9519.562599582732
2021-08-10,5,9519.132322112402
2021-08-11,5,9534.917768417024
2021-08-12,6,11484.998026897476
2021-08-13,5,9585.947926394965
2021-08-16,5,9587.282174293825
2021-08-17,5,9587.282174293825
2021-08-18,3,5756.448337374082
2021-08-19,4,7645.1138475398575
2021-08-20,5,9532.508299245135
2021-08-23,6,11456.003014332067
2021-08-24,4,7679.943052461015
2021-08-25,5,9627.348450396728
2021-08-26,6,11567.744933089669
2021-08-27,5,9632.294876578348
2021-08-30,6,11585.867385588866
2021-08-31,6,11591.823909831792
2021-09-01,5,9638.251400821273
2021-09-02,6,11576.668825625278
2021-09-03,7,13532.921138790864
2021-09-07,6,11646.004299233851
2021-09-08,5,9704.143605849797
2021-09-09,4,7796.869750320024
2021-09-10,5,9773.355722912194
2021-09-13,5,9773.355722912194
2021-09-14,5,9773.355722912194
2021-09-15,5,9773.355722912194
2021-09-16,5,9773.355722912194
2021-09-17,6,11728.43637592114
2021-09-20,5,9751.950403328969
2021-09-21,5,9751.950403328969
2021-09-22,5,9751.950403328969
2021-09-23,5,9670.477979804
2021-09-24,7,13510.732368914581
2021-09-27,6,11588.811740386249
2021-09-28,8,15638.840188052103
2021-09-29,5,9870.133728068287
2021-09-30,5,9870.133728068287
2021-10-01,5,9870.133728068287
2021-10-04,4,7892.129644166987
2021-10-05,4,7892.129644166987
2021-10-06,6,11739.965884948939
2021-10-07,6,11714.638429696079
2021-10-08,6,11759.196688053476
2021-10-11,6,11801.927349217844
2021-10-12,5,9833.45097046947
2021-10-13,6,11787.193388880643
2021-10-14,6,11793.743867994874
2021-10-15,7,13838.129418454013
2021-10-18,8,15876.931854945757
2021-10-19,7,13963.601007291238
2021-10-20,5,9987.148790084737
2021-10-21,7,14036.745852171482
2021-10-22,7,14070.35491009609
2021-10-25,8,16078.219260270982
2021-10-26,6,12030.077465126316
2021-10-27,5,10052.073381225018
2021-10-28,6,12002.6716069344
2021-10-29,7,13853.523490905169
2021-11-01,6,11895.922816507624
2021-11-02,6,11983.030557219949
2021-11-03,6,12029.756987742361
2021-11-04,7,14072.909858486095
2021-11-05,5,10065.158650624788
2021-11-08,6,12125.499946516537
2021-11-09,5,10168.048342373952
2021-11-10,5,10168.048342373952
2021-11-11,5,10171.949831631757
2021-11-12,6,12226.374645520993
2021-11-15,5,10182.518537721671
2021-11-16,4,8227.062822134847
2021-11-17,4,8265.984721456087
2021-11-18,4,8260.81768160855
2021-11-19,4,8260.81768160855
2021-11-22,4,8260.81768160855
2021-11-23,5,10312.116410435812
2021-11-24,5,10276.868684963116
2021-11-26,5,10276.868684963116
2021-11-29,5,10276.868684963116
2021-11-30,5,10276.868684963116
2021-12-01,5,10276.868684963116
2021-12-02,3,6185.144556700652
2021-12-03,2,4001.4689178987355
2021-12-06,2,4001.4689178987355
2021-12-07,4,7927.972679219561
2021-12-08,6,11865.865003487535
2021-12-09,4,7939.361242166708
2021-12-10,4,7939.361242166708
2021-12-13,5,9894.69074869647
2021-12-14,4,7925.744586562483
2021-12-15,5,9785.113158962262
2021-12-16,7,13755.409808823277
2021-12-17,7,13832.83882114472
2021-12-20,6,11880.49768745019
2021-12-21,5,9895.349362519682
2021-12-22,5,9895.349362519682
2021-12-23,6,11882.041137200084
2021-12-27,6,11903.66307955134
2021-12-28,6,11924.050273841469
2021-12-29,6,11948.452418465466
2021-12-30,5,9936.598798172117
2021-12-31,4,7918.63603214389
2022-01-03,4,7918.63603214389
2022-01-04,5,9953.464546596528
2022-01-05,9,18247.906032418454
2022-01-06,5,10279.589810752432
2022-01-07,6,12328.66819779773
2022-01-10,6,12316.623215047293
2022-01-11,5,10243.012843591812
2022-01-12,4,8193.934456546514
2022-01-13,4,8200.441251013272
2022-01-14,5,10269.445429171774
2022-01-18,5,10269.445429171774
2022-01-19,5,10269.445429171774
2022-01-20,5,10296.951717480373
2022-01-21,5,10296.951717480373
2022-01-24,4,8235.386328775328
2022-01-25,3,6166.382150616827
2022-01-26,4,8051.6933463165515
2022-01-27,4,8051.6933463165515
2022-01-28,4,7839.468682933948
2022-01-31,4,7839.468682933948
2022-02-01,6,11555.785808705295
2022-02-02,5,9746.412067187635
2022-02-03,4,7888.253504301962
2022-02-04,5,9734.357003393014
2022-02-07,5,9493.757890143992
2022-02-08,4,7420.147518688511
2022-02-09,6,11082.298519327085
2022-02-10,6,11089.446672095051
2022-02-11,6,11085.77298640619
2022-02-14,5,9254.697486086903
2022-02-15,4,7378.330082048334
2022-02-16,5,9178.01215271213
2022-02-17,5,9149.64023888477
2022-02-18,4,7349.958168220973
2022-02-22,4,7349.958168220973
2022-02-23,4,7349.958168220973
2022-02-24,4,7349.958168220973
2022-02-25,3,5378.052834263923
2022-02-28,4,7072.309977653105
2022-03-01,4,7072.309977653105
2022-03-02,4,7072.309977653105
2022-03-03,5,8797.412804833106
2022-03-04,6,10519.255116222495
2022-03-07,7,12240.866007140196
2022-03-08,6,10503.941712968808
2022-03-09,2,3389.8407765503134
2022-03-10,2,3389.8407765503134
2022-03-11,2,3389.8407765503134
2022-03-14,3,5062.642292947798
2022-03-15,3,5062.642292947798
2022-03-16,4,6734.630026338836
2022-03-17,4,6734.630026338836
2022-03-18,7,11786.343826619759
2022-03-21,8,13478.386060652236
2022-03-22,6,10114.693903808176
2022-03-23,5,8442.299278913915
2022-03-24,4,6754.277635477052
2022-03-25,5,8427.48281157145
2022-03-28,5,8427.48281157145
2022-03-29,6,10127.765273795208
2022-03-30,9,15361.237814163022
2022-03-31,5,8601.363533675229
2022-04-01,5,8601.363533675229
2022-04-04,5,8601.363533675229
2022-04-05,6,10260.105990032618
2022-04-06,5,8532.690312852967
2022-04-07,5,8402.022801117413
2022-04-08,5,8314.703435756544
2022-04-11,5,8297.612830195121
2022-04-12,4,6570.197153015469
2022-04-13,4,6570.197153015469
2022-04-14,4,6570.197153015469
2022-04-18,4,6570.197153015469
2022-04-19,4,6570.197153015469
2022-04-20,4,6575.418555268645
2022-04-21,5,8167.697085125356
2022-04-22,5,8148.035720362445
2022-04-25,4,6555.757190505735
2022-04-26,2,3331.7971367754044
2022-04-27,2,3331.7971367754044
2022-04-28,2,3125.7643459432293
2022-04-29,5,7709.83412109575
2022-05-02,5,7709.83412109575
2022-05-03,5,7709.83412109575
2022-05-04,5,7709.83412109575
2022-05-05,4,6188.451234748274
2022-05-06,4,6188.451234748274
2022-05-09,5,7713.348500538828
2022-05-10,5,7713.348500538828
2022-05-11,5,7713.348500538828
2022-05-12,5,7713.348500538828
2022-05-13,5,7713.348500538828
2022-05-16,5,7713.348500538828
2022-05-17,5,7713.348500538828
2022-05-18,5,7730.371902828974
2022-05-19,5,7730.371902828974
2022-05-20,4,6202.348644444801
2022-05-23,6,8999.657194429845
2022-05-24,5,7276.906495046858
2022-05-25,6,8634.44031129324
2022-05-26,6,8617.5397277439
2022-05-27,4,5861.351636504996
2022-05-31,5,7317.817812599397
2022-06-01,4,5919.163537606875
2022-06-02,4,5919.163537606875
2022-06-03,6,8853.159991802959
2022-06-06,5,7311.239323722259
2022-06-07,5,7334.103249228547
2022-06-08,7,10310.364950289973
2022-06-09,5,7364.036621591242
2022-06-10,5,7364.036621591242
2022-06-13,5,7364.036621591242
2022-06-14,4,5836.013363207068
2022-06-15,2,2976.2617010614267
2022-06-16,1,1488.1308505307134
2022-06-17,1,1488.1308505307134
2022-06-21,0,0.0
2022-06-22,3,4022.2249304217794
2022-06-23,4,5369.036737052078
2022-06-24,6,8104.357110669769
2022-06-27,8,10932.784113173288
2022-06-28,5,6856.7220960816685
2022-06-29,5,6856.7220960816685
2022-06-30,5,6856.7220960816685
2022-07-01,5,6856.7220960816685
2022-07-05,5,6856.7220960816685
2022-07-06,5,6856.7220960816685
2022-07-07,6,8234.655426688758
2022-07-08,8,11036.513979455849
2022-07-11,6,8296.893361965755
2022-07-12,5,6903.275473326079
2022-07-13,5,6883.858825881363
2022-07-14,5,6883.858825881363
2022-07-15,5,6883.858825881363
2022-07-18,6,8239.813591708084
2022-07-19,5,6860.818478556148
2022-07-20,6,8257.99832551291
2022-07-21,7,9726.487072132162
2022-07-22,7,9778.51333532872
2022-07-25,6,8370.928524799489
2022-07-26,5,6949.51652540299
2022-07-27,5,6949.51652540299
2022-07-28,7,9789.894729583879
2022-07-29,7,9831.092655745473
2022-08-01,7,9849.30482089294
2022-08-02,6,8417.657151445628
2022-08-03,6,8439.493563976841
2022-08-04,6,8539.841383859242
2022-08-05,5,7090.374986750706
2022-08-08,5,7090.374986750706
2022-08-09,6,8589.456526759466
2022-08-10,5,7115.55546800722
2022-08-11,5,7115.55546800722
2022-08-12,5,7115.55546800722
2022-08-15,6,8636.7665347176
2022-08-16,5,7137.684994708839
2022-08-17,6,8671.819643198365
2022-08-18,5,7300.030284238341
2022-08-19,5,7300.030284238341
2022-08-22,3,4429.546956394865
2022-08-23,3,4429.546956394865
2022-08-24,3,4429.546956394865
2022-08-25,3,4429.546956394865
2022-08-26,3,4429.546956394865
2022-08-29,3,4429.546956394865
2022-08-30,3,4429.546956394865
2022-08-31,2,2895.412307905341
2022-09-01,2,2895.412307905341
2022-09-02,2,2895.412307905341
2022-09-06,2,2895.412307905341
2022-09-07,2,2850.571053708575
2022-09-08,6,8768.856350331258
2022-09-09,5,7292.486537817642
2022-09-12,5,7409.354735620505
2022-09-13,5,7412.7180695721645
2022-09-14,4,5921.648630574341
2022-09-15,4,5921.648630574341
2022-09-16,4,5907.744007655006
2022-09-19,4,5907.744007655006
2022-09-20,4,5907.744007655006
2022-09-21,3,4442.077306418671
2022-09-22,3,4442.077306418671
2022-09-23,3,4442.077306418671
2022-09-26,1,1479.5713241556705
2022-09-27,1,1479.5713241556705
2022-09-28,1,1479.5713241556705
2022-09-29,1,1479.5713241556705
2022-09-30,2,2859.508407942931
2022-10-03,2,2859.508407942931
2022-10-04,2,2859.508407942931
2022-10-05,6,8489.120927866019
2022-10-06,5,7051.340129761021
2022-10-07,6,8563.41799187302
2022-10-10,5,7156.0148618922485
2022-10-11,5,7156.0148618922485
2022-10-12,5,7156.0148618922485
2022-10-13,5,7156.0148618922485
2022-10-14,6,8588.873292674078
2022-10-17,5,7181.470162693306
2022-10-18,5,7181.470162693306
2022-10-19,5,7181.470162693306
2022-10-20,5,7181.470162693306
2022-10-21,6,8614.465742597627
2022-10-24,6,8641.064407974793
2022-10-25,6,8695.517654804278
2022-10-26,7,10296.179748935485
2022-10-27,5,7348.990426155293
2022-10-28,6,8861.405214057113
2022-10-31,8,11950.781869798513
2022-11-01,5,7486.579876913659
2022-11-02,7,10622.705446696558
2022-11-03,5,7623.152867021339
2022-11-04,5,7623.152867021339
2022-11-07,7,10764.685677503763
2022-11-08,8,12373.082470815461
2022-11-09,6,9264.375678615927
2022-11-10,5,7692.285124671933
2022-11-11,9,14388.079801368609
2022-11-14,9,15173.364372409567
2022-11-15,5,8477.569695712891
2022-11-16,5,8477.569695712891
2022-11-17,6,10149.844041342632
2022-11-18,5,8577.20593943091
2022-11-21,5,8577.20593943091
2022-11-22,5,8577.20593943091
2022-11-23,6,10245.409277356619
2022-11-25,5,8573.134931726876
2022-11-28,5,8573.134931726876
2022-11-29,5,8573.134931726876
2022-11-30,5,8573.134931726876
2022-12-01,6,10277.756615651178
2022-12-02,5,8551.523717200886
2022-12-05,5,8551.523717200886
2022-12-06,5,8551.523717200886
2022-12-07,5,8551.523717200886
2022-12-08,5,8551.523717200886
2022-12-09,5,8551.523717200886
2022-12-12,5,8551.523717200886
2022-12-13,5,8551.523717200886
2022-12-14,5,8551.523717200886
2022-12-15,4,6825.290818750595
2022-12-16,4,6825.290818750595
2022-12-19,2,3452.465796900584
2022-12-20,2,3452.465796900584
2022-12-21,1,1726.232898450292
2022-12-22,1,1726.232898450292
2022-12-23,1,1726.232898450292
2022-12-27,1,1726.232898450292
2022-12-28,1,1726.232898450292
2022-12-29,1,1726.232898450292
2022-12-30,2,3360.7090264558656
2023-01-03,1,1634.4761280055736
2023-01-04,2,3277.513800841441
2023-01-05,5,8227.701315864158
2023-01-06,6,9897.239401561708
2023-01-09,9,15109.974134057007
2023-01-10,8,13702.566924196435
2023-01-11,7,12085.593847580169
2023-01-12,7,12135.820755207003
2023-01-13,7,12138.4133699296
2023-01-17,7,12104.104506319203
2023-01-18,6,10360.247198252475
2023-01-19,5,8625.561474619397
2023-01-20,5,8625.561474619397
2023-01-23,5,8625.561474619397
2023-01-24,7,12178.303619838398
2023-01-25,5,8680.902968487851
2023-01-26,5,8709.125729820955
2023-01-27,5,8709.125729820955
2023-01-30,6,10537.90151953319
2023-01-31,5,8774.99303456701
2023-02-01,9,16144.923851629112
2023-02-02,7,12794.89460946063
2023-02-03,7,12802.454166255442
2023-02-06,6,10960.135123118913
2023-02-07,6,10950.360593733578
2023-02-08,5,9111.128439099779
2023-02-09,6,10954.283862294154
2023-02-10,5,9210.871267665952
2023-02-13,6,11056.9909070343
2023-02-14,6,11077.38970809125
2023-02-15,5,9231.270068722904
2023-02-16,5,9231.270068722904
2023-02-17,5,9231.270068722904
2023-02-21,5,9231.270068722904
2023-02-22,5,9231.270068722904
2023-02-23,5,9231.270068722904
2023-02-24,5,9231.270068722904
2023-02-27,5,9231.270068722904
2023-02-28,5,9231.270068722904
2023-03-01,5,9231.270068722904
2023-03-02,4,7385.0075860599745
2023-03-03,5,9166.849984362305
2023-03-06,5,9099.021311677157
2023-03-07,4,7317.178913374829
2023-03-08,3,5542.524881794449
2023-03-09,1,1853.1069759371428
2023-03-10,1,1853.1069759371428
2023-03-13,1,1853.1069759371428
2023-03-14,1,1853.1069759371428
2023-03-15,4,6853.2995591684785
2023-03-16,6,10303.38914510981
2023-03-17,7,12142.904976659602
2023-03-20,5,8704.535293896817
2023-03-21,5,8704.535293896817
2023-03-22,5,8704.535293896817
2023-03-23,5,8704.535293896817
2023-03-24,5,8704.535293896817
2023-03-27,4,6979.49050092615
2023-03-28,4,6979.49050092615
2023-03-29,4,6979.49050092615
2023-03-30,4,6979.49050092615
2023-03-31,4,6979.49050092615
2023-04-03,6,10439.764195649688
2023-04-04,6,10391.746789282803
2023-04-05,5,8661.609941921035
2023-04-06,5,8661.609941921035
2023-04-10,5,8661.609941921035
2023-04-11,6,10392.80729819624
2023-04-12,9,15737.176372644373
2023-04-13,5,8831.137445354045
2023-04-14,5,8831.137445354045
2023-04-17,5,8831.137445354045
2023-04-18,7,12339.527051643166
2023-04-19,6,10560.930681606776
2023-04-20,5,8806.735878462216
2023-04-21,6,10566.691400989233
2023-04-24,5,8812.496597844673
2023-04-25,5,8817.41708687474
2023-04-26,4,7048.479859797399
2023-04-27,5,8765.069833784837
2023-04-28,6,10465.533401796296
2023-05-01,7,12260.752648780588
2023-05-02,7,12300.374342273493
2023-05-03,5,8788.565121301763
2023-05-04,4,6988.920716700322
2023-05-05,4,6985.553434506841
2023-05-08,5,8751.517137313396
2023-05-09,6,10499.661879028472
2023-05-10,5,8749.723809144849
2023-05-11,6,10517.29977534565
2023-05-12,4,7027.810161200812
2023-05-15,5,8761.719185270078
2023-05-16,6,10512.458986595468
2023-05-17,6,10500.202155897046
2023-05-18,7,12244.650881586627
2023-05-19,5,8772.258886890391
2023-05-22,5,8772.258886890391
2023-05-23,5,8772.258886890391
2023-05-24,6,10479.611014467437
2023-05-25,5,8729.672944583812
2023-05-26,5,8729.672944583812
2023-05-30,5,8729.672944583812
2023-05-31,5,8729.672944583812
2023-06-01,5,8729.672944583812
2023-06-02,5,8729.672944583812
2023-06-05,5,8729.672944583812
2023-06-06,5,8729.672944583812
2023-06-07,6,10401.611991606651
2023-06-08,6,10337.825044321691
2023-06-09,5,8630.472916744646
2023-06-12,5,8630.472916744646
2023-06-13,7,12005.841533481993
2023-06-14,6,10247.004896552922
2023-06-15,5,8559.320588184248
2023-06-16,7,11954.106936122773
2023-06-20,5,8594.483580731261
2023-06-21,6,10261.432251528799
2023-06-22,5,8506.524663457087
2023-06-23,5,8506.524663457087
2023-06-26,5,8506.524663457087
2023-06-27,6,10201.605779417385
2023-06-28,6,10217.708805722928
2023-06-29,5,8561.836935732195
2023-06-30,7,11997.894198358295
2023-07-03,7,12036.75127032342
2023-07-05,5,8600.69400769732
2023-07-06,5,8625.799384147525
2023-07-07,5,8625.799384147525
2023-07-10,6,10348.002891623022
2023-07-11,5,8626.798810272276
2023-07-12,5,8695.669515494968
2023-07-13,5,8725.624914633705
2023-07-14,8,13856.398748478538
2023-07-17,5,8552.488024237211
2023-07-18,5,8542.302349972917
2023-07-19,5,8520.15920259392
2023-07-20,6,10216.6218442518
2023-07-21,7,11952.547282325275
2023-07-24,8,13723.41081630894
2023-07-25,5,8589.255681594406
2023-07-26,5,8589.255681594406
2023-07-27,5,8624.123387645268
2023-07-28,4,6915.9053975276975
2023-07-31,5,8644.17270180291
2023-08-01,5,8644.17270180291
2023-08-02,5,8644.17270180291
2023-08-03,5,8644.17270180291
2023-08-04,4,6918.805975333273
2023-08-07,3,5196.3398266692075
2023-08-08,4,6914.389210232729
2023-08-09,4,6914.389210232729
2023-08-10,4,6914.389210232729
2023-08-11,4,6914.389210232729
2023-08-14,4,6914.389210232729
2023-08-15,5,8606.760606816753
2023-08-16,5,8606.760606816753
2023-08-17,4,6893.12136133211
2023-08-18,3,5135.787506617185
2023-08-21,3,5108.219213984759
2023-08-22,5,8506.341810513675
2023-08-23,5,8506.341810513675
2023-08-24,5,8506.341810513675
2023-08-25,4,6808.543376676463
2023-08-28,5,8496.408163969583
2023-08-29,6,10192.618337289692
2023-08-30,5,8492.037701549398
2023-08-31,5,8492.037701549398
2023-09-01,5,8492.037701549398
2023-09-05,5,8492.037701549398
2023-09-06,6,10179.758930913129
2023-09-07,6,10163.7470450747
2023-09-08,7,11806.154068259288
2023-09-11,5,8422.222665575448
2023-09-12,6,10090.408042226509
2023-09-13,6,10063.683548598008
2023-09-14,7,11691.34659520867
2023-09-15,7,11691.29668494021
2023-09-18,6,10028.094595535358
2023-09-19,5,8358.659781981798
2023-09-20,5,8358.659781981798
2023-09-21,5,8358.659781981798
2023-09-22,6,9968.073955326805
2023-09-25,4,6604.968398018258
2023-09-26,2,3275.912464208512
2023-09-27,2,3275.912464208512
2023-09-28,3,4861.170504550285
2023-09-29,4,6452.27509266776
2023-10-02,4,6444.687181243775
2023-10-03,5,8009.997988233905
2023-10-04,5,8009.997988233905
2023-10-05,5,8009.997988233905
2023-10-06,6,9533.43131501134
2023-10-09,5,7810.124858132633
2023-10-10,6,9227.526540060475
2023-10-11,6,9249.60752522762
2023-10-12,6,9257.343809625758
2023-10-13,5,7726.760183483685
2023-10-16,5,7670.026240506923
2023-10-17,5,7563.625421681088
2023-10-18,4,6096.926037880415
2023-10-19,5,7546.039685366382
2023-10-20,4,6024.89547333182
2023-10-23,4,6024.89547333182
2023-10-24,4,5859.646494724646
2023-10-25,4,5859.646494724646
2023-10-26,4,5859.646494724646
2023-10-27,5,7280.4582622236885
2023-10-30,4,5831.34461473772
2023-10-31,4,5831.34461473772
2023-11-01,4,5831.34461473772
2023-11-02,6,8685.725805341282
2023-11-03,7,10148.428212241413
2023-11-06,8,11534.07077331231
2023-11-07,4,5777.835578839478
2023-11-08,6,8643.8224035211
2023-11-09,5,7201.742042184733
2023-11-10,5,7201.742042184733
2023-11-13,6,8621.567109024296
2023-11-14,6,8604.725719388389
2023-11-15,5,7153.131224558014
2023-11-16,7,10068.538808141127
2023-11-17,5,7215.720328960753
2023-11-20,5,7215.720328960753
2023-11-21,6,8676.29232828621
2023-11-22,7,10151.49840420225
2023-11-24,8,11679.593621659595
2023-11-27,6,8813.825707987511
2023-11-28,5,7331.702038462725
2023-11-29,6,8813.444647803746
2023-11-30,7,10252.619481005822
2023-12-01,6,8750.49807203608
2023-12-04,7,10268.378590005537
2023-12-05,5,7344.814161530412
2023-12-06,4,5855.549276863967
2023-12-07,5,7320.015669508344
2023-12-08,6,8789.308337779528
2023-12-11,5,7324.841945135151
2023-12-12,6,8818.946319432203
2023-12-13,5,7349.653651161018
2023-12-14,5,7349.653651161018
2023-12-15,6,8851.485159771386
2023-12-18,4,5880.096605580155
2023-12-19,5,7383.1437923237
2023-12-20,6,8895.138696547869
2023-12-21,5,7393.307187937501
2023-12-22,5,7393.307187937501
2023-12-26,5,7393.307187937501
2023-12-27,5,7393.307187937501
2023-12-28,5,7393.307187937501
2023-12-29,5,7393.307187937501
2024-01-02,5,7393.307187937501
2024-01-03,6,8948.80964483247
2024-01-04,5,7436.814740608302
2024-01-05,5,7436.814740608302
2024-01-08,5,7436.814740608302
2024-01-09,5,7442.676962419664
2024-01-10,5,7442.676962419664
2024-01-11,5,7442.676962419664
2024-01-12,5,7442.676962419664
2024-01-16,4,6000.596601083296
2024-01-17,4,6075.099359603939
2024-01-18,4,6075.099359603939
2024-01-19,5,7589.9366697615915
2024-01-22,8,12177.610659465674
2024-01-23,6,9171.532907973238
2024-01-24,6,9170.6538055889
2024-01-25,5,7642.263940323127
2024-01-26,6,9098.615011942069
2024-01-29,7,10531.656052110164
2024-01-30,5,7544.639343083849
2024-01-31,6,9030.208973810602
2024-02-01,5,7551.28674592855
2024-02-02,4,6072.364518046497
2024-02-05,3,4543.5794060039725
2024-02-06,2,2990.501222455646
2024-02-07,2,2990.501222455646
2024-02-08,3,4460.489143709637
2024-02-09,4,5946.395122899765
2024-02-12,3,4484.679012486645
2024-02-13,6,9045.575301823583
2024-02-14,4,6030.88421059093
2024-02-15,4,6030.88421059093
2024-02-16,4,6030.88421059093
2024-02-20,5,7529.762302738614
2024-02-21,5,7529.762302738614
2024-02-22,5,7529.762302738614
2024-02-23,6,9044.23919370841
2024-02-26,5,7545.361101560727
2024-02-27,5,7545.361101560727
2024-02-28,6,9067.088943251196
2024-02-29,5,7559.367890603465
2024-03-01,5,7563.140404710653
2024-03-04,6,9078.89319443313
2024-03-05,6,9059.444686760893
2024-03-06,5,7551.723634113161
2024-03-07,5,7551.723634113161
2024-03-08,5,7551.723634113161
2024-03-11,6,9078.490441461814
2024-03-12,6,9102.499178255088
2024-03-13,5,7594.778125607357
2024-03-14,6,9143.060088069979
2024-03-15,5,7612.999503151281
2024-03-18,5,7612.999503151281
2024-03-19,5,7647.248271603326
2024-03-20,5,7647.248271603326
2024-03-21,4,6119.02491556854
2024-03-22,4,6119.02491556854
2024-03-25,4,6119.02491556854
2024-03-26,5,7656.427777281027
2024-03-27,6,9198.584035964277
2024-03-28,6,9235.5823578788
2024-04-01,5,7745.314865552924
2024-04-02,4,6170.913681925913
2024-04-03,4,6170.913681925913
2024-04-04,5,7723.613341671187
2024-04-05,5,7723.613341671187
2024-04-08,5,7723.613341671187
2024-04-09,6,9270.86143257206
2024-04-10,5,7755.108642849582
2024-04-11,3,4681.093744600057
2024-04-12,3,4681.093744600057
2024-04-15,3,4650.660272941199
2024-04-16,3,4650.660272941199
2024-04-17,3,4567.3820720186095
2024-04-18,3,4567.3820720186095
2024-04-19,4,6066.050392857459
2024-04-22,5,7537.592236432852
2024-04-23,4,5951.946000898615
2024-04-24,6,8911.224559106657
2024-04-25,7,10411.593025234102
2024-04-26,7,10417.541355190731
2024-04-29,6,8933.21398544296
2024-04-30,7,10451.16158554261
2024-05-01,5,7481.142509173218
2024-05-02,7,10465.342859329163
2024-05-03,6,8969.519639865983
2024-05-06,6,8998.603585578207
2024-05-07,5,7486.659783720162
2024-05-08,5,7486.659783720162
2024-05-09,5,7486.659783720162
2024-05-10,6,9030.179689797134
2024-05-13,7,10616.175424349196
2024-05-14,5,7580.555343194251
2024-05-15,6,9127.599728071036
2024-05-16,5,7637.7803068494595
2024-05-17,5,7637.7803068494595
2024-05-20,6,9192.954610236518
2024-05-21,6,9204.1219731244
2024-05-22,6,9241.166871794598
2024-05-23,5,7705.725131622785
2024-05-24,5,7705.725131622785
2024-05-28,5,7705.725131622785
2024-05-29,6,9249.698564011349
2024-05-30,4,6156.045076074868
2024-05-31,5,7699.19925480527
2024-06-03,5,7699.19925480527
2024-06-04,5,7699.19925480527
2024-06-05,5,7699.19925480527
2024-06-06,5,7699.19925480527
2024-06-07,7,10848.813536115946
2024-06-10,5,7806.171782888533
2024-06-11,5,7837.838362945483
2024-06-12,5,7879.304211106614
2024-06-13,5,7879.304211106614
2024-06-14,6,9473.683497266531
2024-06-17,6,9460.086514529685
2024-06-18,7,11069.990371876504
2024-06-20,6,9475.1272519929
2024-06-21,7,11065.067287650536
2024-06-24,7,11047.02872470383
2024-06-25,5,7854.947117292828
2024-06-26,5,7854.947117292828
2024-06-27,5,7866.121023336787
2024-06-28,5,7866.121023336787
2024-07-01,6,9455.8950302198
2024-07-02,5,7869.913983520504
2024-07-03,6,9475.370750517153
2024-07-05,5,7932.216571786752
2024-07-08,6,9536.72011583312
2024-07-09,5,7981.545812446062
2024-07-10,5,7981.545812446062
2024-07-11,5,7985.134984091732
2024-07-12,8,12905.276227536879
2024-07-15,7,11412.57823538714
2024-07-16,5,8132.484073090376
2024-07-17,7,11438.400239139186
2024-07-18,6,9832.340988742337
2024-07-19,5,8179.382905717932
2024-07-22,5,8138.344796523737
2024-07-23,5,8138.344796523737
2024-07-24,5,8138.344796523737
2024-07-25,5,8138.344796523737
2024-07-26,5,8138.344796523737
2024-07-29,5,8138.344796523737
2024-07-30,5,8138.344796523737
2024-07-31,4,6533.8412524773685
2024-08-01,5,8182.0973195371935
2024-08-02,5,8182.0973195371935
2024-08-05,5,8088.800629376556
2024-08-06,4,6438.193554334441
2024-08-07,4,6290.2202627617535
2024-08-08,5,7804.590994911663
2024-08-09,6,9403.513690586838
2024-08-12,6,9429.57791312496
2024-08-13,6,9420.295689996376
2024-08-14,6,9496.354953310352
2024-08-15,5,7897.345981356166
2024-08-16,7,11238.381647703536
2024-08-19,7,11425.920450762464
2024-08-20,8,13322.500130103754
2024-08-21,5,8296.109974541143
2024-08-22,6,10046.048471476613
2024-08-23,5,8343.537649075612
2024-08-26,7,11871.460532092877
2024-08-27,5,8473.0081848396
2024-08-28,5,8473.0081848396
2024-08-29,5,8473.0081848396
2024-08-30,5,8473.0081848396
2024-09-03,5,8473.0081848396
2024-09-04,5,8473.0081848396
2024-09-05,4,6932.944527819269
2024-09-06,5,8625.859096506589
2024-09-09,5,8625.859096506589
2024-09-10,2,3405.0216448020046
2024-09-11,2,3405.0216448020046
2024-09-12,5,8497.676735624374
2024-09-13,6,10208.118484965475
2024-09-16,6,10277.30131376767
2024-09-17,6,10328.620051964526
2024-09-18,6,10405.44530607678
2024-09-19,5,8719.142530721612
2024-09-20,7,12265.407129558625
2024-09-23,7,12260.983180334177
2024-09-24,6,10583.9324453275
2024-09-25,7,12398.49422121542
2024-09-26,5,8855.150220541796
2024-09-27,5,8855.150220541796
2024-09-30,6,10655.603749927472
2024-10-01,5,8896.57848299649
2024-10-02,4,7142.363043844295
2024-10-03,4,7142.363043844295
2024-10-04,5,8882.866649155425
2024-10-07,6,10652.01847897071
2024-10-08,5,8911.51487365958
2024-10-09,4,7142.363043844295
2024-10-10,5,8984.45892475228
2024-10-11,5,8984.45892475228
2024-10-14,6,10807.622393552561
2024-10-15,5,9034.490094134053
2024-10-16,4,7375.365054843908
2024-10-17,6,11142.134495748107
2024-10-18,4,7393.253929332239
2024-10-21,5,9324.960467981266
2024-10-22,5,9324.960467981266
2024-10-23,5,9324.960467981266
2024-10-24,5,9299.684548643689
2024-10-25,5,9299.684548643689
2024-10-28,5,9299.684548643689
2024-10-29,5,9299.684548643689
2024-10-30,5,9299.684548643689
2024-10-31,5,9239.725291661623
2024-11-01,5,9239.725291661623
2024-11-04,5,9239.725291661623
2024-11-05,5,9195.833893241139
2024-11-06,6,11044.24489099828
2024-11-07,7,12961.739829914359
2024-11-08,6,11117.868908276198
2024-11-11,7,13016.52552109033
2024-11-12,6,11209.01900989352
2024-11-13,5,9338.558808700463
2024-11-14,6,11223.348824408004
2024-11-15,5,9338.790417404407
2024-11-18,5,9326.900756450665
2024-11-19,7,13113.07369711098
2024-11-20,6,11249.27603606571
2024-11-21,5,9445.968962392246
2024-11-22,7,13434.026943196603
2024-11-25,5,9743.957990442867
2024-11-26,6,11794.684841468288
2024-11-27,7,13809.076291416039
2024-11-29,5,9840.572301912232
2024-12-02,5,9840.572301912232
2024-12-03,5,9840.572301912232
2024-12-04,5,9840.572301912232
2024-12-05,6,11776.195175686324
2024-12-06,5,9778.668253257361
2024-12-09,5,9778.668253257361
2024-12-10,5,9778.668253257361
2024-12-11,5,9778.668253257361
2024-12-12,5,9670.540264474186
2024-12-13,4,7686.288269722283
2024-12-16,4,7613.369643471169
2024-12-17,5,9460.30298439723
2024-12-18,3,5599.036522094826
2024-12-19,3,5599.036522094826
2024-12-20,3,5599.036522094826
2024-12-23,3,5513.466643860522
2024-12-24,3,5513.466643860522
2024-12-26,3,5513.466643860522
2024-12-27,3,5513.466643860522
2024-12-30,2,3624.0677102147347
2024-12-31,2,3624.0677102147347
2025-01-02,3,5377.712234067641
2025-01-03,3,5377.712234067641
2025-01-06,5,8900.709055691545
2025-01-07,5,8928.88999281136
2025-01-08,6,10719.207594909698
2025-01-10,6,10631.574537987512
2025-01-13,6,10597.083278455411
2025-01-14,6,10581.333075937131
2025-01-15,6,10607.478820478915
2025-01-16,6,10645.15902495819
2025-01-17,8,14390.424335330665
2025-01-21,8,14573.025762536407
2025-01-22,7,12706.245943294205
2025-01-23,7,12667.748739049559
2025-01-24,6,10854.137639537908
2025-01-27,7,12770.325060645046
2025-01-28,7,12953.173232133082
2025-01-29,6,11185.102591774856
2025-01-30,5,9363.375696713114
2025-01-31,7,13104.327585215013
2025-02-03,5,9358.575902949211
2025-02-04,4,7488.099958698262
2025-02-05,4,7488.099958698262
2025-02-06,6,11181.837822945852
2025-02-07,7,12988.729070885622
2025-02-10,5,9294.991206638031
2025-02-11,6,11149.300665617364
2025-02-12,6,11144.462864079016
2025-02-13,5,9290.153405099683
2025-02-14,6,11155.84252123373
2025-02-18,6,11135.550156841013
2025-02-19,6,11191.746841625963
2025-02-20,6,11213.432873140475
2025-02-21,4,7446.642466948976
2025-02-24,5,9261.616669051418
2025-02-25,5,9196.581071849132
2025-02-26,6,10972.980879778272
2025-02-27,5,9123.238472967421
2025-02-28,6,10829.240134065394
2025-03-03,5,8846.127381748378
2025-03-04,4,7044.6401996411705
2025-03-05,4,7044.6401996411705
2025-03-06,4,7044.6401996411705
2025-03-07,4,7044.6401996411705
2025-03-10,5,8765.28313940686
2025-03-11,6,10573.698290561526
2025-03-12,4,7048.637005289539
2025-03-13,3,5332.322177754167
2025-03-14,3,5332.322177754167
2025-03-17,5,8707.553459042556
2025-03-18,7,12236.720483067227
2025-03-19,5,8747.978000777752
2025-03-20,5,8845.004227502624
2025-03-21,6,10638.532859497942
2025-03-24,4,7123.043783296616
2025-03-25,6,10734.706248565859
2025-03-26,8,14348.80249699716
2025-03-27,6,10733.813150368662
2025-03-28,6,10741.52615209224
2025-03-31,5,8951.324401456177
2025-04-01,5,8951.324401456177
2025-04-02,5,8951.324401456177
2025-04-03,6,10754.142479213386
2025-04-04,5,8912.667698372103
2025-04-07,5,8912.667698372103
2025-04-08,1,1765.9161076616404
2025-04-09,1,1765.9161076616404
2025-04-10,4,6424.73583205244
2025-04-11,4,6424.73583205244
2025-04-14,4,6442.106219603744
2025-04-15,7,11319.94670245039
2025-04-16,5,8090.2083988728655
2025-04-17,5,8090.2083988728655
2025-04-21,6,9678.792215964419
2025-04-22,5,8052.84538834887
2025-04-23,5,8052.84538834887
2025-04-24,5,8052.84538834887
2025-04-25,5,8052.84538834887
2025-04-28,5,8052.84538834887
2025-04-29,5,8052.84538834887
2025-04-30,6,9681.001513341605
2025-05-01,7,11354.615743208773
2025-05-02,5,8100.51279060049
2025-05-05,5,8100.51279060049
2025-05-06,5,8100.51279060049
2025-05-07,6,9725.121709116345
2025-05-08,6,9718.975279758866
2025-05-09,6,9733.282190760974
2025-05-12,5,8099.529526178313
2025-05-13,7,11481.860593069629
2025-05-14,6,9919.6879977619
2025-05-15,5,8228.522464316242
2025-05-16,5,8228.522464316242
2025-05-19,5,8228.522464316242
2025-05-20,5,8228.522464316242
2025-05-21,5,8228.522464316242
2025-05-22,5,8228.522464316242
2025-05-23,5,8228.522464316242
2025-05-27,5,8228.522464316242
2025-05-28,5,8228.522464316242
2025-05-29,5,8228.522464316242
2025-05-30,5,8228.522464316242
2025-06-02,5,8228.522464316242
2025-06-03,5,8294.544008593071
2025-06-04,5,8294.544008593071
2025-06-05,5,8294.544008593071
2025-06-06,5,8294.544008593071
2025-06-09,5,8294.544008593071
2025-06-10,5,8294.544008593071
2025-06-11,7,11731.664059414725
2025-06-12,5,8503.181148383032
2025-06-13,4,6820.25395615969
2025-06-16,5,8513.352848394426
2025-06-17,5,8513.352848394426
2025-06-18,5,8513.352848394426
2025-06-20,5,8513.352848394426
2025-06-23,5,8513.352848394426
2025-06-24,7,11831.346959088096
2025-06-25,6,10073.50505419351
2025-06-26,5,8397.167795000365
2025-06-27,5,8397.167795000365
2025-06-30,5,8411.875700767636
2025-07-01,5,8411.875700767636
2025-07-02,7,11774.18920300236
2025-07-03,7,11793.118096314529
2025-07-07,5,8460.077691235267
2025-07-08,5,8460.077691235267
2025-07-09,5,8460.077691235267
2025-07-10,5,8460.077691235267
2025-07-11,6,10150.02361054962
2025-07-14,5,8458.055238657242
2025-07-15,5,8458.055238657242
2025-07-16,4,6761.128400661846
2025-07-17,5,8438.842158329533
2025-07-18,6,10113.965811486438
2025-07-21,6,10113.143892858869
2025-07-22,5,8438.020239701964
2025-07-23,8,13539.217334963481
2025-07-24,7,11866.896129838615
2025-07-25,5,8450.636994833787
2025-07-28,7,11893.053429097881
2025-07-29,5,8517.779939867462
2025-07-30,5,8517.779939867462
2025-07-31,5,8517.779939867462
2025-08-01,5,8517.779939867462
2025-08-04,5,8517.779939867462
2025-08-05,4,6796.571722735416
2025-08-06,1,1700.3990317538387
2025-08-07,3,5164.526953871716
2025-08-08,6,10344.498604151828
2025-08-11,8,13837.411206445773
2025-08-12,5,8657.439556165662
2025-08-13,6,10492.388976630144
2025-08-14,7,12323.741920626186
2025-08-15,6,10686.979019514058
2025-08-18,5,9091.214107914586
2025-08-19,5,9091.214107914586
2025-08-20,5,9091.214107914586
2025-08-21,6,10934.314284953703
2025-08-22,5,9088.613146137992
2025-08-25,6,10948.953308652435
2025-08-26,5,9105.85313161332
2025-08-27,5,9108.458152436446
2025-08-28,7,12862.690080920702
2025-08-29,7,12992.12405964954
2025-09-02,6,11135.62123002042
2025-09-03,6,11132.083321288856
2025-09-04,6,11229.379341208847
2025-09-05,5,9353.688542397427
2025-09-08,5,9353.688542397427
2025-09-09,5,9353.688542397427
2025-09-10,5,9353.688542397427
2025-09-11,5,9353.688542397427
2025-09-12,6,11299.312601823827
2025-09-15,5,9427.159711743974
2025-09-16,5,9427.159711743974
2025-09-17,4,7543.35779260048
2025-09-18,4,7543.35779260048
2025-09-19,6,11226.840634534947
2025-09-22,6,11239.636150407006
2025-09-23,7,13102.464248836115
2025-09-24,5,9351.178651599583
2025-09-25,5,9351.178651599583
2025-09-26,5,9351.178651599583
2025-09-29,5,9351.178651599583
2025-09-30,6,11201.42721086748
2025-10-01,6,11181.396667618063
2025-10-02,7,12983.56824964274
2025-10-03,7,12946.163425840066
2025-10-06,6,11072.67574912155
2025-10-07,5,9238.084669453501
2025-10-08,5,9238.084669453501
2025-10-09,5,9238.084669453501
2025-10-10,5,9238.084669453501
2025-10-13,6,10972.516586324422
2025-10-14,6,10836.228998043885
2025-10-15,6,10857.400814012248
2025-10-16,6,10875.687820846157
2025-10-17,5,9120.084088006875
2025-10-20,5,9055.606627508707
2025-10-21,6,10838.505900846765
2025-10-22,5,9067.098303945248
2025-10-23,5,9067.098303945248
2025-10-24,5,9016.232430180344
2025-10-27,6,10745.42359896775
2025-10-28,6,10747.352163986865
2025-10-29,6,10745.391356185693
2025-10-30,6,10720.082584798507
2025-10-31,5,8896.351191749167
2025-11-03,6,10666.566948133619
2025-11-04,5,8942.173944827784
2025-11-05,6,10677.439293400741
2025-11-06,5,8796.987261868524
2025-11-07,6,10545.387717538451
2025-11-10,5,8739.259966839549
2025-11-11,6,10482.127609226824
2025-11-12,7,12240.414737467101
2025-11-13,6,10499.90348482534
2025-11-14,5,8760.854257909308
2025-11-17,5,8760.854257909308
2025-11-18,5,8760.854257909308
2025-11-19,5,8760.854257909308
2025-11-20,5,8760.854257909308
2025-11-21,5,8760.854257909308
2025-11-24,5,8760.854257909308
2025-11-25,5,8760.854257909308
2025-11-26,6,10511.991091504802
2025-11-28,6,10527.608022339127
2025-12-01,5,8776.471188743632
2025-12-02,6,10564.003938585503
2025-12-03,7,12360.979894024636
2025-12-04,5,8815.263658112151
2025-12-05,5,8815.263658112151
2025-12-08,5,8815.263658112151
2025-12-09,7,12338.584349616543
2025-12-10,5,8807.470480893817
2025-12-11,7,12289.02668370093
2025-12-12,6,10492.121098095204
2025-12-15,6,10506.583873331367
2025-12-16,6,10497.993987391128
2025-12-17,4,6981.092764999214
2025-12-18,4,6981.092764999214
2025-12-19,4,6981.092764999214
2025-12-22,5,8700.083428741877
2025-12-23,7,12170.561118513564
2025-12-24,5,8712.692167511867
2025-12-26,5,8712.692167511867
2025-12-29,5,8712.692167511867
2025-12-30,5,8711.883171492522
2025-12-31,5,8711.883171492522
2026-01-02,5,8711.883171492522
2026-01-05,5,8711.883171492522
2026-01-06,5,8711.883171492522
2026-01-07,6,10469.95947324859
2026-01-08,6,10475.59675913659
2026-01-09,5,8734.818657733033
2026-01-12,5,8734.818657733033
2026-01-13,5,8734.818657733033
2026-01-14,8,13903.921169140744
2026-01-15,7,12157.421979296423
2026-01-16,7,12226.219122943243
2026-01-20,5,8768.75510360751
2026-01-21,5,8768.75510360751
2026-01-22,5,8768.75510360751
2026-01-23,7,12276.24623560652
2026-01-26,5,8770.26327521738
2026-01-27,6,10513.552030554634
2026-01-28,7,12293.74913197868
2026-01-29,5,8802.55371800835
2026-01-30,7,12289.944381370893
2026-02-02,5,8756.00171394734
2026-02-03,5,8756.00171394734
2026-02-04,5,8756.00171394734
2026-02-05,6,10464.685781173084
2026-02-06,7,12188.300218008906
2026-02-09,9,16009.979161830377
2026-02-10,6,10854.444673605542
2026-02-11,5,9128.254974152034
2026-02-12,7,12793.780965853326
2026-02-13,6,10959.880695749773
2026-02-17,5,9136.92710716536
2026-02-18,7,12820.062830847583
2026-02-19,4,7335.786416466033
2026-02-20,6,10969.305705910781
2026-02-23,5,9127.73784406967
2026-02-24,6,10897.530521689547
2026-02-25,5,9071.205175297642
2026-02-26,6,10871.284310135277
2026-02-27,7,12793.03753821276
2026-03-02,6,11057.627975058878
2026-03-03,4,7359.207785377208
2026-03-04,5,9192.09476900297
2026-03-05,6,11049.977691444965
2026-03-06,6,11078.276867593348
2026-03-09,7,12950.919575666843
2026-03-10,5,9211.376108265551
2026-03-11,5,9211.376108265551
2026-03-12,5,9211.376108265551
2026-03-13,5,9211.376108265551
2026-03-16,5,9211.376108265551
2026-03-17,5,9211.376108265551
2026-03-18,5,9211.376108265551
2026-03-19,5,9211.376108265551
2026-03-20,4,7353.470767108332
2026-03-23,4,7353.470767108332
2026-03-24,4,7353.470767108332
2026-03-25,4,7353.470767108332
2026-03-26,5,9035.13436919212
2026-03-27,4,7184.009932650954
2026-03-30,5,8827.695953507065
2026-03-31,4,6976.571516965902
2026-04-01,4,6976.571516965902
2026-04-02,4,6976.571516965902
2026-04-06,5,8672.447581444461
2026-04-07,5,8574.295248250837
2026-04-08,5,8574.295248250837
2026-04-09,6,10300.354408838339
2026-04-10,6,10324.692731058693
2026-04-13,5,8598.633570471191
2026-04-14,5,8598.633570471191
2026-04-15,6,10339.421708236561
2026-04-16,5,8657.758106152774
2026-04-17,6,10409.151004718962
2026-04-20,6,10420.396004583448
2026-04-21,5,8724.519940104889
2026-04-22,6,10476.816177000943
2026-04-23,7,12225.442069009634
2026-04-24,5,8704.256492823572
2026-04-27,5,8704.256492823572
2026-04-28,5,8704.256492823572
2026-04-29,6,10454.64686540904
2026-04-30,6,10460.293885657284
2026-05-01,5,8708.95058091652
2026-05-04,6,10528.060985874677
2026-05-05,5,8776.717681133916
2026-05-06,6,10541.4418304788
2026-05-07,5,8762.976740872391
2026-05-08,5,8762.976740872391
2026-05-11,4,7049.495288838083
2026-05-12,4,7050.16215369686
2026-05-13,3,5294.185618629344
2026-05-14,4,7059.646129178567
2026-05-15,3,5294.255114974905
2026-05-18,4,7049.352376953884
2026-05-19,6,10627.304573974392
2026-05-20,6,10649.321449027584
2026-05-21,5,8860.345350517331
2026-05-22,5,8860.345350517331
2026-05-26,6,10650.95615578753
2026-05-27,5,8873.842018755357
2026-05-28,6,10646.142065444674
2026-05-29,6,10673.6429371408
2026-06-01,7,12537.152570716957
2026-06-02,6,10793.43716626748
2026-06-03,5,8975.532326134744
2026-06-04,6,10779.381407462291
2026-06-05,5,9000.916317855883
2026-06-08,5,9000.916317855883
2026-06-09,5,9000.916317855883
2026-06-10,6,10834.5331887725
2026-06-11,6,10817.789576659487
2026-06-12,5,8984.172705742867
2026-06-15,6,10851.120597284831
2026-06-16,6,10932.26905344935
2026-06-17,7,12867.402234420713
2026-06-18,5,9172.758729243405
2026-06-22,5,9172.758729243405
2026-06-23,6,11075.258715323274
2026-06-24,5,9184.41842373787
2026-06-25,9,16942.989394891385
2026-06-26,8,15487.363992567753
2026-06-29,8,15481.195882217053
2026-06-30,6,11580.915896943869
2026-07-01,6,11518.522658492404
2026-07-02,5,9594.964544087632
2026-07-06,6,11515.60066284444
2026-07-07,6,11460.987263117819
2026-07-08,6,11458.412741962944
2026-07-09,5,9546.844689544605
2026-07-10,5,9546.844689544605
2026-07-13,5,9546.844689544605
2026-07-14,7,13402.648040417003
2026-07-15,5,9606.170230435371
2026-07-16,5,9606.170230435371
2026-07-17,7,13528.145815805987
2026-07-20,6,11608.528845565343
2026-07-21,5,9647.541052880033
2026-07-22,5,9647.541052880033
2026-07-23,5,9665.817242597035
2026-07-24,6,11553.894174032772
2026-07-27,5,9609.223604961755
2026-07-28,4,7671.636898956944
2026-07-29,7,13450.982396244646
2026-07-30,5,9686.357928149795
2026-07-31,5,9686.357928149795
2026-08-03,6,11609.193541024375
2026-08-04,7,13561.752592004135
2026-08-05,6,11684.422817200944
2026-08-06,5,9735.130972622672
2026-08-07,6,11727.089541440397
2026-08-10,6,11748.94978919473
2026-08-11,6,11748.401248979282
2026-08-12,7,13785.83387864329
2026-08-13,7,13881.140509318742
2026-08-14,7,13918.472473893842
2026-08-17,6,11976.186330802877
2026-08-18,7,13968.39369133094
2026-08-19,5,9909.458844889667
2026-08-20,5,9909.458844889667
2026-08-21,7,13961.827135430125
2026-08-24,5,10050.20182750457
2026-08-25,5,10033.006760573779
2026-08-26,5,10017.539202770842
2026-08-27,5,10017.539202770842
2026-08-28,5,10017.539202770842
2026-08-31,5,10017.539202770842
2026-09-01,5,10017.539202770842
2026-09-02,4,8008.550124431406
2026-09-03,5,10002.514041958178
2026-09-04,5,10002.514041958178
2026-09-08,3,5990.127252292004
2026-09-09,4,7979.802276704807
2026-09-10,4,7979.802276704807
2026-09-11,2,3987.1719379555384
2026-09-14,1,2026.18414527023
2026-09-15,3,5926.654281087915
