date,position_change,capital_change,positions,capital_deployed
2015-01-27,1,1000.0,1,1000.0
2015-01-30,1,1002.0244670127656,2,2002.0244670127656
2015-02-05,-1,-1115.163425847718,1,886.8610411650477
2015-02-09,1,1025.0931541107395,2,1911.9541952757872
2015-02-11,1,1021.4468306197616,3,2933.4010258955486
2015-02-12,1,1024.5568252811345,4,3957.957851176683
2015-02-13,1,1028.5937351478342,5,4986.551586324517
2015-02-17,-1,-1025.7052177178796,4,3960.846368606638
2015-02-18,-1,-1073.6160992910475,3,2887.2302693155907
2015-02-19,0,-5.768104886147739,3,2881.462164429443
2015-02-20,1,1042.008873163644,4,3923.471037593087
2015-02-23,1,1046.8988488138848,5,4970.369886406972
2015-03-06,0,-12.734486890295102,5,4957.635399516677
2015-03-09,-2,-1969.2837897294785,3,2988.351609787199
2015-03-11,-1,-1004.6930423445278,2,1983.658567442671
2015-03-16,-1,-1004.5053192713434,1,979.1532481713276
2015-03-17,3,3000.5719020933348,4,3979.7251502646623
2015-03-18,1,986.9641963699103,5,4966.689346634573
2015-03-19,0,-19.25170378645828,5,4947.437642848115
2015-03-23,0,-19.57368842496203,5,4927.863954423153
2015-03-24,0,-7.5711854682605235,5,4920.292768954892
2015-03-26,-1,-939.8201796239337,4,3980.4725893309587
2015-04-07,0,-30.47104924268001,4,3950.0015400882785
2015-04-08,-1,-1025.9357451741566,3,2924.065794914122
2015-04-09,2,2018.2455463388433,5,4942.311341252966
2015-04-10,0,-4.817565765624636,5,4937.493775487341
2015-04-13,0,-5.747564040206385,5,4931.746211447135
2015-04-21,0,-39.80843845405934,5,4891.937772993075
2015-04-22,0,-12.95868783081005,5,4878.979085162265
2015-04-24,0,-45.0181163813952,5,4833.96096878087
2015-04-27,0,-8.334534039495793,5,4825.626434741374
2015-04-29,-1,-1020.8797301410416,4,3804.746704600333
2015-05-04,1,1025.3261818675833,5,4830.072886467917
2015-05-06,-1,-956.0294496408276,4,3874.043436827089
2015-05-08,1,1008.6641063889696,5,4882.707543216058
2015-05-11,-1,-943.9210701651474,4,3938.786473050911
2015-05-14,-1,-1043.7675193478017,3,2895.018953703109
2015-05-15,2,2021.1491543411157,5,4916.168108044225
2015-05-18,0,-11.53100330626205,5,4904.6371047379625
2015-05-19,0,-17.802544899029954,5,4886.834559838932
2015-05-21,-1,-904.2608287449622,4,3982.5737310939703
2015-05-26,-1,-1063.2832268484767,3,2919.2905042454936
2015-05-29,1,992.9959113497076,4,3912.286415595201
2015-06-01,1,992.071350597084,5,4904.357766192285
2015-06-02,-1,-996.484000990909,4,3907.8737652013765
2015-06-04,1,984.1430624770836,5,4892.01682767846
2015-06-10,-1,-955.6246785522698,4,3936.39214912619
2015-06-11,-1,-1014.518539370556,3,2921.873609755634
2015-06-12,1,991.4019111706152,4,3913.275520926249
2015-06-17,1,982.442465182352,5,4895.717986108601
2015-06-23,0,-19.10857087097577,5,4876.6094152376245
2015-06-26,-1,-1022.1263510994796,4,3854.483064138145
2015-06-29,-1,-1004.8727996242992,3,2849.610264513846
2015-06-30,-2,-1941.6810439289388,1,907.929220584907
2015-07-02,3,2987.239651948934,4,3895.168872533841
2015-07-06,-1,-987.1451093736252,3,2908.023763160216
2015-07-08,1,973.7623829866166,4,3881.7861461468324
2015-07-10,1,998.4543498883507,5,4880.240496035183
2015-07-13,0,-15.104678694751215,5,4865.135817340432
2015-07-14,0,-28.277568194459718,5,4836.858249145973
2015-07-15,0,-7.079181063827832,5,4829.779068082145
2015-07-16,0,-8.184367074102738,5,4821.594701008043
2015-07-17,0,22.906833575982546,5,4844.501534584026
2015-07-21,0,-8.968024284008152,5,4835.533510300018
2015-07-22,-1,-1050.0129932706614,4,3785.5205170293566
2015-07-24,0,51.311622384534644,4,3836.832139413891
2015-07-27,1,1003.75316232527,5,4840.585301739161
2015-07-29,0,-78.7321663727372,5,4761.853135366424
2015-07-30,0,6.790381753886436,5,4768.64351712031
2015-07-31,0,-18.190366282469768,5,4750.45315083784
2015-08-04,0,-22.82760478024693,5,4727.625546057594
2015-08-17,0,-3.817680867912486,5,4723.807865189681
2015-08-18,0,-11.004238937121272,5,4712.80362625256
2015-08-21,-1,-965.3203752069032,4,3747.483251045657
2015-08-24,-3,-2541.7494630123274,1,1205.7337880333298
2015-08-25,-1,-921.3459335450184,0,284.3878544883114
2015-08-26,1,909.924476936716,1,1194.3123314250274
2015-08-27,-1,-958.042288215676,0,236.27004320935146
2015-08-28,4,3676.6977833579103,4,3912.967826567262
2015-09-03,1,903.506385995532,5,4816.474212562794
2015-09-11,-1,-795.8036139871392,4,4020.6705985756544
2015-09-15,0,-4.510974342994018,4,4016.1596242326605
2015-09-16,0,-69.5001046313264,4,3946.659519601334
2015-09-17,0,2.887171190305935,4,3949.54669079164
2015-09-18,0,-36.88531764807601,4,3912.6613731435637
2015-09-22,1,884.5433114679196,5,4797.204684611484
2015-09-25,0,-20.81079390088871,5,4776.393890710595
2015-09-28,0,-4.977445888477746,5,4771.416444822117
2015-09-29,-2,-1726.7919171934122,3,3044.624527628705
2015-10-01,1,891.0286601551708,4,3935.6531877838756
2015-10-05,1,852.5998361408539,5,4788.25302392473
2015-10-06,0,-16.302155064768044,5,4771.950868859962
2015-10-07,0,-18.947278643985783,5,4753.003590215976
2015-10-08,0,-13.806715422680895,5,4739.196874793295
2015-10-09,0,-20.679364622697904,5,4718.517510170597
2015-10-12,0,-7.461759474360974,5,4711.055750696236
2015-10-19,0,-21.91349152226485,5,4689.142259173971
2015-10-22,-1,-883.7863096041332,4,3805.355949569838
2015-10-23,1,896.5980199116013,5,4701.953969481439
2015-10-26,-1,-812.6118929780648,4,3889.3420765033743
2015-10-27,-1,-904.82197382592,3,2984.5201026774544
2015-10-28,0,-24.69700986120756,3,2959.8230928162466
2015-10-29,1,910.1435283377218,4,3869.9666211539684
2015-10-30,0,-27.18364323186279,4,3842.7829779221056
2015-11-02,-1,-938.6165951477684,3,2904.1663827743373
2015-11-03,2,1842.2217521215637,5,4746.388134895901
2015-11-04,-1,-960.1690937066085,4,3786.2190411892925
2015-11-05,1,944.8783428852455,5,4731.097384074538
2015-11-06,-3,-2948.0231903778204,2,1783.0741936967179
2015-11-09,2,1915.4588959605217,4,3698.5330896572395
2015-11-13,1,932.506729698746,5,4631.039819355986
2015-11-16,-1,-991.2292783355444,4,3639.8105410204416
2015-11-17,0,85.91547842747491,4,3725.7260194479168
2015-11-18,1,957.9422539584916,5,4683.668273406409
2015-11-19,-1,-960.047165313958,4,3723.621108092451
2015-11-20,1,973.5353049946758,5,4697.156413087127
2015-11-23,0,-2.779708587050777,5,4694.376704500076
2015-11-24,0,-2.2873388832014143,5,4692.089365616875
2015-11-27,-1,-986.3558761407772,4,3705.7334894760975
2015-11-30,1,977.1979631260668,5,4682.931452602164
2015-12-01,0,-61.662813525364186,5,4621.2686390768
2015-12-02,0,-22.227698426056804,5,4599.040940650743
2015-12-07,0,1.4192324222506159,5,4600.460173072994
2015-12-08,-1,-965.348748207129,4,3635.1114248658646
2015-12-10,-1,-836.877802119481,3,2798.233622746384
2015-12-14,-1,-864.2617687188206,2,1933.9718540275633
2015-12-15,0,36.98396709936617,2,1970.9558211269295
2015-12-16,1,922.760847602394,3,2893.716668729324
2015-12-17,1,849.4978599468825,4,3743.214528676206
2015-12-18,1,951.6252843906304,5,4694.8398130668365
2015-12-24,0,-14.854750758462046,5,4679.985062308375
2015-12-29,0,-9.219862470261091,5,4670.765199838113
2015-12-30,0,2.3375289940638595,5,4673.1027288321775
2016-01-05,-1,-934.6966024091524,4,3738.406126423025
2016-01-06,-1,-899.3967535430442,3,2839.0093728799807
2016-01-07,-1,-898.3699471132423,2,1940.6394257667384
2016-01-08,1,929.4829734304888,3,2870.1223991972274
2016-01-11,1,923.8052639811864,4,3793.9276631784137
2016-01-19,0,4.384858341209565,4,3798.3125215196233
2016-01-20,-1,-941.7536519405696,3,2856.558869579054
2016-01-22,1,921.4005881682212,4,3777.9594577472753
2016-01-25,1,893.2069624938636,5,4671.166420241139
2016-01-27,0,-39.82385573436443,5,4631.342564506775
2016-01-29,-1,-836.052316014372,4,3795.2902484924025
2016-02-01,0,-48.59494577325836,4,3746.695302719144
2016-02-02,1,910.875845404388,5,4657.571148123532
2016-02-03,0,-19.576828828337966,5,4637.994319295194
2016-02-05,0,-71.87404405184361,5,4566.120275243351
2016-02-08,0,79.47295246720171,5,4645.593227710553
2016-02-09,-1,-919.1943197767916,4,3726.3989079337616
2016-02-10,0,32.875228790363394,4,3759.274136724125
2016-02-11,1,879.4571580170715,5,4638.7312947411965
2016-02-17,0,13.111695584615063,5,4651.842990325811
2016-02-18,0,-63.85764563931377,5,4587.985344686497
2016-02-19,0,-0.4594229434463841,5,4587.525921743051
2016-02-22,0,-19.665978067935043,5,4567.8599436751165
2016-02-23,0,15.638457771221283,5,4583.498401446338
2016-02-24,0,8.362739425663335,5,4591.861140872002
2016-02-25,0,-34.62833960175931,5,4557.232801270242
2016-02-26,0,-8.769412530296563,5,4548.463388739945
2016-02-29,0,-18.1394933159562,5,4530.323895423989
2016-03-01,0,-11.313864505139236,5,4519.010030918849
2016-03-02,0,-16.5659973407885,5,4502.444033578061
2016-03-03,0,3.9214938394788987,5,4506.36552741754
2016-03-04,0,-91.94880970489294,5,4414.416717712647
2016-03-07,0,-46.053523936472175,5,4368.363193776175
2016-03-08,0,-7.095233726444121,5,4361.26796004973
2016-03-11,0,5.401506762621011,5,4366.669466812351
2016-03-14,0,8.070788907489714,5,4374.74025571984
2016-03-15,0,9.446872377158115,5,4384.187128096998
2016-03-16,0,-13.104192640568272,5,4371.08293545643
2016-03-17,-1,-1110.398151687791,4,3260.684783768639
2016-03-21,1,1101.8334781063068,5,4362.518261874946
2016-03-28,-1,-1119.0641551153185,4,3243.4541067596274
2016-03-29,-1,-840.4642268486484,3,2402.9898799109787
2016-03-30,0,-52.416373406175126,3,2350.573506504804
2016-03-31,-1,-991.8270761348938,2,1358.74643036991
2016-04-04,1,1074.6539738052975,3,2433.4004041752078
2016-04-05,-1,-1093.8605663122005,2,1339.5398378630073
2016-04-07,-1,-1141.1637335489486,1,198.3761043140587
2016-04-14,-1,-1130.168784472913,0,-931.7926801588544
2016-04-19,2,2204.4422865700076,2,1272.6496064111532
2016-04-20,1,1103.640230881491,3,2376.2898372926443
2016-04-21,-1,-1147.2173395515517,2,1229.0724977410925
2016-04-22,-1,-1047.9399676361238,1,181.13253010496874
2016-04-25,0,-9.285382931742333,1,171.8471471732264
2016-04-27,1,1096.9530221713735,2,1268.8001693446
2016-04-28,-1,-1106.9056456240617,1,161.89452372053825
2016-04-29,1,1097.35434569654,2,1259.2488694170781
2016-05-03,0,-15.709374504971038,2,1243.539494912107
2016-05-04,0,5.477722562507779,2,1249.0172174746149
2016-05-05,2,2182.876338789258,4,3431.893556263873
2016-05-06,1,1089.7991687174358,5,4521.692724981309
2016-05-09,-1,-1062.1152606734838,4,3459.577464307825
2016-05-10,-2,-2187.8594946366434,2,1271.7179696711814
2016-05-11,2,2176.0816065827034,4,3447.799576253885
2016-05-12,-1,-1125.8918739566143,3,2321.9077022972706
2016-05-13,1,1096.6164041712873,4,3418.524106468558
2016-05-17,1,1101.6739136418269,5,4520.198020110385
2016-05-19,-1,-1116.2724493541425,4,3403.9255707562425
2016-05-20,1,1082.1604263615889,5,4486.0859971178315
2016-05-23,0,-12.464977488808472,5,4473.621019629023
2016-05-25,0,-19.433245220194067,5,4454.187774408829
2016-05-26,0,-35.872068910883854,5,4418.315705497945
2016-05-27,-1,-1102.5564583392093,4,3315.7592471587354
2016-05-31,1,1105.7851029378137,5,4421.544350096549
2016-06-02,0,2.2042543253755866,5,4423.748604421925
2016-06-03,0,-45.54937801236383,5,4378.199226409561
2016-06-06,0,110.65668407408953,5,4488.85591048365
2016-06-07,0,-19.892747699927895,5,4468.9631627837225
2016-06-08,0,3.843323262332433,5,4472.8064860460545
2016-06-09,-1,-1125.1655849907747,4,3347.6409010552798
2016-06-22,-1,-957.8543753472308,3,2389.786525708049
2016-06-23,1,1071.6388615412577,4,3461.4253872493064
2016-06-24,0,47.19213974871218,4,3508.6175269980185
2016-06-27,-3,-3101.921909273964,1,406.6956177240545
2016-06-29,3,3026.1716160748397,4,3432.867233798894
2016-06-30,1,985.1115916335293,5,4417.978825432423
2016-07-01,0,-10.40080257481577,5,4407.578022857608
2016-07-06,0,-8.493889627423755,5,4399.084133230184
2016-07-08,0,-28.803492627590913,5,4370.280640602594
2016-07-11,0,3.0126275643622193,5,4373.293268166956
2016-07-12,0,24.387841132616813,5,4397.681109299573
2016-07-13,0,26.84473512288946,5,4424.525844422463
2016-07-15,0,-25.158091714287252,5,4399.367752708175
2016-07-19,0,-20.80084280100175,5,4378.566909907174
2016-07-20,-1,-915.5952456502948,4,3462.971664256879
2016-07-21,0,-3.6285755184518393,4,3459.3430887384275
2016-07-25,0,1.9637023826263658,4,3461.3067911210537
2016-07-29,-1,-1060.1928584322995,3,2401.113932688754
2016-08-01,0,-12.645876527763448,3,2388.4680561609907
2016-08-02,0,1.439720230957164,3,2389.9077763919477
2016-08-03,1,1018.7261038228816,4,3408.6338802148293
2016-08-04,-2,-2079.7563399356895,2,1328.8775402791398
2016-08-05,1,1097.5800718804016,3,2426.4576121595414
2016-08-08,2,1997.3837657287681,5,4423.84137788831
2016-08-10,-1,-1024.6975787492015,4,3399.143799139108
2016-08-11,1,996.0004650136216,5,4395.14426415273
2016-08-29,-1,-1016.5219467989044,4,3378.6223173538256
2016-08-30,-1,-1019.9039263718894,3,2358.718390981936
2016-09-06,1,1007.5573750260596,4,3366.2757660079956
2016-09-07,0,-55.02153929042754,4,3311.254226717568
2016-09-08,0,86.40061141632043,4,3397.6548381338885
2016-09-09,-1,-1024.668805970306,3,2372.9860321635824
2016-09-12,-2,-1887.330999695756,1,485.65503246782646
2016-09-21,1,986.3569266648032,2,1472.0119591326297
2016-09-22,2,1969.8154822778383,4,3441.827441410468
2016-09-23,0,-5.908195995811866,4,3435.919245414656
2016-09-26,0,-8.536118324805784,4,3427.38312708985
2016-09-27,0,-11.975248095856955,4,3415.407878993993
2016-09-28,1,984.5612325186946,5,4399.969111512688
2016-10-04,-1,-940.307248922093,4,3459.661862590595
2016-10-05,-2,-1853.6061620893702,2,1606.0557005012247
2016-10-06,2,1907.0734552238312,4,3513.129155725056
2016-10-07,0,-7.902174088791412,4,3505.2269816362646
2016-10-10,-1,-961.4453671467552,3,2543.7816144895096
2016-10-11,1,947.9765936345508,4,3491.7582081240603
2016-10-12,-1,-939.1864045848062,3,2552.5718035392542
2016-10-13,1,943.7020005173866,4,3496.273804056641
2016-10-17,-1,-890.0231029942922,3,2606.2507010623485
2016-10-18,1,930.2089417457336,4,3536.459642808082
2016-10-21,0,6.605439761775642,4,3543.0650825698576
2016-10-24,0,-94.73684543912145,4,3448.328237130736
2016-10-26,0,-2.930905426362415,4,3445.3973317043738
2016-10-27,0,-5.1125032483461155,4,3440.2848284560278
2016-11-03,1,926.8520163141826,5,4367.136844770211
2016-11-07,0,-29.654339176296617,5,4337.4825055939145
2016-11-08,0,-8.923548065350019,5,4328.558957528565
2016-11-09,0,23.02573857002733,5,4351.584696098592
2016-11-10,0,-69.54584600964563,5,4282.038850088946
2016-11-14,0,82.02046271285167,5,4364.059312801797
2016-11-16,0,-39.88576115549199,5,4324.173551646305
2016-11-18,0,-42.8200156927511,5,4281.353535953554
2016-11-22,0,14.72112114410379,5,4296.074657097657
2016-11-23,0,-29.29854115077046,5,4266.776115946886
2016-11-25,0,-11.73078151802963,5,4255.045334428857
2016-11-30,-1,-975.1279692740384,4,3279.917365154819
2016-12-01,0,-64.15866186305323,4,3215.758703291766
2016-12-02,-1,-912.0335823513076,3,2303.7251209404585
2016-12-06,1,981.4470987018032,4,3285.1722196422616
2016-12-07,1,985.4795105088972,5,4270.6517301511585
2016-12-08,0,-1.117714984963186,5,4269.534015166195
2016-12-09,0,-11.242163005719021,5,4258.291852160476
2016-12-12,0,-5.9433890174356065,5,4252.34846314304
2017-01-04,-1,-1054.318293464727,4,3198.030169678313
2017-01-05,1,1055.3286266108698,5,4253.358796289183
2017-01-06,0,-5.377175717825253,5,4247.981620571358
2017-01-09,0,-14.198772052508161,5,4233.782848518849
2017-01-10,0,-11.40485964554648,5,4222.3779888733025
2017-01-11,0,-20.374852444900625,5,4202.003136428402
2017-01-12,0,-8.239012589007984,5,4193.764123839394
2017-01-25,0,-1.4130258058539766,5,4192.35109803354
2017-01-26,-2,-2049.3322977496764,3,2143.018800283864
2017-01-27,-1,-1025.1487761740448,2,1117.8700241098193
2017-01-31,0,-2.3976897259512953,2,1115.472334383868
2017-02-02,2,2086.6518016722252,4,3202.1241360560934
2017-02-03,-1,-1069.7976859883397,3,2132.3264500677537
2017-02-06,2,2104.001708691349,5,4236.328158759103
2017-02-08,-2,-2065.664933934551,3,2170.663224824552
2017-02-09,2,2096.2395048239855,5,4266.902729648537
2017-02-10,0,-46.39434217262692,5,4220.50838747591
2017-02-13,-3,-3273.8078415964947,2,946.7005458794156
2017-02-14,3,3275.9671094108016,5,4222.667655290217
2017-02-15,0,47.89914061824152,5,4270.5667959084585
2017-02-16,0,-21.304486505122668,5,4249.262309403336
2017-02-21,-1,-1063.8787051712773,4,3185.383604232059
2017-02-22,-2,-2255.851693488005,2,929.5319107440541
2017-02-23,1,1113.84376068341,3,2043.375671427464
2017-02-24,0,-2.6281894891283173,3,2040.7474819383358
2017-02-27,1,1106.8172659865386,4,3147.5647479248746
2017-02-28,1,1113.6727777387905,5,4261.237525663665
2017-03-02,0,-13.327573296995752,5,4247.909952366669
2017-03-22,-1,-1067.0980594112098,4,3180.8118929554594
2017-03-27,0,47.64822600206162,4,3228.460118957521
2017-03-28,-1,-1083.7649537962695,3,2144.6951651612517
2017-03-29,1,1082.1721583304573,4,3226.8673234917087
2017-03-30,0,-54.73844420152113,4,3172.128879290188
2017-03-31,-1,-1091.0362502130092,3,2081.0926290771786
2017-04-03,1,1080.3665278333694,4,3161.459156910548
2017-04-04,1,1077.6808228256004,5,4239.139979736148
2017-04-10,0,-18.541119906310087,5,4220.598859829838
2017-04-11,0,-5.33279212481807,5,4215.26606770502
2017-04-12,0,-10.365592116388598,5,4204.900475588631
2017-04-13,-1,-1042.2052532002406,4,3162.69522238839
2017-04-18,0,-18.092826122603583,4,3144.6023962657864
2017-04-19,-2,-2204.7190767402362,2,939.8833195255502
2017-04-20,0,74.75159712737786,2,1014.634916652928
2017-04-21,0,-45.2344751782482,2,969.4004414746798
2017-04-24,1,1085.4019325573158,3,2054.802374031996
2017-04-25,1,1076.4297341302645,4,3131.2321081622604
2017-04-26,1,1080.3127008023212,5,4211.5448089645815
2017-04-27,0,-15.059460694980089,5,4196.485348269602
2017-04-28,0,-3.338277354888305,5,4193.147070914713
2017-05-03,-1,-1191.6063024480989,4,3001.5407684666143
2017-05-04,-1,-952.9446886773192,3,2048.596079789295
2017-05-05,2,2152.144528829496,5,4200.740608618791
2017-05-08,-1,-1081.0229271381866,4,3119.7176814806044
2017-05-11,1,1069.9653497758334,5,4189.683031256438
2017-05-18,-2,-2024.5754375003653,3,2165.1075937560727
2017-05-19,1,1042.2044843798992,4,3207.312078135972
2017-05-23,0,-51.183837357937364,4,3156.1282407780345
2017-06-01,1,1017.8643132457112,5,4173.9925540237455
2017-06-02,0,-44.269126086468304,5,4129.723427937277
2017-06-05,0,-0.2791575061135063,5,4129.444270431163
2017-06-12,0,-25.76343144551879,5,4103.680838985644
2017-06-13,0,-8.54211560929457,5,4095.13872337635
2017-06-16,0,-9.036162654512736,5,4086.102560721837
2017-06-20,0,2.318313257590944,5,4088.420873979428
2017-06-23,-2,-1991.9152300681221,3,2096.505643911306
2017-06-26,2,2070.1046709221655,5,4166.610314833471
2017-06-27,0,-51.02934319951282,5,4115.580971633959
2017-07-03,0,-8.928723758685464,5,4106.652247875274
2017-07-05,-1,-1094.8274876709918,4,3011.824760204282
2017-07-06,1,1048.5343665634543,5,4060.3591267677366
2017-07-11,-2,-2035.5772038762757,3,2024.781922891461
2017-07-12,2,2080.723818192032,5,4105.5057410834925
2017-07-14,-1,-1045.2839470928902,4,3060.2217939906022
2017-07-17,0,-17.743709671277657,4,3042.478084319325
2017-07-18,1,1075.665714833235,5,4118.14379915256
2017-07-20,0,14.318525095898622,5,4132.462324248459
2017-07-21,0,-20.814169118498967,5,4111.648155129959
2017-07-24,0,-13.266434496523289,5,4098.381720633436
2017-07-25,0,-3.995437421837778,5,4094.3862832115983
2017-07-26,0,-20.737521421928477,5,4073.64876178967
2017-07-27,0,-5.370755101914028,5,4068.278006687756
2017-07-28,0,1.0023852797808104,5,4069.2803919675366
2017-08-03,-1,-1075.1596733299136,4,2994.120718637623
2017-08-04,0,91.30534125140844,4,3085.4260598890314
2017-08-07,0,-4.289496957649362,4,3081.1365629313823
2017-08-08,0,-2.813288220051845,4,3078.3232747113307
2017-08-09,0,-17.615139197299186,4,3060.7081355140317
2017-08-10,-1,-1054.2556732724338,3,2006.452462241598
2017-08-15,1,1051.5095656342114,4,3057.9620278758093
2017-08-16,1,1042.6593186408636,5,4100.621346516673
2017-08-23,-1,-1051.432069257798,4,3049.189277258875
2017-08-25,-1,-984.012924093862,3,2065.176353165013
2017-08-28,1,1034.065809742396,4,3099.242162907409
2017-09-01,0,-35.46765020939006,4,3063.774512698019
2017-09-05,1,1032.2457498428632,5,4096.020262540882
2017-09-06,0,-7.681194669300794,5,4088.3390678715814
2017-09-07,0,-25.730261375699456,5,4062.608806495882
2017-09-08,0,-10.741663561510677,5,4051.8671429343713
2017-09-11,0,3.2119556354696215,5,4055.079098569841
2017-09-12,0,2.2722285750162428,5,4057.3513271448574
2017-09-13,0,9.883801771540902,5,4067.235128916398
2017-09-18,0,-18.415468752205243,5,4048.819660164193
2017-09-20,0,-36.8658314902691,5,4011.953828673924
2017-09-21,0,6.695743002770314,5,4018.649571676694
2017-09-26,0,-13.976031643146825,5,4004.6735400335474
2017-09-28,0,-41.851241457382,5,3962.8222985761654
2017-09-29,-1,-940.710058666672,4,3022.1122399094934
2017-10-02,1,1034.32108746341,5,4056.4333273729035
2017-10-04,0,-31.90231503442169,5,4024.5310123384816
2017-10-05,0,-15.352687508990357,5,4009.1783248294914
2017-10-10,0,26.828704480972874,5,4036.0070293104645
2017-10-12,0,-13.682868173127417,5,4022.324161137337
2017-10-16,-1,-985.4839905136728,4,3036.840170623664
2017-10-17,0,-10.599181661643456,4,3026.2409889620208
2017-10-18,0,-0.029678389814307593,4,3026.2113105722065
2017-10-19,-1,-1091.4390124582974,3,1934.772298113909
2017-10-20,-1,-1035.7251921774766,2,899.0471059364324
2017-10-23,3,3110.4405882678047,5,4009.4876942042374
2017-10-24,-1,-1065.5378236566123,4,2943.9498705476253
2017-10-25,-1,-972.279119841622,3,1971.6707507060032
2017-10-26,1,1012.9419899428638,4,2984.6127406488667
2017-10-27,0,-9.215031184513009,4,2975.3977094643537
2017-10-30,0,-5.7941967985066185,4,2969.603512665847
2017-10-31,1,1034.0603361732449,5,4003.6638488390918
2017-11-02,-1,-1064.1372358548906,4,2939.526612984201
2017-11-03,1,1033.6333899936387,5,3973.16000297784
2017-11-10,-1,-1048.8462270638422,4,2924.313775913998
2017-11-13,1,1025.687634316602,5,3950.0014102306004
2017-11-15,-1,-1042.6356088661053,4,2907.3658013644954
2017-11-16,-1,-997.7789786325244,3,1909.586822731971
2017-11-17,2,2060.6579186826284,5,3970.2447414145995
2017-11-20,-1,-1059.453136678797,4,2910.7916047358026
2017-11-21,1,1044.958626418431,5,3955.750231154234
2017-11-22,0,-3.5081176579371913,5,3952.242113496297
2017-11-29,0,2.0988965905376062,5,3954.3410100868346
2017-11-30,-1,-1027.9973168714657,4,2926.343693215369
2017-12-01,0,-41.7590907029612,4,2884.584602512408
2017-12-04,-1,-1099.576707736927,3,1785.007894775481
2017-12-05,2,2169.446370341715,5,3954.454265117196
2017-12-11,0,-22.104294174507913,5,3932.349970942688
2017-12-18,0,-36.27853276305359,5,3896.0714381796342
2017-12-19,0,2.4282498498898804,5,3898.499688029524
2017-12-20,-3,-3307.4578664371475,2,591.0418215923764
2017-12-21,1,1103.6589993998098,3,1694.7008209921862
2017-12-22,0,-29.136733421383724,3,1665.5640875708025
2017-12-29,-1,-1120.7406445920678,2,544.8234429787346
2018-01-03,1,1114.6582472677214,3,1659.481690246456
2018-01-04,-1,-1074.385414770745,2,585.0962754757111
2018-01-05,2,2230.6147602186015,4,2815.7110356943126
2018-01-08,1,1105.6935782384091,5,3921.404613932722
2018-01-09,-1,-1124.17635371807,4,2797.228260214652
2018-01-10,0,-3.440176913182995,4,2793.7880833014688
2018-01-12,1,1102.9468824200785,5,3896.7349657215473
2018-01-16,0,-38.41125718313333,5,3858.323708538414
2018-01-17,-2,-2215.0747775819573,3,1643.2489309564567
2018-01-18,2,2232.1758986821396,5,3875.4248296385963
2018-01-22,-1,-1140.5437415078145,4,2734.881088130782
2018-01-23,1,1090.695292905487,5,3825.5763810362687
2018-01-24,0,6.308888374085427,5,3831.8852694103543
2018-01-26,0,70.9407392351136,5,3902.826008645468
2018-01-31,-1,-1032.3186545183742,4,2870.507354127094
2018-02-01,0,-52.615071629474414,4,2817.89228249762
2018-02-06,-4,-4086.6462869739803,0,-1268.7540044763605
2018-02-07,1,1038.4008043081012,1,-230.35320016825926
2018-02-08,1,1033.7773599416914,2,803.4241597734322
2018-02-13,1,1030.735531245622,3,1834.1596910190542
2018-02-14,1,1026.6146198728322,4,2860.7743108918867
2018-02-15,1,1029.3562536031015,5,3890.130564494988
2018-02-16,0,-13.615671406662614,5,3876.514893088325
2018-02-20,0,-23.22305284998697,5,3853.2918402383384
2018-02-23,-1,-1082.4656582031912,4,2770.826182035147
2018-02-26,1,1040.792550216371,5,3811.618732251518
2018-02-27,0,-16.80401611069078,5,3794.814716140827
2018-03-05,0,-40.31991989005792,5,3754.494796250769
2018-03-06,0,57.93597529119643,5,3812.4307715419654
2018-03-08,0,-47.57718183088468,5,3764.8535897110805
2018-03-09,0,2.3326922950063818,5,3767.186282006087
2018-03-12,0,34.753830854847365,5,3801.9401128609343
2018-03-13,0,-24.465967184271904,5,3777.4741456766624
2018-03-19,0,-13.597930682245078,5,3763.8762149944173
2018-03-23,-2,-1918.8459170582348,3,1845.0302979361825
2018-03-26,-1,-962.628077737048,2,882.4022201991345
2018-03-27,0,-56.09154039933787,2,826.3106797997966
2018-03-28,2,2036.1714909927507,4,2862.4821707925475
2018-03-29,0,-13.887339596650918,4,2848.5948311958964
2018-04-02,1,1000.9389743739924,5,3849.533805569889
2018-04-06,0,-25.428807227027505,5,3824.1049983428616
2018-04-11,0,-12.54924598702803,5,3811.5557523558336
2018-04-12,-1,-1035.5243825003697,4,2776.0313698554637
2018-04-13,1,1017.2921661955528,5,3793.3235360510166
2018-04-16,0,-8.667465264982411,5,3784.6560707860344
2018-04-17,0,7.756533218162531,5,3792.412604004197
2018-04-18,0,-8.994629649441777,5,3783.417974354755
2018-04-19,0,-9.840988904846881,5,3773.5769854499085
2018-04-20,-1,-918.2492778129975,4,2855.327707636911
2018-04-23,0,67.013899948519,4,2922.3416075854298
2018-04-27,0,-17.6318335253884,4,2904.709774060041
2018-04-30,1,932.19428777338,5,3836.904061833421
2018-05-02,-1,-980.3551647461337,4,2856.5488970872875
2018-05-03,1,976.4308920967683,5,3832.979789184056
2018-05-04,-1,-974.7289630539256,4,2858.25082613013
2018-05-07,1,962.7176252606093,5,3820.9684513907396
2018-05-08,-1,-1012.400290425944,4,2808.5681609647954
2018-05-09,0,-17.791909122042625,4,2790.7762518427526
2018-05-10,1,1008.3619574212954,5,3799.138209264048
2018-05-11,0,-5.5843453423203755,5,3793.5538639217275
2018-05-14,0,8.980878839877164,5,3802.534742761605
2018-05-15,0,-26.261222302985402,5,3776.2735204586193
2018-05-17,0,-15.508074537063521,5,3760.7654459215555
2018-05-21,-1,-931.2222184302308,4,2829.5432274913246
2018-05-22,1,942.7708615605495,5,3772.3140890518744
2018-05-29,0,-45.6321315039811,5,3726.681957547893
2018-05-31,0,15.390777279693225,5,3742.0727348275864
2018-06-01,-1,-1014.4807654831208,4,2727.5919693444657
2018-06-04,1,1002.4670122146222,5,3730.058981559088
2018-06-05,0,-13.576209556806589,5,3716.4827720022813
2018-06-06,0,34.16973733677082,5,3750.652509339052
2018-06-07,0,-9.769879815986997,5,3740.8826295230647
2018-06-11,0,-12.679130006478431,5,3728.2034995165864
2018-06-13,-1,-1018.8389047889872,4,2709.364594727599
2018-06-14,1,1002.4604017214576,5,3711.824996449057
2018-06-15,0,-1.9341935651464155,5,3709.8908028839105
2018-06-18,0,-11.880336493497452,5,3698.010466390413
2018-06-22,0,55.85638758828725,5,3753.8668539787004
2018-06-25,0,0.39258730037067835,5,3754.2594412790713
2018-06-26,-2,-1984.9536263206537,3,1769.3058149584176
2018-06-27,2,1992.901935140997,5,3762.2077500994146
2018-07-06,0,0.04104580715488737,5,3762.2487959065693
2018-07-09,0,-33.01137287729739,5,3729.2374230292717
2018-07-10,0,-15.768540823454714,5,3713.468882205817
2018-07-19,0,43.9272868637222,5,3757.396169069539
2018-07-24,-1,-981.3157401215282,4,2776.080428948011
2018-07-26,1,973.2527380614812,5,3749.333167009492
2018-07-27,0,-4.816437921017268,5,3744.5167290884747
2018-07-31,-1,-931.9393024088736,4,2812.577426679601
2018-08-01,0,-35.752493259313496,4,2776.8249334202874
2018-08-06,1,963.2610796012627,5,3740.08601302155
2018-08-08,0,-3.4853459784510505,5,3736.600667043099
2018-08-10,0,-65.49893994739637,5,3671.1017270957027
2018-08-15,-1,-1014.64185427888,4,2656.4598728168226
2018-08-16,1,1010.3695330989638,5,3666.829405915786
2018-08-20,0,-25.7408833646507,5,3641.0885225511356
2018-08-22,0,2.2011268029469875,5,3643.2896493540825
2018-08-23,0,40.198569462742626,5,3683.488218816825
2018-08-24,-1,-1005.9206223679124,4,2677.5675964489124
2018-08-27,1,1001.6199122783024,5,3679.1875087272147
2018-08-28,0,-5.083234844402568,5,3674.104273882812
2018-08-29,0,-7.037900631563275,5,3667.0663732512485
2018-09-06,-1,-970.0166688860688,4,2697.0497043651794
2018-09-07,0,44.63192810029602,4,2741.6816324654756
2018-09-11,1,978.7424860873002,5,3720.424118552776
2018-09-13,-1,-960.8514881584156,4,2759.57263039436
2018-09-14,0,-47.64476428554701,4,2711.9278661088133
2018-09-17,1,991.1840936546912,5,3703.1119597635043
2018-09-18,0,-7.367856062790111,5,3695.7441037007143
2018-09-19,-1,-1058.17688767432,4,2637.5672160263944
2018-09-20,1,997.3246802983504,5,3634.8918963247447
2018-09-21,0,36.15425832866231,5,3671.046154653407
2018-09-24,0,-3.315578255675746,5,3667.730576397731
2018-09-25,-1,-1071.2867819509063,4,2596.4437944468245
2018-09-27,1,1015.7799502742008,5,3612.2237447210255
2018-09-28,0,76.25338267336781,5,3688.4771273943934
2018-10-01,-1,-960.6993719462638,4,2727.7777554481295
2018-10-08,1,958.5981030108358,5,3686.375858458965
2018-10-10,-1,-935.2205262431539,4,2751.155332215811
2018-10-12,-2,-1916.993865020743,2,834.1614671950681
2018-10-16,1,949.423325348904,3,1783.584792543972
2018-10-17,2,1895.107521867464,5,3678.692314411436
2018-10-25,0,-111.72898628979203,5,3566.9633281216443
2018-10-26,-1,-923.5965277122511,4,2643.3668004093934
2018-10-29,1,916.9998945414452,5,3560.366694950839
2018-10-30,0,-23.614871927574768,5,3536.751823023264
2018-10-31,0,4.013494668102908,5,3540.765317691367
2018-11-01,0,5.081308516282434,5,3545.846626207649
2018-11-05,0,-56.227735352211425,5,3489.6188908554377
2018-11-06,0,6.258204339531517,5,3495.877095194969
2018-11-09,0,91.31746729841188,5,3587.194562493381
2018-11-20,-2,-1878.0760151982738,3,1709.1185472951072
2018-11-21,1,945.5458145379192,4,2654.6643618330263
2018-11-26,-1,-955.888373553934,3,1698.7759882790924
2018-11-27,1,925.4265379474011,4,2624.2025262264933
2018-11-28,1,973.1454204336006,5,3597.347946660094
2018-11-29,0,-11.416735091791793,5,3585.931211568302
2018-12-03,0,-122.76020689821178,5,3463.17100467009
2018-12-04,0,72.38572133540652,5,3535.556726005497
2018-12-10,-1,-904.1706000896974,4,2631.3861259157993
2018-12-13,1,968.5663270279322,5,3599.9524529437313
2018-12-18,-1,-928.8077776613476,4,2671.1446752823836
2018-12-24,-3,-2579.0760790126806,1,92.068596269703
2018-12-27,1,894.1067994603495,2,986.1753957300525
2018-12-28,1,898.019080779578,3,1884.1944765096305
2018-12-31,1,898.4643690157677,4,2782.658845525398
2019-01-08,1,832.0360219074072,5,3614.6948674328055
2019-01-09,0,-18.469256581479613,5,3596.2256108513257
2019-01-10,0,-37.289196714856075,5,3558.9364141364695
2019-01-11,0,13.835140809802965,5,3572.7715549462723
2019-01-14,0,-7.952932040503583,5,3564.8186229057687
2019-01-18,0,-33.959236729546774,5,3530.859386176222
2019-01-22,0,48.07921081601319,5,3578.938596992235
2019-01-28,0,-5.616339908904024,5,3573.322257083331
2019-01-31,0,-26.76674626464819,5,3546.5555108186827
2019-02-01,0,-12.263461362180237,5,3534.2920494565024
2019-02-04,0,-2.61990283410762,5,3531.672146622395
2019-02-05,-1,-971.8388397727192,4,2559.833306849676
2019-02-06,1,1001.7202203134412,5,3561.553527163117
2019-02-08,-2,-2002.6039566672152,3,1558.9495704959018
2019-02-11,1,997.3634945898824,4,2556.3130650857843
2019-02-13,0,-2.8959132368560176,4,2553.4171518489284
2019-02-14,1,1014.9550368618176,5,3568.372188710746
2019-02-19,0,-4.015150699357264,5,3564.357038011389
2019-02-20,-3,-3407.155516807755,2,157.201521203634
2019-02-22,0,135.01810228840952,2,292.2196234920435
2019-02-25,-1,-1079.676792606393,1,-787.4571691143495
2019-02-26,1,1083.755941369816,2,296.29877225546636
2019-02-28,1,1083.9210372299965,3,1380.219809485463
2019-03-14,2,2150.201513183418,5,3530.4213226688807
2019-03-19,0,-12.459164317622253,5,3517.9621583512585
2019-03-20,0,1.149010675488853,5,3519.111169026747
2019-03-22,-1,-1136.4352305607279,4,2382.675938466019
2019-03-25,1,1096.2468922515934,5,3478.9228307176127
2019-03-26,0,-18.119018732746326,5,3460.803811984866
2019-03-29,0,-25.029123637741804,5,3435.7746883471245
2019-04-01,0,-17.34805670018227,5,3418.426631646942
2019-04-02,0,31.54213302661674,5,3449.968764673559
2019-04-08,0,23.977719276658945,5,3473.946483950218
2019-04-09,0,5.426207480337098,5,3479.3726914305553
2019-04-15,0,-35.03897998373668,5,3444.3337114468186
2019-04-17,0,34.64569030790267,5,3478.979401754721
2019-04-18,-1,-1037.6230585549645,4,2441.3563431997563
2019-04-24,-1,-1163.285742864085,3,1278.0706003356713
2019-04-25,1,1111.2332880130627,4,2389.3038883487343
2019-04-29,0,-35.0941900933135,4,2354.209698255421
2019-04-30,1,1104.4965085888362,5,3458.706206844257
2019-05-01,0,-5.844009742368144,5,3452.862197101889
2019-05-03,0,50.58564296702207,5,3503.447840068911
2019-05-06,-1,-1086.5364994991744,4,2416.9113405697362
2019-05-07,0,-6.030390315317618,4,2410.8809502544186
2019-05-10,1,1060.3203830767698,5,3471.2013333311884
2019-05-14,-1,-1011.756291784247,4,2459.4450415469414
2019-05-17,0,-30.754285666129135,4,2428.6907558808125
2019-05-20,-1,-1112.681606938617,3,1316.0091489421955
2019-05-22,1,1065.453732183767,4,2381.4628811259627
2019-05-24,-2,-2233.5353687151637,2,147.92751241079895
2019-05-28,2,2204.717032637731,4,2352.64454504853
2019-05-31,1,1087.131386827371,5,3439.775931875901
2019-06-06,0,-1.01371903339259,5,3438.7622128425082
2019-06-07,0,-5.347851279273755,5,3433.4143615632347
2019-06-10,0,-18.50528148102876,5,3414.909080082206
2019-06-11,0,-4.779866596975808,5,3410.12921348523
2019-06-12,0,-13.821398471061457,5,3396.3078150141687
2019-06-13,0,7.9389077436760545,5,3404.2467227578445
2019-06-19,0,-12.228093491221216,5,3392.018629266623
2019-06-20,0,-16.943063315598692,5,3375.075565951024
2019-06-21,0,6.435468011051853,5,3381.511033962076
2019-06-24,0,-15.057895441261508,5,3366.4531385208147
2019-07-01,0,-1.7381184464322814,5,3364.7150200743827
2019-07-02,0,-72.7800489242477,5,3291.934971150135
2019-07-05,-1,-1115.2643281379158,4,2176.6706430122194
2019-07-08,1,1211.1075622553078,5,3387.7782052675275
2019-07-10,0,-44.732223349881906,5,3343.045981917646
2019-07-11,-1,-1240.7159178463587,4,2102.330064071287
2019-07-12,0,-35.48024947361978,4,2066.8498145976673
2019-07-15,1,1284.4469261577956,5,3351.296740755463
2019-07-18,-1,-1114.6689895458358,4,2236.627751209627
2019-07-19,-1,-1326.332087765849,3,910.295663443778
2019-07-23,0,63.74938647641238,3,974.0450499201904
2019-07-24,-1,-1241.209882971389,2,-267.1648330511987
2019-07-25,3,3675.0452768529053,5,3407.880443801707
2019-07-29,0,-29.01713389958718,5,3378.86330990212
2019-08-01,-1,-1112.0809581841786,4,2266.7823517179413
2019-08-02,0,17.16584809759729,4,2283.948199815539
2019-08-05,0,77.0362798692986,4,2360.9844796848374
2019-08-06,-1,-1247.3251445195272,3,1113.6593351653103
2019-08-07,0,-5.633578442327462,3,1108.0257567229828
2019-08-08,2,2271.942210535626,5,3379.967967258609
2019-08-09,0,3.1515059505134104,5,3383.1194732091226
2019-08-12,-1,-1164.2678735858788,4,2218.8515996232436
2019-08-13,1,1140.8692146308051,5,3359.7208142540485
2019-08-14,-1,-1170.6623586254625,4,2189.0584556285858
2019-08-15,-1,-1027.7191256384338,3,1161.339329990152
2019-08-16,1,1124.4288261294066,4,2285.7681561195586
2019-08-20,0,18.531191638887776,4,2304.2993477584464
2019-08-21,0,-13.51069908132854,4,2290.7886486771176
2019-08-30,1,1081.7566260285842,5,3372.5452747057016
2019-09-04,0,-19.227528897935827,5,3353.3177458077657
2019-09-05,0,3.886051472287363,5,3357.203797280053
2019-09-06,0,-71.25510430015606,5,3285.948692979897
2019-09-09,0,14.39153510049232,5,3300.3402280803894
2019-09-10,0,-35.5802719548326,5,3264.7599561255565
2019-09-11,0,5.689354145271636,5,3270.4493102708284
2019-09-12,0,-15.708268614151848,5,3254.7410416566763
2019-09-13,-1,-1173.9096890995788,4,2080.8313525570975
2019-09-16,1,1177.8434988993006,5,3258.674851456398
2019-09-18,0,24.23459485225044,5,3282.9094463086485
2019-10-02,-1,-1064.777419917643,4,2218.1320263910056
2019-10-03,-1,-1133.478975739195,3,1084.6530506518106
2019-10-07,-1,-1141.611312056294,2,-56.95826140448344
2019-10-08,1,1134.03856783151,3,1077.0803064270265
2019-10-09,-1,-1067.2847969112331,2,9.795509515793356
2019-10-10,1,1120.8985296046164,3,1130.6940391204098
2019-10-11,1,1076.3353759108713,4,2207.029415031281
2019-10-14,1,1120.9810737476046,5,3328.0104887788857
2019-10-15,-1,-1153.548115934657,4,2174.4623728442284
2019-10-16,1,1065.375687803436,5,3239.8380606476644
2019-10-21,0,40.19134021567038,5,3280.0294008633346
2019-10-22,0,-39.3291983847007,5,3240.700202478634
2019-10-23,0,-0.13520892743031254,5,3240.5649935512038
2019-10-24,0,-18.19635367764681,5,3222.368639873557
2019-10-25,0,-5.7947202392497275,5,3216.5739196343075
2019-10-28,0,-4.09121564359657,5,3212.482703990711
2019-10-29,0,-9.378462165957444,5,3203.1042418247534
2019-10-30,0,-8.707734929560957,5,3194.3965068951925
2019-11-01,0,19.28868739494601,5,3213.6851942901385
2019-11-04,0,-2.4311992908819775,5,3211.2539949992565
2019-11-05,0,-29.911086390865194,5,3181.3429086083916
2019-11-06,0,-7.0541284812247795,5,3174.288780127167
2019-11-07,-1,-1103.305157208703,4,2070.983622918464
2019-11-11,1,1139.6093337743782,5,3210.592956692842
2019-11-13,-2,-2361.285273509198,3,849.3076831836443
2019-11-14,2,2291.5717634311623,5,3140.8794466148065
2019-11-15,0,-14.043869109997331,5,3126.8355775048094
2019-11-18,0,17.547874298245688,5,3144.3834518030553
2019-11-19,-1,-1179.3041340646275,4,1965.0793177384278
2019-11-20,1,1147.430337442689,5,3112.5096551811166
2019-11-27,0,-28.926842512069015,5,3083.5828126690476
2019-12-05,0,3.0213055726653693,5,3086.604118241713
2019-12-06,0,-14.194519714910939,5,3072.4095985268023
2019-12-13,0,56.42237518342563,5,3128.831973710228
2019-12-16,-1,-1244.9098688503561,4,1883.9221048598718
2019-12-17,1,1244.4383001781982,5,3128.36040503807
2019-12-19,0,19.192594118461784,5,3147.5529991565318
2019-12-20,0,40.40336158083369,5,3187.9563607373657
2019-12-23,-1,-1256.3746717710364,4,1931.5816889663292
2019-12-24,1,1251.3130614412294,5,3182.8947504075586
2019-12-27,0,-14.492109303909729,5,3168.402641103649
2020-01-03,0,13.67821628506772,5,3182.0808573887166
2020-01-09,0,-33.87661399243757,5,3148.204243396279
2020-01-10,-2,-2508.1882465265144,3,640.0159968697644
2020-01-13,2,2534.342012859516,5,3174.3580097292806
2020-01-14,0,-9.574875242437429,5,3164.783134486843
2020-01-17,-1,-1289.0063961813971,4,1875.776738305446
2020-01-21,1,1246.4672104876013,5,3122.2439487930474
2020-01-22,-2,-2425.382216848555,3,696.8617319444925
2020-01-24,1,1238.171026592008,4,1935.0327585365005
2020-01-27,-1,-1225.412951129702,3,709.6198074067986
2020-01-28,-1,-1186.2258803820832,2,-476.60607297528463
2020-01-29,2,2453.9961427529197,4,1977.390069777635
2020-02-03,-1,-1179.9712720720895,3,797.4187977055456
2020-02-04,1,1208.6954677528188,4,2006.1142654583643
2020-02-05,0,31.699470778319892,4,2037.8137362366842
2020-02-06,0,-90.0499253810026,4,1947.7638108556816
2020-02-07,0,-6.043298980052896,4,1941.7205118756287
2020-02-11,1,1205.8042170037436,5,3147.5247288793726
2020-02-12,0,-12.857675920193742,5,3134.667052959179
2020-02-13,-1,-1215.9828610099144,4,1918.6841919492645
2020-02-14,0,-4.5701009986894405,4,1914.114090950575
2020-02-18,0,-9.331080752677735,4,1904.7830101978973
2020-02-19,0,-49.838935980138785,4,1854.9440742177585
2020-02-20,0,-34.10738040401293,4,1820.8366938137456
2020-02-21,1,1264.7263073992722,5,3085.5630012130177
2020-02-25,-1,-1200.8747192078877,4,1884.68828200513
2020-02-26,-1,-1193.1943773205771,3,691.493904684553
2020-02-27,-1,-1165.496073289306,2,-474.002168604753
2020-02-28,-2,-2249.534868975462,0,-2723.537037580215
2020-03-03,4,4683.3499194345295,4,1959.8128818543146
2020-03-04,1,1156.9441509188327,5,3116.7570327731473
2020-03-05,0,-6.933633316219584,5,3109.8233994569277
2020-03-06,0,-35.97248635130586,5,3073.8509131056217
2020-03-13,-4,-4235.055645033026,1,-1161.2047319274043
2020-03-16,-1,-1184.7880148890188,0,-2345.9927468164233
2020-03-18,4,4366.529869873781,4,2020.5371230573573
2020-03-23,-1,-1013.6933555578039,3,1006.8437674995535
2020-03-25,1,1075.0799309080105,4,2081.923698407564
2020-04-06,0,-60.61249738411698,4,2021.3112010234472
2020-04-07,0,-35.00256097487363,4,1986.3086400485736
2020-04-09,1,993.5110691502557,5,2979.8197091988295
2020-04-13,0,-82.41101368572981,5,2897.4086955130997
2020-04-29,0,-39.38469487167572,5,2858.024000641424
2020-04-30,0,-40.81700165579582,5,2817.206998985628
2020-05-06,0,29.246743515293247,5,2846.453742500921
2020-05-08,-1,-1285.1152798761336,4,1561.3384626247876
2020-05-11,0,52.19169885340489,4,1613.5301614781924
2020-05-12,-1,-1283.159461317772,3,330.3707001604205
2020-05-13,0,30.935381836482975,3,361.30608199690346
2020-05-15,1,1285.2054219251231,4,1646.5115039220266
2020-05-19,1,1282.3760215380748,5,2928.8875254601016
2020-05-21,0,-62.84063823867609,5,2866.0468872214255
2020-05-27,0,-83.48632085009103,5,2782.5605663713345
2020-05-28,0,-56.45246346219983,5,2726.1081029091347
2020-06-02,-1,-1347.1013094738082,4,1379.0067934353265
2020-06-04,-1,-1198.885470597707,3,180.12132283761957
2020-06-05,2,2661.1790739416842,5,2841.300396779304
2020-06-08,-5,-7110.995245196796,0,-4269.694848417492
2020-06-09,1,1458.5275077787771,1,-2811.1673406387144
2020-06-24,-1,-1326.3578188245087,0,-4137.525159463223
2020-07-01,1,1431.536592922603,1,-2705.98856654062
2020-07-02,-1,-1450.3050049337337,0,-4156.2935714743535
2020-07-06,2,2869.427814010516,2,-1286.8657574638373
2020-07-07,2,2853.078740026921,4,1566.2129825630836
2020-07-09,0,-35.267796301118096,4,1530.9451862619655
2020-07-13,1,1402.6850504820811,5,2933.6302367440467
2020-07-14,-1,-1411.123592035383,4,1522.5066447086638
2020-07-16,1,1376.4090809705376,5,2898.9157256792014
2020-07-17,0,-16.897364211362856,5,2882.0183614678385
2020-07-24,0,-18.502483726124865,5,2863.5158777417137
2020-08-04,0,-251.98977259621188,5,2611.526105145502
2020-08-07,-2,-2851.6822032312684,3,-240.15609808576664
2020-08-10,2,2917.5125849750007,5,2677.356486889234
2020-08-11,0,35.99065508809531,5,2713.3471419773296
2020-08-12,-3,-4543.959265818464,2,-1830.6121238411342
2020-08-13,-1,-1558.100620551248,1,-3388.7127443923823
2020-08-14,1,1553.1358563040578,2,-1835.5768880883245
2020-08-17,-1,-1635.4956214123029,1,-3471.0725095006273
2020-08-19,1,1564.3374084340844,2,-1906.735101066543
2020-08-25,1,1569.1388710011197,3,-337.59623006542324
2020-08-27,-1,-1623.286242185341,2,-1960.8824722507643
2020-08-28,1,1572.4487794165266,3,-388.4336928342377
2020-08-31,2,3124.723016303803,5,2736.2893234695653
2020-09-02,-1,-1600.9234732368338,4,1135.3658502327314
2020-09-03,1,1513.6724492717562,5,2649.0382995044874
2020-09-09,-1,-1486.947155131881,4,1162.0911443726065
2020-09-11,-1,-1600.3848695668023,3,-438.29372519419576
2020-09-17,0,-37.14337688606474,3,-475.4371020802605
2020-09-18,-1,-1605.6865801554868,2,-2081.1236822357473
2020-09-21,1,1569.4477713088672,3,-511.6759109268801
2020-09-22,1,1573.1775041241106,4,1061.5015931972305
2020-09-24,-1,-1314.0824330037829,3,-252.58083980655238
2020-09-25,1,1521.6979512567684,4,1269.117111450216
2020-09-29,1,1566.8849429141178,5,2836.002054364334
2020-09-30,0,-16.85006778967636,5,2819.1519865746577
2020-10-02,0,26.302950140473513,5,2845.454936715131
2020-10-06,0,59.31279694246018,5,2904.7677336575916
2020-10-07,0,-20.55757838661816,5,2884.2101552709737
2020-10-08,0,-29.15904121069002,5,2855.051114060284
2020-10-09,0,-8.39685555956271,5,2846.654258500721
2020-10-12,0,-9.345325641697173,5,2837.308932859024
2020-10-13,0,-58.65385660149991,5,2778.6550762575243
2020-10-16,0,-39.36881779456053,5,2739.286258462964
2020-10-19,-2,-3261.2100238064622,3,-521.9237653434984
2020-10-22,0,-76.96035620273688,3,-598.8841215462353
2020-10-23,2,3356.1675501353566,5,2757.2834285891213
2020-10-26,0,13.146797386107437,5,2770.4302259752285
2020-10-28,-1,-1668.7748856556934,4,1101.655340319535
2020-10-29,-1,-1505.6470415263086,3,-403.99170120677354
2020-11-03,1,1633.9484873289011,4,1229.9567861221276
2020-11-04,0,53.40892904946077,4,1283.3657151715884
2020-11-05,0,-52.033469299895614,4,1231.3322458716927
2020-11-06,0,22.62584814984075,4,1253.9580940215335
2020-11-10,1,1532.5066641515416,5,2786.464758173075
2020-11-11,0,-0.7237231741839878,5,2785.7410349988913
2020-11-12,0,-26.9744516626929,5,2758.7665833361984
2020-11-13,-1,-1741.4801776074996,4,1017.2864057286988
2020-11-16,1,1719.8389580710698,5,2737.125363799769
2020-11-17,0,25.6989694723311,5,2762.8243332721
2020-11-18,0,-104.53504439680887,5,2658.2892888752913
2020-11-19,-1,-1763.7692246828767,4,894.5200641924146
2020-11-20,1,1769.5265723540208,5,2664.0466365464354
2020-11-24,-2,-3592.6333993920052,3,-928.5867628455699
2020-11-25,-1,-1817.4721522246712,2,-2746.058915070241
2020-11-30,-1,-1785.3013548387946,1,-4531.360269909035
2020-12-08,2,3590.217668057454,3,-941.1426018515813
2020-12-09,-1,-1866.8865510168412,2,-2808.0291528684224
2020-12-16,2,3617.205904994744,4,809.1767521263214
2020-12-17,0,-39.99297238549684,4,769.1837797408245
2020-12-18,0,-40.096455380478346,4,729.0873243603462
2020-12-21,-1,-1853.6618274248187,3,-1124.5745030644725
2020-12-22,-1,-1805.694455264948,2,-2930.2689583294205
2020-12-23,1,1827.0001213583728,3,-1103.2688369710477
2021-01-04,-1,-1857.166071651195,2,-2960.434908622243
2021-01-05,3,5491.949483765484,5,2531.514575143241
2021-01-06,0,12.367554941218941,5,2543.88213008446
2021-01-07,-1,-1902.2468085320738,4,641.6353215523864
2021-01-08,1,1825.692524530604,5,2467.3278460829906
2021-01-13,-1,-2021.4748093129936,4,445.85303676999706
2021-01-14,1,1839.18878095454,5,2285.0418177245374
2021-01-15,-2,-3598.151516343157,3,-1313.1096986186194
2021-01-19,0,208.71309870713935,3,-1104.39659991148
2021-01-20,1,1843.944663606817,4,739.5480636953369
2021-01-21,-1,-1835.3990832098743,3,-1095.8510195145375
2021-01-22,1,1832.5368949220183,4,736.6858754074808
2021-01-25,-1,-1882.3560524828472,3,-1145.6701770753664
2021-01-26,2,3702.9056981577864,5,2557.23552108242
2021-01-27,-1,-1924.0020632041676,4,633.2334578782522
2021-01-28,-2,-3599.3825442643256,2,-2966.1490863860736
2021-02-03,3,5578.827628482553,5,2612.6785420964798
2021-02-11,0,-65.73502368610366,5,2546.943518410376
2021-02-17,0,72.9953189211094,5,2619.938837331485
2021-02-18,0,10.65249424002809,5,2630.5913315715134
2021-02-23,0,45.019378545768404,5,2675.610710117282
2021-02-24,0,-3.286337454172781,5,2672.324372663109
2021-02-25,-1,-1888.8828415121773,4,783.4415311509317
2021-03-01,-1,-1708.7328114685342,3,-925.2912803176025
2021-03-02,1,1796.7160593461658,4,871.4247790285633
2021-03-03,0,-21.973175113565503,4,849.4516039149978
2021-03-04,-1,-1824.1359522502848,3,-974.684348335287
2021-03-08,1,1827.4816057990656,4,852.7972574637786
2021-03-09,1,1737.3911326358932,5,2590.188390099672
2021-03-11,0,-26.95209193788355,5,2563.236298161788
2021-03-12,0,-58.06518386091079,5,2505.171114300877
2021-03-17,0,-26.146814629540586,5,2479.0242996713364
2021-03-18,-1,-1864.326334575132,4,614.6979650962044
2021-03-19,-1,-1906.0095736569915,3,-1291.3116085607871
2021-03-22,1,1861.0356449378253,4,569.7240363770381
2021-03-23,1,1861.2295213361945,5,2430.953557713233
2021-03-24,0,2.1834682252538187,5,2433.1370259384867
2021-03-26,0,24.15277937429869,5,2457.2898053127856
2021-03-29,0,-25.320589339404705,5,2431.969215973381
2021-04-05,0,-67.78170779192078,5,2364.18750818146
2021-04-06,0,0.02334007314925657,5,2364.210848254609
2021-04-09,0,-28.863183896918827,5,2335.3476643576905
2021-04-12,0,71.13416451192688,5,2406.4818288696174
2021-04-13,0,-24.37522929260058,5,2382.106599577017
2021-04-15,0,12.56208078553368,5,2394.6686803625507
2021-04-16,-1,-1978.1377123661473,4,416.53096799640343
2021-04-19,-2,-3930.9537528807764,2,-3514.422784884373
2021-04-23,-1,-2048.6871538018054,1,-5563.109938686179
2021-04-26,1,2016.2350384648423,2,-3546.8749002213362
2021-04-27,1,2087.009670689096,3,-1459.8652295322404
2021-04-28,-2,-4146.963393210581,1,-5606.828622742822
2021-05-04,2,4009.6929587254685,3,-1597.135664017353
2021-05-06,-1,-2207.3395998558503,2,-3804.4752638732034
2021-05-07,1,2054.2029496548485,3,-1750.272314218355
2021-05-10,2,4086.017870222352,5,2335.745556003997
2021-05-11,-1,-1732.3885529590357,4,603.3570030449614
2021-05-18,-1,-2084.727790337123,3,-1481.3707872921618
2021-05-21,2,3977.938226318874,5,2496.5674390267122
2021-05-25,0,-45.0380694433195,5,2451.5293695833925
2021-05-27,0,38.318481790433225,5,2489.8478513738255
2021-06-01,0,-46.18745410061456,5,2443.660397273211
2021-06-02,0,-106.52962821960841,5,2337.1307690536023
2021-06-07,-1,-1995.2989501187049,4,341.83181893489746
2021-06-08,1,2008.261638663381,5,2350.0934575982783
2021-06-09,-1,-2070.740778657612,4,279.35267894066646
2021-06-11,0,-28.550984493969736,4,250.80169444669673
2021-06-14,-1,-2009.0553920532975,3,-1758.2536976066008
2021-06-15,2,4000.112315226199,5,2241.858617619598
2021-06-18,0,36.40464781557807,5,2278.2632654351764
2021-06-21,-1,-1891.3405864547733,4,386.92267898040313
2021-06-22,1,1956.4186917184388,5,2343.341370698842
2021-06-23,0,-119.44427744802533,5,2223.897093250817
2021-06-25,0,-44.093049663702686,5,2179.8040435871144
2021-06-29,0,-14.635963648009238,5,2165.168079939105
2021-06-30,0,-5.138597282554201,5,2160.029482656551
2021-07-01,0,-32.766583817097626,5,2127.2628988394536
2021-07-07,0,265.98982188867285,5,2393.2527207281264
2021-07-08,0,-6.490184524919641,5,2386.7625362032068
2021-07-09,-1,-1869.8757864933848,4,516.886749709822
2021-07-12,1,1913.326914159192,5,2430.213663869014
2021-07-14,-2,-3847.0658159262384,3,-1416.8521520572244
2021-07-15,2,3867.759420950512,5,2450.9072688932874
2021-07-19,-1,-1933.8584315165106,4,517.0488373767769
2021-07-20,-1,-1785.1300019934465,3,-1268.0811646166696
2021-07-21,1,1877.388654986845,4,609.3074903701754
2021-08-04,0,-10.56889045841558,4,598.7385999117598
2021-08-09,0,-12.795477830601158,4,585.9431220811587
2021-08-10,0,-3.61988684657058,4,582.3232352345881
2021-08-11,0,-55.653213812823196,4,526.6700214217649
2021-08-12,1,1888.8219779274737,5,2415.4919993492385
2021-08-13,-1,-1919.820481523784,4,495.67151782545443
2021-08-16,1,1911.416536175983,5,2407.0880540014377
2021-08-17,-3,-5760.792610450078,2,-3353.7045564486407
2021-08-18,1,1906.616807216096,3,-1447.0877492325446
2021-08-19,1,1888.6655101657748,4,441.57776093323014
2021-08-20,1,1887.394451705278,5,2328.972212638508
2021-08-23,-1,-2059.6916114782116,4,269.28060116029656
2021-08-24,-1,-1946.27730230266,3,-1676.9967011423635
2021-08-25,2,3870.9001130226447,5,2193.903411880281
2021-08-26,0,-1.4648371116727503,5,2192.4385747686083
2021-08-30,0,-23.38740636726243,5,2169.051168401346
2021-08-31,0,-19.841460656533172,5,2149.2097077448125
2021-09-02,-1,-1875.6176736853208,4,273.59203405949165
2021-09-03,1,1969.4547048015081,5,2243.0467388609995
2021-09-07,0,11.305881922783101,5,2254.3526207837826
2021-09-08,-2,-4100.610705911044,3,-1846.258085127261
2021-09-09,1,1980.9398447901503,4,134.68175966288936
2021-09-10,1,1976.4859725921715,5,2111.167732255061
2021-09-17,0,144.06474662080154,5,2255.2324788758624
2021-09-22,-1,-1843.0371780115615,4,412.19530086430086
2021-09-23,1,1899.467421265182,5,2311.662722129483
2021-09-24,0,-38.35242562164831,5,2273.3102965078347
2021-09-27,-1,-1850.7025017425224,4,422.6077947653123
2021-09-28,1,1844.9221137193806,5,2267.529908484693
2021-10-01,-1,-1855.8774108965035,4,411.65249758818936
2021-10-06,1,1869.777161789227,5,2281.429659377416
2021-10-07,0,-60.72253412160376,5,2220.7071252558126
2021-10-08,0,-17.25552095795706,5,2203.4516042978557
2021-10-11,0,-27.371017167990885,5,2176.080587129865
2021-10-13,0,-5.803872077003689,5,2170.276715052861
2021-10-14,0,-23.0132558004143,5,2147.263459252447
2021-10-15,0,-66.0870150204928,5,2081.176444231954
2021-10-18,0,116.88630065312122,5,2198.0627448850755
2021-10-19,0,-115.35544130606058,5,2082.707303579015
2021-10-21,0,-26.344439719298634,5,2056.3628638597165
2021-10-22,0,108.61213011993823,5,2164.9749939796548
2021-10-25,0,-64.87310236368239,5,2100.1018916159724
2021-10-26,0,13.417827438220456,5,2113.519719054193
2021-10-28,-1,-1885.219926676235,4,228.29979237795806
2021-10-29,1,1903.942174004713,5,2132.2419663826713
2021-11-01,0,-269.02927608289224,5,1863.212690299779
2021-11-02,0,-95.50345309190288,5,1767.7092372078762
2021-11-03,0,-4.72390973047095,5,1762.9853274774052
2021-11-04,0,71.6604533618588,5,1834.645780839264
2021-11-05,-1,-1718.351592779716,4,116.2941880595481
2021-11-08,1,2039.428351759528,5,2155.722539819076
2021-11-10,-1,-2073.1406677843456,4,82.58187203473017
2021-11-11,0,-19.067970389164657,4,63.51390164556551
2021-11-12,1,2017.7353925964142,5,2081.2492942419794
2021-11-15,-3,-6190.976686269677,2,-4109.7273920276975
2021-11-16,1,2038.4934751314381,3,-2071.2339168962594
2021-11-17,0,-13.774712102386275,3,-2085.0086289986457
2021-11-18,1,2081.14850637799,4,-3.860122620655602
2021-11-23,0,89.4224869216041,4,85.5623643009485
2021-11-24,1,2047.530281647865,5,2133.0926459488137
2021-12-01,-2,-3904.970927795226,3,-1771.8782818464124
2021-12-02,-2,-3829.5298589185786,1,-5601.408140764991
2021-12-03,1,1950.1701890714733,2,-3651.237951693518
2021-12-07,2,3926.503761320826,4,275.26580962730804
2021-12-08,0,-17.595847818940683,4,257.66996180836736
2021-12-13,0,-27.383119200936335,4,230.28684260743103
2021-12-14,-1,-2110.223563210785,3,-1879.936720603354
2021-12-15,2,3910.66730122704,5,2030.730580623686
2021-12-16,0,-110.1481889702593,5,1920.5823916534266
2021-12-17,0,22.937716847351112,5,1943.5201085007777
2021-12-20,0,-17.286753413224233,5,1926.2333550875535
2021-12-23,0,-50.499131263098434,5,1875.734223824455
2021-12-27,0,-26.3742909260111,5,1849.359932898444
2021-12-28,0,4.6628706727397,5,1854.0228035711837
2021-12-29,0,-12.209508788533412,5,1841.8132947826502
2021-12-30,-1,-2053.297578234133,4,-211.48428345148295
2022-01-04,1,2034.828514452638,5,1823.344231001155
2022-01-05,0,140.1148389347518,5,1963.4590699359069
2022-01-07,0,-23.913360520847164,5,1939.5457094150597
2022-01-10,0,12.78548501272553,5,1952.3311944277852
2022-01-11,-1,-2109.1809092501594,4,-156.84971482237415
2022-01-12,-1,-2118.1558081402777,3,-2275.005522962652
2022-01-13,1,2080.1171659222377,4,-194.88835704041412
2022-01-14,1,2069.004178158501,5,1874.1158211180868
2022-01-19,-1,-1869.666522679112,4,4.449298438974893
2022-01-20,1,2012.654613239108,5,2017.1039116780828
2022-01-21,-1,-1841.1436228555167,4,175.9602888225661
2022-01-24,-1,-1861.234281516441,3,-1685.2739926938748
2022-01-26,1,1885.311195699724,4,200.03720300584928
2022-01-27,-2,-3446.4066786241146,2,-3246.3694756182654
2022-01-28,2,3685.7411455562287,4,439.37166993796336
2022-02-01,0,-38.9081161299996,4,400.46355380796376
2022-02-02,0,-25.21817020750632,4,375.24538360045744
2022-02-04,0,-96.04889418013727,4,279.1964894203202
2022-02-07,0,-88.94431495832237,4,190.2521744619978
2022-02-09,1,1712.757578897399,5,1903.0097533593969
2022-02-10,0,42.50021705063614,5,1945.509970410033
2022-02-11,0,-27.03802753983382,5,1918.4719428701992
2022-02-14,-1,-1593.5749931828102,4,324.896949687389
2022-02-16,0,-43.014741923892416,4,281.8822077634966
2022-02-17,0,-15.205866373632716,4,266.67634138986386
2022-02-24,-2,-3246.3088157773773,2,-2979.6324743875134
2022-02-25,1,1685.283129731688,3,-1294.3493446558255
2022-02-28,1,1694.2571433891824,4,399.9077987333569
2022-03-03,0,-81.04928529200652,4,318.8585134413504
2022-03-04,0,-47.03747185789098,4,271.8210415834594
2022-03-07,1,1617.7851003294895,5,1889.606141912949
2022-03-08,-3,-4959.457657091912,2,-3069.8515151789625
2022-03-14,1,1672.8015163974844,3,-1397.049998781478
2022-03-15,-1,-1643.53257039505,2,-3040.582569176528
2022-03-16,2,3344.7892497885214,4,304.2066806119933
2022-03-18,1,1619.0128953740932,5,1923.2195759860865
2022-03-21,0,-18.866163889005065,5,1904.3534120970814
2022-03-22,0,3.4172758485178747,5,1907.7706879455993
2022-03-23,-1,-1674.6860063663548,4,233.0846815792445
2022-03-24,-1,-1692.8388948451038,3,-1459.7542132658593
2022-03-25,2,3352.380336701581,5,1892.6261234357219
2022-03-29,0,-32.36276190296849,5,1860.2633615327534
2022-03-30,0,37.20973528609943,5,1897.4730968188528
2022-04-05,0,-73.64013996279596,5,1823.8329568560569
2022-04-06,-1,-1475.7587281472872,4,348.0742287087696
2022-04-07,0,47.92970169292471,4,396.00393040169433
2022-04-08,0,-16.141645361362862,4,379.86228504033147
2022-04-11,0,-28.867747011436904,4,350.99453802889457
2022-04-19,-1,-1595.6261383721396,3,-1244.631600343245
2022-04-20,1,1584.878962135851,4,340.24736179260594
2022-04-21,0,-6.9179220126923155,4,333.3294397799136
2022-04-22,0,2.679605465254781,4,336.0090452451684
2022-04-25,-2,-3020.798632372952,2,-2684.7895871277833
2022-04-27,-1,-1557.6000478027252,1,-4242.389634930509
2022-04-28,1,1521.3828863474764,2,-2721.0067485830323
2022-04-29,3,4584.069775152521,5,1863.063026569489
2022-05-04,-1,-1538.545722212193,4,324.5173043572961
2022-05-09,1,1524.8972657905551,5,1849.4145701478512
2022-05-17,-1,-1587.7588827064674,4,261.65568744138386
2022-05-18,1,1541.9206680807004,5,1803.5763555220842
2022-05-19,-1,-1242.0027489992233,4,561.5736065228609
2022-05-23,0,-17.216187273099877,4,544.357419249761
2022-05-24,0,-6.512569546816849,4,537.8448497029442
2022-05-25,1,1301.9480201882816,5,1839.7928698912258
2022-05-26,-1,-1374.824500214746,4,464.9683696764798
2022-05-31,0,32.26288496714437,4,497.2312546436242
2022-06-03,1,1304.2748771564804,5,1801.5061318001046
2022-06-06,-1,-1580.6955754287817,4,220.81055637132295
2022-06-07,1,1479.3301016006894,5,1700.1406579720124
2022-06-08,0,-28.9068137081008,5,1671.2338442639116
2022-06-13,-1,-1273.6229007462985,4,397.6109435176131
2022-06-14,-2,-2589.573308753699,2,-2191.962365236086
2022-06-15,-1,-1382.8649066719706,1,-3574.827271908057
2022-06-17,-1,-1312.264248035356,0,-4887.091519943413
2022-06-22,3,4022.2249304217794,3,-864.8665895216336
2022-06-23,1,1346.8118066302989,4,481.94521710866525
2022-06-24,0,-42.29572341833182,4,439.64949369033343
2022-06-27,1,1345.04420192405,5,1784.6936956143834
2022-07-07,0,-26.498008393985174,5,1758.1956872203982
2022-07-08,0,-21.926297953681797,5,1736.2693892667164
2022-07-11,0,0.8280262160885741,5,1737.097415482805
2022-07-12,-1,-1407.7243209818316,4,329.37309450097337
2022-07-13,1,1374.20124119496,5,1703.5743356959333
2022-07-18,0,-57.73370207926746,5,1645.8406336166659
2022-07-20,0,20.91143950151809,5,1666.752073118184
2022-07-21,0,-21.58832966658315,5,1645.1637434516008
2022-07-22,0,-28.18883465224212,5,1616.9749087993587
2022-07-25,0,1.1500963678868175,5,1618.1250051672455
2022-07-28,0,-131.1366939337056,5,1486.98831123354
2022-07-29,0,12.58710189152498,5,1499.5754131250649
2022-08-01,0,-18.319021459279156,5,1481.2563916657857
2022-08-02,0,-10.713145376369312,5,1470.5432462894164
2022-08-03,-1,-1532.1608197978915,4,-61.61757350847506
2022-08-04,1,1414.9189497314937,5,1353.3013762230187
2022-08-09,0,-39.5666026658937,5,1313.734773557125
2022-08-15,0,-25.099481964414053,5,1288.635291592711
2022-08-17,-1,-1436.9389517352922,4,-148.3036601425813
2022-08-18,1,1529.7416843695482,5,1381.438024226967
2022-08-19,-2,-2855.1018379183806,3,-1473.6638136914137
2022-08-30,-1,-1457.420455850554,2,-2931.084269541968
2022-09-06,-1,-1406.3891885220849,1,-4337.4734580640525
2022-09-07,1,1476.3698125136152,2,-2861.1036455504372
2022-09-08,3,4419.018614145336,5,1557.9149685948987
2022-09-09,-1,-1289.7931062468415,4,268.1218623480572
2022-09-12,0,-21.041856371183258,4,247.08000597687396
2022-09-13,0,25.391262408307966,4,272.47126838518193
2022-09-15,-1,-1397.541590576244,3,-1125.0703221910621
2022-09-16,1,1465.666701236335,4,340.5963790452729
2022-09-20,-1,-1492.47292015964,3,-1151.876541114367
2022-09-23,-2,-2604.224814870667,1,-3756.1013559850344
2022-09-30,1,1379.9370837872607,2,-2376.1642721977737
2022-10-05,2,2653.9843262059267,4,277.82005400815297
2022-10-06,0,-20.06571328187988,4,257.7543407262731
2022-10-07,1,1288.0465482118366,5,1545.8008889381097
2022-10-14,0,-57.821613665350014,5,1487.9792752727597
2022-10-21,0,-91.86536190584843,5,1396.1139133669112
2022-10-24,0,-0.09293253502642074,5,1396.0209808318848
2022-10-25,0,-12.485311015161187,5,1383.5356698167236
2022-10-26,0,-20.563191014931135,5,1362.9724788017925
2022-10-28,0,-22.819603776315716,5,1340.1528750254768
2022-10-31,0,122.28668488175867,5,1462.4395599072354
2022-11-02,0,-21.86653017598269,5,1440.5730297312527
2022-11-07,0,-60.85881110513583,5,1379.714218626117
2022-11-08,0,-5.3297490432007635,5,1374.3844695829162
2022-11-09,0,-27.68140575739153,5,1346.7030638255246
2022-11-11,0,163.8219531247098,5,1510.5250169502344
2022-11-14,0,-71.9121166916284,5,1438.612900258606
2022-11-17,0,90.29555627192235,5,1528.9084565305284
2022-11-23,0,-58.36339460981162,5,1470.5450619207168
2022-12-01,0,-81.66586053925016,5,1388.8792013814666
2022-12-14,-1,-1760.5860310356709,4,-371.7068296542043
2022-12-16,-2,-3030.723465837152,2,-3402.4302954913564
2022-12-20,-1,-1527.168199759141,1,-4929.598495250498
2022-12-30,0,-36.707712785991134,1,-4966.306208036489
2023-01-04,1,1643.0376728358674,2,-3323.2685352006215
2023-01-05,2,3273.0416830217896,4,-50.226852178831905
2023-01-06,1,1590.0731882462874,5,1539.8463360674555
2023-01-09,0,-1.4181821429071988,5,1538.4281539245483
2023-01-10,-1,-1738.8376492181408,4,-200.4094952935925
2023-01-11,0,-18.811794837803518,4,-219.22129013139602
2023-01-12,1,1698.6052894630718,5,1479.3839993316758
2023-01-13,0,0.19945056537653727,5,1479.5834498970523
2023-01-17,0,-29.371727183869325,5,1450.211722713183
2023-01-18,0,-13.525203950367313,5,1436.6865187628157
2023-01-24,0,-78.15243632050851,5,1358.5340824423072
2023-01-25,-1,-1750.4564695139911,4,-391.92238707168394
2023-01-26,1,1762.90848496618,5,1370.986097894496
2023-01-30,0,-123.84577323920757,5,1247.1403246552884
2023-02-01,0,115.92114624233682,5,1363.0614708976252
2023-02-02,0,-66.20809639305912,5,1296.853374504566
2023-02-03,0,48.768467472217935,5,1345.621841976784
2023-02-06,0,-15.752974703267455,5,1329.8688672735166
2023-02-07,0,-20.467790756001932,5,1309.4010765175146
2023-02-09,0,-5.401589658686362,5,1303.9994868588283
2023-02-13,0,-33.72998393435955,5,1270.2695029244687
2023-02-14,0,-10.099452385645236,5,1260.1700505388235
2023-03-01,-1,-1714.7681719280667,4,-454.59812138924326
2023-03-03,0,78.70175552663954,4,-375.8963658626037
2023-03-06,0,32.70953203762929,4,-343.1868338249744
2023-03-07,-1,-1775.794060984778,3,-2118.9808948097525
2023-03-08,-2,-3371.735980538874,1,-5490.716875348627
2023-03-14,-1,-1659.7575075577186,0,-7150.474382906345
2023-03-15,4,6853.299559168479,4,-297.17482373786606
2023-03-16,0,-22.98281595070921,4,-320.1576396885753
2023-03-17,1,1655.146870348432,5,1334.9892306598567
2023-03-24,-1,-1600.8939022197703,4,-265.9046715599136
2023-04-03,0,-72.35273361996178,4,-338.2574051798754
2023-04-04,1,1711.6883304894009,5,1373.4309253095255
2023-04-11,0,-19.066307856691537,5,1354.364617452834
2023-04-12,0,0.056840809631694356,5,1354.4214582624656
2023-04-18,0,-53.41648655026279,5,1301.0049717122029
2023-04-19,0,-25.48223858682877,5,1275.522733125374
2023-04-21,0,-1.556913759140798,5,1273.9658193662333
2023-04-24,-1,-1746.9093995644837,4,-472.9435801982504
2023-04-25,0,-36.36114911047321,4,-509.3047293087236
2023-04-27,0,46.34433283772751,4,-462.9603964709961
2023-04-28,1,1733.0770350340317,5,1270.1166385630356
2023-05-01,0,-38.83496294843576,5,1231.2816756145999
2023-05-02,0,-12.620069933138893,5,1218.661605681461
2023-05-03,-2,-3300.4716451450554,3,-2081.8100394635944
2023-05-04,0,-44.1680185528453,3,-2125.9780580164397
2023-05-05,-1,-1807.9248064633755,2,-3933.9028644798154
2023-05-08,2,3501.494990289542,4,-432.40787419027356
2023-05-09,1,1687.7100716771856,5,1255.302197486912
2023-05-11,-2,-3585.3180859075974,3,-2330.0158884206853
2023-05-12,1,1754.9075880717112,4,-575.1083003489741
2023-05-15,1,1733.9090240692658,5,1158.8007237202917
2023-05-16,0,-7.831217645017432,5,1150.9695060752742
2023-05-17,0,38.74300642936919,5,1189.7125125046434
2023-05-18,0,3.618203108546595,5,1193.33071561319
2023-05-24,0,-63.983100266330894,5,1129.3476153468591
2023-06-07,0,-99.4901891712691,5,1029.85742617559
2023-06-08,0,-53.30155337722272,5,976.5558727983673
2023-06-13,0,177.1369851753509,5,1153.6928579737182
2023-06-14,0,-28.649644728857538,5,1125.0432132448607
2023-06-16,0,-25.694459381702927,5,1099.3487538631578
2023-06-21,0,83.03460465932517,5,1182.383358522483
2023-06-27,0,-20.73519598838493,5,1161.648162534098
2023-06-28,-1,-1736.6839955747773,4,-575.0358330406793
2023-06-29,1,1706.1579167671018,5,1131.1220837264225
2023-06-30,0,-8.114690090886825,5,1123.0073936355357
2023-07-03,0,-3.51370065194601,5,1119.4936929835897
2023-07-05,-1,-1684.2199868024625,4,-564.7262938188728
2023-07-06,1,1719.9763898041017,5,1155.2500959852289
2023-07-10,0,-42.02553525742951,5,1113.2245607277994
2023-07-11,-2,-3524.225464485163,3,-2411.0009037573636
2023-07-12,1,1760.7418463882154,4,-650.2590573691482
2023-07-13,1,1749.931788942837,5,1099.672731573689
2023-07-14,-1,-1595.6649810451643,4,-495.99224947147536
2023-07-17,0,-7.169499105548539,4,-503.1617485770239
2023-07-18,0,-50.78024566807926,4,-553.9419942451032
2023-07-19,1,1691.353052895811,5,1137.411058650708
2023-07-20,0,-8.460583771918436,5,1128.9504748787895
2023-07-21,0,-46.33109939092515,5,1082.6193754878643
2023-07-24,0,-40.3810181945953,5,1042.238357293269
2023-07-26,-1,-1755.167148777875,4,-712.9287914846059
2023-07-27,0,-26.8808846596296,4,-739.8096761442355
2023-07-28,-1,-1617.021203333417,3,-2356.830879477652
2023-07-31,2,3450.7334529392783,5,1093.9025734616262
2023-08-03,-1,-1744.8639260771708,4,-650.9613526155447
2023-08-04,-1,-1619.7576415505046,3,-2270.718994166049
2023-08-08,1,1718.0493835635214,4,-552.6696106025277
2023-08-15,1,1692.371396584024,5,1139.7017859814964
2023-08-16,-1,-1635.209221485105,4,-495.5074355036086
2023-08-17,-1,-1894.486048352495,3,-2389.9934838561035
2023-08-18,-1,-1637.5865409999856,2,-4027.580024856089
2023-08-21,1,1697.798433837214,3,-2329.781591018875
2023-08-22,2,3398.122596528917,5,1068.3410055100417
2023-08-24,-1,-1732.3705885929037,4,-664.029583082862
2023-08-28,1,1687.8647872931217,5,1023.8352042102597
2023-08-29,-1,-1735.454944435301,4,-711.6197402250414
2023-08-30,1,1705.3335351163485,5,993.7137948913071
2023-09-06,0,-33.80462644793147,5,959.9091684433756
2023-09-07,0,102.17639696179981,5,1062.0855654051754
2023-09-08,0,-0.3082392643914318,5,1061.777326140784
2023-09-12,0,-70.23233481555121,5,991.5449913252328
2023-09-13,0,85.92836021644234,5,1077.4733515416751
2023-09-14,0,-89.5769968333193,5,987.8963547083558
2023-09-15,0,-1.0869724384444908,5,986.8093822699113
2023-09-18,0,-23.713491215101158,5,963.0958910548102
2023-09-22,-1,-1518.7611385027265,4,-555.6652474479163
2023-09-25,-2,-3090.8776333219275,2,-3646.5428807698436
2023-09-28,1,1585.2580403417726,3,-2061.284840428071
2023-09-29,0,-16.390595207279603,3,-2077.675435635351
2023-10-02,1,1577.6701289177872,4,-500.0053067175636
2023-10-03,1,1565.3108069901305,5,1065.3055002725669
2023-10-06,-1,-1518.7706483612371,4,-453.4651480886703
2023-10-09,0,8.59249411724386,4,-444.8726539714264
2023-10-10,1,1477.8531047681101,5,1032.9804507966837
2023-10-11,0,-29.11633422624095,5,1003.8641165704428
2023-10-12,0,-38.179343115920574,5,965.6847734545222
2023-10-13,-1,-1314.384504623088,4,-348.6997311685659
2023-10-16,0,-9.876004877783089,4,-358.575736046349
2023-10-17,0,5.535592349081753,4,-353.04014369726724
2023-10-19,0,51.62540958569821,4,-301.41473411156903
2023-10-23,-1,-1450.4771215560336,3,-1751.8918556676026
2023-10-24,1,1425.8556095103008,4,-326.0362461573018
2023-10-27,0,70.33273870687822,4,-255.70350745042356
2023-11-02,0,-88.0745413442678,4,-343.77804879469136
2023-11-03,1,1332.2319747511242,5,988.4539259564328
2023-11-06,-1,-1396.8592590984274,4,-408.40533314199456
2023-11-08,1,1387.081983058157,5,978.6766499161624
2023-11-13,0,-48.00431089538142,5,930.672339020781
2023-11-14,0,-96.20474016683374,5,834.4675988539473
2023-11-16,0,-10.84067219282906,5,823.6269266611182
2023-11-21,0,-15.06932576205054,5,808.5576008990677
2023-11-22,0,-19.635877640111858,5,788.9217232589558
2023-11-24,0,9.123294513608926,5,798.0450177725647
2023-11-27,0,-13.343518658245557,5,784.7014991143192
2023-11-29,0,-87.68330290258837,5,697.0181962117308
2023-11-30,0,46.67381004992967,5,743.6920062616605
2023-12-01,0,8.058288785191735,5,751.7502950468522
2023-12-04,0,-7.6329297053537175,5,744.1173653414985
2023-12-05,-1,-1500.4134513194551,4,-756.2960859779566
2023-12-07,1,1464.4663926443775,5,708.1703066664209
2023-12-08,0,-1.6815632139614536,5,706.4887434524594
2023-12-12,0,-36.65141481772412,5,669.8373286347353
2023-12-15,-1,-1541.3563701136554,4,-871.5190414789201
2023-12-19,1,1503.0471867435456,5,631.5281452646254
2023-12-20,0,-13.067121462439445,5,618.461023802186
2024-01-02,-1,-1509.463680712431,4,-891.0026569102449
2024-01-03,1,1523.3165138504871,5,632.3138569402422
2024-01-08,-1,-1551.4129976594295,4,-919.0991407191873
2024-01-09,1,1530.6656374073723,5,611.566496688185
2024-01-12,-1,-1405.6676912211235,4,-794.1011945329385
2024-01-16,-1,-1416.924801896963,3,-2211.025996429901
2024-01-17,1,1516.58311985701,4,-694.4428765728912
2024-01-19,1,1514.8373101576533,5,820.394433584762
2024-01-22,0,-48.91369266374545,5,771.4807409210166
2024-01-23,-1,-1551.4131223184836,4,-779.932381397467
2024-01-24,1,1519.0994983315218,5,739.1671169340548
2024-01-25,-1,-1463.7161774776534,4,-724.5490605435987
2024-01-26,1,1584.076447999988,5,859.5273874563893
2024-01-29,0,-46.25638256557909,5,813.2710048908102
2024-01-31,0,-16.755955406992598,5,796.5150494838176
2024-02-01,-1,-1490.74628304391,4,-694.2312335600923
2024-02-02,-1,-1356.8647652470468,3,-2051.095998807139
2024-02-05,-2,-2930.740749694158,1,-4981.836748501297
2024-02-06,1,1461.7161104131208,2,-3520.120638088176
2024-02-08,1,1469.987921253991,3,-2050.132716834185
2024-02-09,0,-57.001532159606995,3,-2107.134248993792
2024-02-12,-1,-1538.9228497343568,2,-3646.057098728149
2024-02-13,2,3012.0241457016677,4,-634.0329530264812
2024-02-20,1,1498.8780921476848,5,864.8451391212036
2024-02-23,0,-16.79151756902388,5,848.0536215521797
2024-02-28,0,-93.49662256044189,5,754.5569989917378
2024-02-29,-1,-1588.619551486211,4,-834.0625524944733
2024-03-01,1,1525.500355797659,5,691.4378033031858
2024-03-04,0,-28.59079274363785,5,662.8470105595479
2024-03-05,0,85.77184567896552,5,748.6188562385134
2024-03-11,0,-26.727318344710966,5,721.8915378938025
2024-03-12,0,-5.412029671708069,5,716.4795082220944
2024-03-14,0,-93.75228693862573,5,622.7272212834687
2024-03-18,-2,-3036.646228809973,3,-2413.919007526504
2024-03-19,2,3056.446712069574,5,642.5277045430698
2024-03-20,-1,-1545.303365376993,4,-902.7756608339232
2024-03-26,1,1537.4028617124875,5,634.6272008785643
2024-03-27,0,-8.526856933382533,5,626.1003439451817
2024-03-28,-1,-1589.1632781381848,4,-963.062934193003
2024-04-01,0,-18.297625785330865,4,-981.3605599783339
2024-04-04,1,1552.6996597452744,5,571.3390997669405
2024-04-09,0,-2.2134611366557237,5,569.1256386302848
2024-04-10,-2,-2996.4239778151664,3,-2427.2983391848816
2024-04-12,-1,-1513.850480906861,2,-3941.148820091743
2024-04-15,1,1522.2661880864162,3,-2418.8826320053267
2024-04-16,-1,-1396.189651348483,2,-3815.07228335381
2024-04-17,1,1496.833921469571,3,-2318.2383618842387
2024-04-19,0,-54.158454779714475,3,-2372.3968166639534
2024-04-22,0,205.74592517861606,3,-2166.6508914853375
2024-04-23,1,1484.901915014802,4,-681.7489764705356
2024-04-24,0,9.113785765736793,4,-672.6351907047988
2024-04-25,1,1453.7768738583138,5,781.141683153515
2024-04-26,0,-18.900371780935302,5,762.2413113725797
2024-04-29,0,-15.117732414429156,5,747.1235789581506
2024-04-30,0,-69.8841535080935,5,677.2394254500571
2024-05-02,0,-82.60330166674134,5,594.6361237833157
2024-05-03,0,-14.273178974428674,5,580.362944808887
2024-05-06,0,-37.5367290951865,5,542.8262157137005
2024-05-10,0,35.18000433202974,5,578.0062200457303
2024-05-13,0,-14.39405318637182,5,563.6121668593585
2024-05-15,0,25.23432635002223,5,588.8464932093807
2024-05-20,0,-9.479475975414061,5,579.3670172339666
2024-05-21,0,1.4134280598489113,5,580.7804452938155
2024-05-22,0,16.121704331157844,5,596.9021496249734
2024-05-29,-1,-1570.8790783618956,4,-973.9769287369222
2024-05-31,1,1543.154178730402,5,569.1772499934798
2024-06-07,0,-0.3161110923283559,5,568.8611389011514
2024-06-10,-1,-1606.868372089063,4,-1038.0072331879117
2024-06-11,0,5.228766976722227,4,-1032.7784662111894
2024-06-12,1,1599.6948676215266,5,566.9164014103371
2024-06-14,0,-1.0821616694570366,5,565.8342397408801
2024-06-17,0,4.507410960122797,5,570.3416507010029
2024-06-18,0,-47.027350396363545,5,523.3143003046393
2024-06-20,0,-5.153192551198799,5,518.1611077534405
2024-06-21,0,-21.62931606267921,5,496.53179169076134
2024-06-24,0,-9.877837868375991,5,486.65395382238535
2024-06-26,-1,-1465.584361128182,4,-978.9304073057967
2024-06-27,1,1585.9810466992983,5,607.0506393935016
2024-07-01,0,-42.801672741452194,5,564.2489666520494
2024-07-03,0,22.1584880171838,5,586.4074546692332
2024-07-08,0,2.673672656306053,5,589.0811273255392
2024-07-10,-1,-1604.3268753257646,4,-1015.2457480002254
2024-07-11,1,1609.0459386423202,5,593.8001906420948
2024-07-12,0,-10.820726179526446,5,582.9794644625683
2024-07-15,0,-49.27522023606093,5,533.7042442265074
2024-07-17,0,-4.265035746629337,5,529.4392084798781
2024-07-18,0,-44.00168826587105,5,485.437520214007
2024-07-19,-1,-1473.702921485898,4,-988.265401271891
2024-07-22,1,1599.0089719541877,5,610.7435706822966
2024-07-30,-1,-1649.9219462192762,4,-1039.1783755369795
2024-07-31,-1,-1715.2029829297817,3,-2754.3813584667614
2024-08-01,2,3301.21415008423,5,546.8327916174685
2024-08-02,-1,-1664.3623280452064,4,-1117.5295364277379
2024-08-05,0,129.597623965519,4,-987.9319124622189
2024-08-06,-1,-1384.7093382863384,3,-2372.6412507485575
2024-08-07,1,1502.6337834694273,4,-870.0074672791302
2024-08-08,0,-7.05887379954811,4,-877.0663410786783
2024-08-09,1,1496.3829089785681,5,619.3165678998898
2024-08-12,0,-5.673819926074202,5,613.6427479738156
2024-08-13,0,-9.658536165528176,5,603.9842118082875
2024-08-14,0,-318.48367748552346,5,285.500534322764
2024-08-16,0,64.61813600456753,5,350.11867032733153
2024-08-19,0,84.0121275958993,5,434.13079792323083
2024-08-20,0,-9.57561642455721,5,424.5551814986736
2024-08-22,0,-190.76927492004825,5,233.78590657862537
2024-08-26,0,-6.802595798338871,5,226.9833107802865
2024-09-04,-1,-1563.2840884163409,4,-1336.3007776360544
2024-09-06,1,1692.9145686873198,5,356.6137910512655
2024-09-09,-3,-4907.736090822498,2,-4551.122299771233
2024-09-12,3,5092.655090822371,5,541.5327910511378
2024-09-13,-2,-3437.333002223709,3,-2895.8002111725714
2024-09-16,2,3358.1402696723762,5,462.34005849980485
2024-09-17,-1,-1835.6128565100291,4,-1373.2727980102243
2024-09-18,0,54.3684482082665,4,-1318.9043498019578
2024-09-19,1,1736.8206869206915,5,417.91633711873374
2024-09-20,0,-49.46732384921302,5,368.4490132695207
2024-09-23,0,76.97235666028064,5,445.42136992980136
2024-09-24,0,-33.69082634673259,5,411.73054358306877
2024-09-25,0,-24.61527974146952,5,387.11526384159924
2024-09-30,0,-66.06075054838698,5,321.05451329321227
2024-10-01,-1,-1788.0764403897092,4,-1467.021927096497
2024-10-04,1,1740.5036053111294,5,273.48167821463244
2024-10-07,0,9.413028469159372,5,282.8947066837918
2024-10-08,-1,-1841.9023684123724,4,-1559.0076617285806
2024-10-09,-1,-1849.7963801282692,3,-3408.80404185685
2024-10-10,2,3626.4844884280415,5,217.68044657119162
2024-10-14,0,12.698282028675976,5,230.3787285998676
2024-10-15,-3,-5561.756621163554,2,-5331.377892563686
2024-10-16,2,3748.880566415867,4,-1582.497326147819
2024-10-17,0,-14.457111490810348,4,-1596.9544376386293
2024-10-18,-1,-1826.74053745637,3,-3423.6949750949993
2024-10-21,2,3744.9487828630477,5,321.2538077680483
2024-10-23,-1,-1882.3151881783813,4,-1561.061380410333
2024-10-24,1,1847.198472093947,5,286.137091683614
2024-10-30,-1,-1730.1342049020795,4,-1443.9971132184655
2024-10-31,1,1823.425463470034,5,379.4283502515684
2024-11-04,-1,-1741.0484093266289,4,-1361.6200590750605
2024-11-05,1,1803.307073673463,5,441.6870145984026
2024-11-06,0,-91.0477589083896,5,350.639255690013
2024-11-07,0,-144.8981241741942,5,205.74113151581878
2024-11-08,0,-3.4447712808018878,5,202.2963602350169
2024-11-11,0,54.59482495999487,5,256.89118519501176
2024-11-12,0,-18.77894762259598,5,238.11223757241578
2024-11-14,0,-20.351013300154364,5,217.76122427226142
2024-11-15,-1,-1890.5081208315328,4,-1672.7468965592714
2024-11-18,1,1877.230792515567,5,204.48389595629556
2024-11-19,0,-22.19506771784745,5,182.2888282384481
2024-11-20,0,61.094978223277394,5,243.3838064617255
2024-11-21,-1,-1907.385745515301,4,-1664.0019390535756
2024-11-22,0,-45.38204393251226,4,-1709.3839829860879
2024-11-25,-2,-3997.8416137113986,2,-5707.225596697486
2024-11-26,3,5958.752047463549,5,251.52645076606314
2024-11-27,0,-88.976857716003,5,162.54959305006014
2024-12-05,0,49.70905059075653,5,212.25864364081667
2024-12-11,-1,-1907.5747979386483,4,-1695.3161542978316
2024-12-12,0,45.6758179537635,4,-1649.6403363440681
2024-12-13,-1,-1800.0085811534896,3,-3449.6489174975577
2024-12-16,1,1862.704247522977,4,-1586.9446699745806
2024-12-17,-1,-1720.685839863053,3,-3307.6305098376333
2024-12-20,-1,-1435.8898921424095,2,-4743.520401980043
2024-12-23,1,1761.3634626917578,3,-2982.1569392882852
2024-12-27,-1,-1904.8772775516,2,-4887.034216839886
2025-01-02,1,1753.6445238529056,3,-3133.3896929869798
2025-01-06,1,1728.4441847609787,4,-1404.945508226001
2025-01-07,0,-30.494876245383693,4,-1435.4403844713847
2025-01-08,1,1668.4400935502301,5,232.9997090788454
2025-01-10,0,-48.22754218444629,5,184.7721668943991
2025-01-13,0,-62.26847983764924,5,122.50368705674987
2025-01-14,0,-6.459086041665387,5,116.04460101508448
2025-01-15,0,13.06122829872561,5,129.1058293138101
2025-01-16,0,2.202008564558355,5,131.30783787836845
2025-01-17,0,-40.37001496791959,5,90.93782291044886
2025-01-21,0,-7.396454746019344,5,83.54136816442951
2025-01-22,0,-12.55005905680764,5,70.99130910762187
2025-01-23,0,-33.04479959062087,5,37.946509517001004
2025-01-24,0,3.001098340241242,5,40.94760785724225
2025-01-27,0,81.60318305970236,5,122.5507909169446
2025-01-28,0,118.4482572181198,5,240.9990481350644
2025-01-29,0,-0.7195129364379227,5,240.2795351986265
2025-01-31,0,1.0445644259157234,5,241.3240996245422
2025-02-03,-1,-1840.8960668935529,4,-1599.5719672690107
2025-02-06,1,1772.6974238030673,5,173.12545653405664
2025-02-07,0,-31.29575039980773,5,141.8297061342489
2025-02-11,0,-35.97428512805868,5,105.85542100619023
2025-02-12,0,12.533570373828525,5,118.38899138001875
2025-02-14,0,-50.16011227525428,5,68.22887910476447
2025-02-18,-1,-1903.64995825818,4,-1835.4210791534156
2025-02-19,1,1859.4368730450808,5,24.015793891665226
2025-02-20,-1,-2028.050404782826,4,-2004.0346108911608
2025-02-24,0,453.60379457864406,4,-1550.4308163125168
2025-02-25,0,-20.595645402780292,4,-1571.026461715297
2025-02-26,1,1725.6796128849578,5,154.65315116966076
2025-02-28,-1,-1436.876570929722,4,-1282.2234197600612
2025-03-03,-1,-1836.2930324022796,3,-3118.516452162341
2025-03-04,1,1708.9328244970604,4,-1409.5836276652806
2025-03-10,0,-40.93867865987204,4,-1450.5223063251526
2025-03-11,0,-120.83656229654707,4,-1571.3588686216997
2025-03-12,-1,-1797.6382606880195,3,-3368.997129309719
2025-03-14,-1,-1696.912456142437,2,-5065.9095854521565
2025-03-17,3,5190.20548339083,5,124.29589793867308
2025-03-18,0,-76.45004580745331,5,47.84585213121977
2025-03-19,-3,-5375.2233774549495,2,-5327.37752532373
2025-03-20,3,5356.261745213153,5,28.88421988942264
2025-03-21,-1,-1782.6072065894052,4,-1753.7229866999826
2025-03-24,-1,-1803.6417732677896,3,-3557.3647599677724
2025-03-25,2,3562.756376353614,5,5.391616385841644
2025-03-26,0,-29.21589420954433,5,-23.824277823702687
2025-03-27,0,-14.561364153021032,5,-38.38564197672372
2025-03-28,0,-7.638513850621166,5,-46.024155827344885
2025-04-03,-1,-1851.6420349971104,4,-1897.6661908244553
2025-04-04,1,1765.9161076616404,5,-131.75008316281492
2025-04-07,-4,-6170.5997230702305,1,-6302.3498062330455
2025-04-09,-1,-1634.1565278699263,0,-7936.506334102972
2025-04-10,4,6424.73583205244,4,-1511.7705020505318
2025-04-11,-1,-1637.2481056938047,3,-3149.018607744337
2025-04-14,1,1623.5543455644138,4,-1525.464262179923
2025-04-15,1,1571.228350380169,5,45.76408820024608
2025-04-21,0,-48.34872613242965,5,-2.5846379321835684
2025-04-30,0,-52.312425457697145,5,-54.897063389880714
2025-05-01,0,-18.780829181467652,5,-73.67789257134837
2025-05-07,0,-37.01809059446782,5,-110.69598316581619
2025-05-08,0,2.0681665425743176,5,-108.62781662324187
2025-05-09,0,0.8799887067630152,5,-107.74782791647885
2025-05-13,0,-250.08357823582492,5,-357.83140615230377
2025-05-14,0,-4.241138936061134,5,-362.0725450883649
2025-06-02,-1,-1621.5358911300389,4,-1983.6084362184038
2025-06-03,1,1691.9683718923775,5,-291.6400643260263
2025-06-11,0,209.1074088422547,5,-82.53265548377158
2025-06-12,-1,-1711.722197376438,4,-1794.2548528602097
2025-06-16,1,1693.098892234737,5,-101.15596062547274
2025-06-24,0,95.81726396252498,5,-5.338696662947768
2025-06-25,-1,-1660.0040059597322,4,-1665.34270262268
2025-06-26,1,1641.6568515005235,5,-23.685851122156464
2025-06-27,-1,-1658.891688186277,4,-1682.5775393084334
2025-06-30,1,1656.3647572677942,5,-26.21278204063924
2025-07-02,0,-86.99851733537275,5,-113.211299376012
2025-07-03,0,-7.494930833623812,5,-120.7062302096358
2025-07-11,0,-24.3619047391162,5,-145.068134948752
2025-07-15,-1,-1737.7836357971742,4,-1882.8517707459262
2025-07-17,1,1677.7137576676864,5,-205.13801307823974
2025-07-18,0,-24.96344170051225,5,-230.101454778752
2025-07-21,0,-19.79983066446198,5,-249.90128544321396
2025-07-23,0,191.95213385222928,5,-57.949151590984684
2025-07-24,-1,-1762.9566103816965,4,-1820.9057619726811
2025-07-25,1,1681.4657664982474,5,-139.43999547443377
2025-07-28,0,-105.88868524852273,5,-245.3286807229565
2025-08-04,-1,-1601.0033464028822,4,-1846.3320271258387
2025-08-05,-3,-5225.016615625034,1,-7071.348642750873
2025-08-07,2,3464.127922117877,3,-3607.2207206329963
2025-08-08,2,3405.741955716987,5,-201.47876491600937
2025-08-11,0,-35.587667893245,5,-237.06643280925437
2025-08-12,-2,-3413.391710272493,3,-3650.4581430817475
2025-08-13,2,3459.632949653873,5,-190.82519342787464
2025-08-14,0,73.10569653054722,5,-117.71949689732742
2025-08-15,-2,-3853.311675682248,3,-3971.0311725795755
2025-08-18,2,3691.402277631421,5,-279.62889494815454
2025-08-21,0,-38.77845368750445,5,-318.407348635659
2025-08-25,0,-40.146580135816976,5,-358.55392877147597
2025-08-26,-1,-1857.4994029640309,4,-2216.0533317355066
2025-08-27,1,1862.945183337569,5,-353.1081483979376
2025-08-28,0,59.5408423345134,5,-293.5673060634242
2025-08-29,0,-10.169490200123619,5,-303.73679626354783
2025-09-02,0,4.964719643667195,5,-298.77207661988064
2025-09-03,0,44.19885956962685,5,-254.5732170502538
2025-09-04,0,8.419183901893575,5,-246.1540331483602
2025-09-12,0,-204.8827513103522,5,-451.0367844587124
2025-09-16,-1,-1717.0794890531329,4,-2168.116273511845
2025-09-18,-1,-1973.5061575132909,3,-4141.622431025136
2025-09-19,2,3888.5125605280073,5,-253.10987049712912
2025-09-22,0,-23.362364579892756,5,-276.4722350770219
2025-09-23,0,93.61692587276389,5,-182.855309204258
2025-09-30,0,-47.65019811561024,5,-230.50550731986823
2025-10-01,0,-17.03859652627193,5,-247.54410384614016
2025-10-02,0,69.34747562300345,5,-178.1966282231367
2025-10-03,0,-137.54922218606475,5,-315.74585040920147
2025-10-06,0,-22.516620388689944,5,-338.2624707978914
2025-10-13,0,-36.41547437586519,5,-374.6779451737566
2025-10-14,0,-5.675148743286854,5,-380.35309391704345
2025-10-15,0,-23.063743579295988,5,-403.41683749633944
2025-10-16,0,-32.21166435942655,5,-435.628501855766
2025-10-17,-1,-1685.6590654412971,4,-2121.287567297063
2025-10-20,1,1771.4075969015198,5,-349.8799703955433
2025-10-21,0,-7.813180439923826,5,-357.6931508354671
2025-10-23,-1,-1614.976413361812,4,-1972.6695641972792
2025-10-24,1,1732.033399573156,5,-240.63616462412324
2025-10-27,0,-2.7218481267109382,5,-243.35801275083418
2025-10-28,0,7.677261410589608,5,-235.68075134024457
2025-10-29,0,-75.84190273373997,5,-311.52265407398454
2025-10-30,-1,-1680.580101719494,4,-1992.1027557934785
2025-10-31,0,-109.53756645847011,4,-2101.6403222519484
2025-11-03,1,1728.5428271524922,5,-373.0974950994562
2025-11-05,-1,-1700.97013299412,4,-2074.067628093576
2025-11-06,1,1728.5809760372492,5,-345.48665205632665
2025-11-07,-2,-3521.2052293743304,3,-3866.6918814306573
2025-11-10,2,3516.1596878018963,5,-350.532193628761
2025-11-11,0,-21.7986079005766,5,-372.3308015293376
2025-11-12,0,71.39305034739277,5,-300.9377511819448
2025-11-13,-1,-1775.1356929411947,4,-2076.07344412314
2025-11-14,1,1762.0019015418554,5,-314.07154258128435
2025-11-26,0,-58.94664798417625,5,-373.0181905654606
2025-11-28,0,-9.916025459951925,5,-382.9342160254125
2025-12-02,0,-28.35761935113078,5,-411.2918353765433
2025-12-03,0,-80.4524949809977,5,-491.744330357541
2025-12-09,0,109.93120440700864,5,-381.81312595053237
2025-12-11,0,-166.6086683948704,5,-548.4217943454028
2025-12-12,0,6.195760581328386,5,-542.2260337640744
2025-12-15,0,-11.700795293147394,5,-553.9268290572218
2025-12-16,-1,-1577.089904023952,4,-2131.0167330811737
2025-12-22,1,1718.9906637426643,5,-412.0260693385094
2025-12-23,0,-38.212476950059454,5,-450.23854628856884
2025-12-29,-1,-1744.2477197308235,4,-2194.486266019392
2025-12-30,1,1734.4298488664977,5,-460.0564171528945
2026-01-07,0,-40.819793418878135,5,-500.8762105717726
2026-01-08,0,20.034452647576245,5,-480.8417579241964
2026-01-14,0,99.20140691385154,5,-381.64035101034483
2026-01-15,0,-21.071031188294,5,-402.71138219863883
2026-01-16,0,-9.032979583895667,5,-411.7443617825345
2026-01-23,0,-62.593530444226644,5,-474.33789222676114
2026-01-27,0,-90.87813122438001,5,-565.2160234511412
2026-01-28,0,-21.11532261206048,5,-586.3313460632016
2026-01-30,0,-54.354931455321776,5,-640.6862775185234
2026-02-04,-1,-1769.5499689991811,4,-2410.236246517705
2026-02-05,1,1974.9079696333367,5,-435.32827688436805
2026-02-06,0,-46.0046625543896,5,-481.33293943875765
2026-02-09,0,28.10530345306961,5,-453.22763598568804
2026-02-10,0,16.479337335657874,5,-436.74829865003016
2026-02-12,0,-134.0033068930827,5,-570.7516055431129
2026-02-13,0,-144.16951492216845,5,-714.9211204652813
2026-02-18,-1,-1694.1737632663253,4,-2409.0948837316064
2026-02-20,1,1767.3902565636422,5,-641.7046271679642
2026-02-24,0,84.5120095706502,5,-557.192617597314
2026-02-26,0,-152.784405663597,5,-709.977023260911
2026-02-27,0,-105.76000649369507,5,-815.737029754606
2026-03-02,-1,-1870.128848247305,4,-2685.8658780019114
2026-03-03,-1,-1569.6135735090334,3,-4255.479451510944
2026-03-04,2,3659.212330017668,5,-596.2671214932761
2026-03-05,0,-6.6019581746922995,5,-602.8690796679684
2026-03-06,0,-29.330861751866905,5,-632.1999414198353
2026-03-09,0,35.25496794861897,5,-596.9449734712164
2026-03-19,-1,-1476.7564135117264,4,-2073.7013869829425
2026-03-26,0,18.00033584192647,4,-2055.7010511410163
2026-03-30,0,-36.45926273929672,4,-2092.160313880313
2026-04-06,-1,-1956.1180855825733,3,-4048.2783994628862
2026-04-07,2,3426.962904068617,5,-621.3154953942694
2026-04-09,0,-42.395524659675175,5,-663.7110200539446
2026-04-10,0,-40.44865323311569,5,-704.1596732870603
2026-04-15,0,-43.41442169652623,5,-747.5740949835865
2026-04-17,0,1.3411825078210313,5,-746.2329124757655
2026-04-20,0,-21.320921795539107,5,-767.5538342713046
2026-04-22,0,-23.41771746794234,5,-790.9715517392469
2026-04-23,0,58.324629785061916,5,-732.646921954185
2026-04-28,-1,-1802.4245809134163,4,-2535.0715028676013
2026-04-29,1,1725.1245544142707,5,-809.9469484533306
2026-04-30,0,-57.82830405952882,5,-867.7752525128594
2026-05-01,-1,-1845.522301039804,4,-2713.2975535526634
2026-05-04,1,1800.5409517812516,5,-912.7566017714119
2026-05-06,0,-69.98327038293291,5,-982.7398721543448
2026-05-08,-1,-1716.128270133326,4,-2698.8681422876707
2026-05-11,-1,-1791.2473932643036,3,-4490.115535551974
2026-05-12,0,208.78892717748954,3,-4281.326608374485
2026-05-14,0,-90.21503441159712,3,-4371.541642786082
2026-05-18,1,1755.097261978979,4,-2616.444380807103
2026-05-19,1,1777.813241492373,5,-838.6311393147298
2026-05-20,0,-17.463977617316004,5,-856.0951169320458
2026-05-26,0,-6.028477620491685,5,-862.1235945525375
2026-05-28,0,-60.466241860928676,5,-922.5898364134662
2026-05-29,0,0.9663277896545424,5,-921.6235086238116
2026-06-01,0,103.55328295004006,5,-818.0702256737716
2026-06-02,0,5.320404312768005,5,-812.7498213610036
2026-06-04,0,128.5237989480695,5,-684.2260224129341
2026-06-10,0,-0.11672609141874091,5,-684.3427485043528
2026-06-11,0,-50.970920001173,5,-735.3136685055258
2026-06-15,0,-125.08392140533033,5,-860.3975899108561
2026-06-16,0,16.29989476221772,5,-844.0976951486384
2026-06-17,0,-28.610077075937397,5,-872.7077722245758
2026-06-23,-1,-1954.4390208108973,4,-2827.146793035473
2026-06-24,1,1911.2407809279216,5,-915.9060121075513
2026-06-25,0,239.8629147558886,5,-676.0430973516627
2026-06-26,0,-40.83113526361308,5,-716.8742326152758
2026-06-29,0,1.1589015322622345,5,-715.7153310830136
2026-06-30,0,-22.93363432426986,5,-738.6489654072834
2026-07-01,0,-66.52558562912532,5,-805.1745510364087
2026-07-02,-1,-1727.477737537928,4,-2532.652288574337
2026-07-06,1,1842.7776075252982,5,-689.8746810490388
2026-07-07,0,-93.07887532272252,5,-782.9535563717614
2026-07-08,0,-33.02546504986094,5,-815.9790214216223
2026-07-14,0,69.9721325941864,5,-746.0068888274359
2026-07-17,0,-83.31160024102792,5,-829.3184890684638
2026-07-20,0,-51.91175458079465,5,-881.2302436492585
2026-07-22,-2,-4120.828111400706,3,-5002.058355049964
2026-07-23,2,3892.049276353568,5,-1110.009078696396
2026-07-24,-1,-1674.3028814198883,4,-2784.3119601162844
2026-07-27,0,185.91006956703973,4,-2598.401890549245
2026-07-29,1,1744.358909177061,5,-854.0429813721839
2026-08-03,0,27.56564775392235,5,-826.4773336182616
2026-08-04,0,-83.80824928323,5,-910.2855829014916
2026-08-05,0,6.488511331638847,5,-903.7970715698527
2026-08-07,0,-0.009929104596722027,5,-903.8070006744495
2026-08-10,0,-17.803810334056152,5,-921.6108110085056
2026-08-11,0,-64.8687563271285,5,-986.4795673356341
2026-08-12,0,-118.76259564447173,5,-1105.2421629801058
2026-08-13,0,-16.320935017253532,5,-1121.5630979973594
2026-08-14,0,14.435280964060212,5,-1107.1278170332992
2026-08-17,0,-56.29396000523411,5,-1163.4217770385333
2026-08-18,0,-10.474607993966401,5,-1173.8963850324997
2026-08-21,-2,-3845.903268619717,3,-5019.799653652217
2026-08-24,1,2019.522591172332,4,-3000.277062479885
2026-08-25,0,-23.0668415666687,4,-3023.3439040465537
2026-08-26,1,2002.955314336466,5,-1020.3885897100877
2026-09-01,-1,-2079.7189015136914,4,-3100.107491223779
2026-09-03,1,1993.963917526773,5,-1106.143573697006
2026-09-04,-2,-3997.0994238030516,3,-5103.242997500058
2026-09-09,1,1989.6750244128025,4,-3113.5679730872553
2026-09-10,-2,-3842.314989776458,2,-6955.882962863713
2026-09-11,-1,-1779.0007289099246,1,-8734.883691773637
2026-09-15,-1,-1876.6273743759532,0,-10611.511066149591
