ticker,trades,net_pnl,gross_profit,gross_loss,wins,losses,win_rate,profit_factor,pnl_share
ENPH,7,513.6060539418752,742.0028714391191,228.3968174972439,6,1,0.8571428571428571,3.2487443545401984,0.10776297067747963
CNC,6,487.28527544842586,487.28527544842586,0.0,6,0,1.0,,0.10224043982094301
CTSH,9,452.9336069254948,452.9336069254948,0.0,9,0,1.0,,0.09503289656994765
EQT,7,434.9381915589373,519.4247612100706,84.48656965113332,6,1,0.8571428571428571,6.148015753922883,0.09125716339158667
FCX,6,418.14819847059925,429.23056216679856,11.082363696199309,5,1,0.8333333333333334,38.73095793761063,0.08773434757006907
KLAC,6,412.1675940069134,412.1675940069134,0.0,6,0,1.0,,0.08647951870170312
MRVL,4,358.6184927468355,358.6184927468355,0.0,4,0,1.0,,0.07524403932094756
SBUX,3,344.703702023486,347.88289967418996,3.179197650703941,2,1,0.6666666666666666,109.42474734062584,0.072324488094487
FANG,9,337.9780625789806,337.9780625789806,0.0,9,0,1.0,,0.07091333867231223
INTC,10,328.42221921716646,529.8424054781401,201.42018626097365,7,3,0.7,2.6305327947201893,0.06890836606715228
DECK,5,317.5439360576934,317.5439360576934,0.0,5,0,1.0,,0.06662592391107075
MTCH,6,306.3829214896191,306.3829214896191,0.0,6,0,1.0,,0.06428416007008918
ZBRA,5,303.00489553749685,303.00489553749685,0.0,5,0,1.0,,0.06357539484266936
CAG,7,302.7360153293854,346.8853996874808,44.14938435809541,5,2,0.7142857142857143,7.857083507074419,0.0635189793667222
NTAP,5,302.37045031698153,302.7425454365525,0.3720951195709858,4,1,0.8,813.6160070726145,0.06344227783368916
BBY,7,296.45829356037655,296.45829356037655,0.0,7,0,1.0,,0.06220181041646751
ADSK,8,283.42255259146384,283.42255259146384,0.0,8,0,1.0,,0.05946669824049004
DXCM,5,277.61842500870694,277.61842500870694,0.0,5,0,1.0,,0.058248897115077754
PCG,4,277.1980220006039,278.18203669462986,0.9840146940259727,3,1,0.75,282.70110028182904,0.058160689671479235
IP,7,270.42450143200773,270.42450143200773,0.0,7,0,1.0,,0.05673949400446021
KEYS,7,270.0862957718433,384.11473831432,114.02844254247668,5,2,0.7142857142857143,3.368587080115854,0.056668532912083014
DAL,3,267.8895754050345,267.8895754050345,0.0,3,0,1.0,,0.05620762496394223
HCA,5,266.4645189472192,266.4645189472192,0.0,5,0,1.0,,0.05590862475532185
MOH,5,259.0007073669833,259.0007073669833,0.0,5,0,1.0,,0.05434259471675417
SWKS,9,255.8094724820719,330.7401659873867,74.93069350531482,8,1,0.8888888888888888,4.413947749781968,0.053673021317670794
TECH,5,246.042198512406,246.042198512406,0.0,5,0,1.0,,0.05162368710458317
CTVA,7,230.26970581827663,230.26970581827663,0.0,7,0,1.0,,0.048314359547668155
KMX,4,230.17526499441442,230.17526499441442,0.0,4,0,1.0,,0.04829454431446654
CCI,6,224.57579162155616,224.57579162155616,0.0,6,0,1.0,,0.047119682997592456
FSLR,4,224.07795569693758,458.8584737752408,234.7805180783032,2,2,0.5,1.9544146061650816,0.04701522885859794
CPAY,5,215.97706128484901,215.97706128484901,0.0,5,0,1.0,,0.045315528396947906
CME,7,212.03585648076137,216.89805876991795,4.862202289156585,6,1,0.8571428571428571,44.60901580619795,0.04448859901308028
WYNN,6,210.8739776157173,210.8739776157173,0.0,6,0,1.0,,0.04424481777821443
MLM,3,210.8244181698915,210.8244181698915,0.0,3,0,1.0,,0.044234419393954096
J,4,209.62634698565762,209.62634698565762,0.0,4,0,1.0,,0.04398304441714991
AXON,6,208.72901488400203,208.72901488400203,0.0,6,0,1.0,,0.0437947694304816
MKTX,6,206.20725858516096,206.20725858516096,0.0,6,0,1.0,,0.04326566361484315
TPL,3,205.84457044184387,205.84457044184387,0.0,3,0,1.0,,0.04318956569611073
NEM,4,203.74270645674778,235.61037277775176,31.86766632100398,3,1,0.75,7.393399014676546,0.04274856017202165
EXPD,4,201.84662974834396,214.99264521593796,13.146015467593998,3,1,0.75,16.354206013671018,0.042350732192460695
MKC,8,197.43916700792784,197.43916700792784,0.0,8,0,1.0,,0.04142597424926227
EOG,4,189.13089354524004,189.13089354524004,0.0,4,0,1.0,,0.03968276226282133
LOW,6,187.53084195960923,198.67092361911568,11.14008165950645,4,2,0.6666666666666666,17.833883959870146,0.03934704520734383
CVS,7,186.75212013451232,188.15034094060093,1.3982208060886023,6,1,0.8571428571428571,134.56411184935425,0.03918365660131052
MET,3,185.92451496940566,185.92451496940566,0.0,3,0,1.0,,0.03901001146910183
AXP,4,185.78534743582668,198.43642793507752,12.651080499250838,2,2,0.5,15.68533438284804,0.03898081183890817
ALB,4,185.6981517518857,189.7853572627995,4.087205510913805,3,1,0.75,46.43401384051469,0.03896251675484594
PKG,5,184.5830846820395,198.79729273349722,14.214208051457716,4,1,0.8,13.985815601813277,0.038728557402091
HAS,7,184.11475120516093,192.63206254015086,8.517311334989927,5,2,0.7142857142857143,22.61653413428719,0.03863029336032436
IT,5,180.60414727147213,185.56533080349163,4.961183532019504,3,2,0.6,37.40344004728953,0.03789371109875864
T,7,180.54051691396035,180.54051691396035,0.0,7,0,1.0,,0.03788036040653429
PAYC,3,177.25774583932036,177.25774583932036,0.0,3,0,1.0,,0.03719158121411195
AMAT,5,176.62457418126667,266.2697157423215,89.64514156105486,4,1,0.8,2.9702637656160373,0.03705873141941624
MELI,5,173.94549351888895,173.94549351888895,0.0,5,0,1.0,,0.03649661637297817
JBL,3,172.25905737960477,172.25905737960477,0.0,3,0,1.0,,0.03614277442187124
WBD,7,170.5347095711553,175.48543419706368,4.950724625908379,6,1,0.8571428571428571,35.44641390044289,0.035780977981012416
AVGO,8,168.32936309650609,210.2450920755714,41.91572897906531,7,1,0.875,5.015899691988602,0.035318260134021846
TER,5,166.24507259733537,166.24507259733537,0.0,5,0,1.0,,0.034880941815396846
MRNA,1,162.6564649319248,162.6564649319248,0.0,1,0,1.0,,0.03412799309204636
EIX,6,161.4694518826218,161.4694518826218,0.0,6,0,1.0,,0.033878938293248555
FDS,5,159.827933867517,159.827933867517,0.0,5,0,1.0,,0.03353452090102617
BALL,4,151.0588524859777,167.75719720628967,16.69834472031198,3,1,0.75,10.046336928368037,0.031694623858274026
STLD,4,150.12430781720605,156.68290693309677,6.558599115890729,3,1,0.75,23.889691100874295,0.03149854106492551
REGN,6,148.5679644736042,156.47419610866973,7.906231635065524,5,1,0.8333333333333334,19.79124864172702,0.031171994715221387
MOS,3,147.18909827464995,147.18909827464995,0.0,3,0,1.0,,0.030882685980198395
CEG,2,146.3720913833056,146.3720913833056,0.0,2,0,1.0,,0.030711264539583512
IR,3,144.11519240851123,144.11519240851123,0.0,3,0,1.0,,0.030237730132860335
AMD,7,143.40943407282793,434.1040234664208,290.6945893935929,6,1,0.8571428571428571,1.493333688707413,0.03008965046314088
MPWR,3,143.03070861490994,143.03070861490994,0.0,3,0,1.0,,0.03001018765287375
PLTR,2,142.47651455882374,142.47651455882374,0.0,2,0,1.0,,0.029893908653906946
FAST,6,137.7651056579523,140.61018833118374,2.8450826732314454,4,2,0.6666666666666666,49.422180119454545,0.028905377823054076
POOL,4,136.62160965812984,136.62160965812984,0.0,4,0,1.0,,0.02866545361469841
HBAN,5,135.65133600100796,135.65133600100796,0.0,5,0,1.0,,0.028461874293817996
QCOM,6,135.00384371733458,194.23774663945755,59.23390292212298,4,2,0.6666666666666666,3.279165090553448,0.02832601979708092
ACGL,4,132.85874732477953,133.81883299678657,0.9600856720070396,3,1,0.75,139.3821790060058,0.027875943405112538
CCL,4,132.55514071266066,226.29090931088012,93.73576859821948,3,1,0.75,2.414136169094991,0.027812241760265966
PFG,4,131.5558406371265,133.14593502536627,1.590094388239777,3,1,0.75,83.73461098291018,0.027602572220915136
MAR,3,130.67390700333704,130.67390700333704,0.0,3,0,1.0,,0.027417528085262693
PANW,7,129.24328069541252,133.30241779928224,4.059137103869716,6,1,0.8571428571428571,32.840087532939066,0.02711735923077184
GEN,4,129.02932588078716,132.025107695639,2.9957818148518527,3,1,0.75,44.070334842515194,0.02707246800287874
COP,3,126.77426503183847,126.77426503183847,0.0,3,0,1.0,,0.02659931926509402
PWR,8,126.19196542884208,271.8496636710312,145.6576982421891,7,1,0.875,1.8663597389752733,0.026477143261595608
HWM,5,125.85262712043368,125.85262712043368,0.0,5,0,1.0,,0.02640594452104708
ORLY,2,122.95788231639699,122.95788231639699,0.0,2,0,1.0,,0.02579857960187988
EPAM,5,122.42001484972707,128.78195632742427,6.361941477697201,4,1,0.8,20.242555952281222,0.025685726189046704
COO,7,120.82634366405,264.82418420138606,143.99784053733606,5,2,0.7142857142857143,1.8390844141355154,0.025351347846086017
ANET,4,120.5392205366013,120.5392205366013,0.0,4,0,1.0,,0.02529110470656963
CB,6,118.64572136146137,118.64572136146137,0.0,6,0,1.0,,0.02489381753574604
TJX,3,118.6310403613204,118.6310403613204,0.0,3,0,1.0,,0.024890737221221777
PM,5,118.00050255615747,118.00050255615747,0.0,5,0,1.0,,0.02475844005204451
VRTX,4,117.87731927722052,117.87731927722052,0.0,4,0,1.0,,0.024732594180536267
AZN,11,115.82132517567719,254.10000159556262,138.27867641988541,9,2,0.8181818181818182,1.8375935333947218,0.024301212910052335
MGM,4,111.67593297299322,111.67593297299322,0.0,4,0,1.0,,0.023431441662311085
NTRS,4,111.59346131453628,111.59346131453628,0.0,4,0,1.0,,0.02341413775624571
WRB,4,110.82664042396937,159.49401881425854,48.66737839028917,3,1,0.75,3.2772264315367994,0.023253246161392363
ON,7,110.35165335369015,447.5706407842508,337.2189874305607,3,4,0.42857142857142855,1.32724033185235,0.023153586086644737
FTNT,10,109.7079008505549,395.2749008893286,285.5670000387737,7,3,0.7,1.3841756954958346,0.023018516257178184
APP,1,109.62399924732335,109.62399924732335,0.0,1,0,1.0,,0.023000912325255182
NVR,3,109.5041176515856,109.5041176515856,0.0,3,0,1.0,,0.022975759201013156
TSCO,5,106.21089180829517,106.21089180829517,0.0,5,0,1.0,,0.022284786426722245
BEN,4,105.87516984958404,178.64059733665135,72.76542748706731,2,2,0.5,2.455020241149567,0.022214346455630182
KEY,2,103.79202081051335,103.79202081051335,0.0,2,0,1.0,,0.02177726763404838
XOM,4,103.4702947323816,105.65637080761985,2.1860760752382475,3,1,0.75,48.33151600001157,0.021709764228164043
SLB,6,103.17067740874792,204.60488877882904,101.43421137008112,5,1,0.8333333333333334,2.017119135794642,0.021646899601445963
LII,3,102.82028799722332,102.82028799722332,0.0,3,0,1.0,,0.021573382158281054
BKNG,6,102.34855474051528,109.10146865270826,6.75291391219298,4,2,0.6666666666666666,16.15620605731638,0.021474404786966866
JBHT,6,101.90842361847035,101.90842361847035,0.0,6,0,1.0,,0.021382058061621332
EFX,6,100.81052357009594,102.67322311217754,1.8626995420816,5,1,0.8333333333333334,55.120657300123874,0.02115170063142413
HPE,3,100.46145037776137,109.16931955438235,8.707869176620989,2,1,0.6666666666666666,12.536858023485436,0.021078459352624673
SYK,5,100.41917398800354,156.8370689324579,56.41789494445436,4,1,0.8,2.7799170650884824,0.021069589072932958
GOOGL,4,100.21735083669546,100.21735083669546,0.0,4,0,1.0,,0.021027243266902196
EW,4,99.48713832921646,113.01224785331954,13.525109524103073,3,1,0.75,8.355736243904023,0.02087403271101437
MSFT,3,99.35473757748719,99.35473757748719,0.0,3,0,1.0,,0.02084625286259402
LNT,5,97.73797553342217,97.73797553342217,0.0,5,0,1.0,,0.0205070296789694
ADBE,2,96.50189510229266,116.88634710433756,20.384452002044892,1,1,0.5,5.734093175161734,0.02024767973900571
CRWD,5,95.13855912658181,323.3608561796602,228.22229705307836,3,2,0.6,1.416867941279441,0.019961629499436865
WFC,4,94.66474972091396,94.66474972091396,0.0,4,0,1.0,,0.019862216518032487
A,2,93.91528071215339,93.91528071215339,0.0,2,0,1.0,,0.019704965632465852
EG,7,92.4925112664962,102.23380975027976,9.741298483783568,6,1,0.8571428571428571,10.494885247636068,0.019406445276491775
OXY,6,91.67696070999114,159.17023328497294,67.4932725749818,4,2,0.6666666666666666,2.358312572681113,0.019235329398802757
ROL,6,89.63568754209905,100.04218162934148,10.406494087242436,5,1,0.8333333333333334,9.61343760834742,0.018807036821548252
SHOP,1,87.6832937138081,87.6832937138081,0.0,1,0,1.0,,0.018397392586916975
NSC,2,87.0943425414705,87.0943425414705,0.0,2,0,1.0,,0.01827382097511844
EXC,4,86.7819421364801,86.7819421364801,0.0,4,0,1.0,,0.01820827424835337
VMC,4,86.24063993144557,86.24063993144557,0.0,4,0,1.0,,0.018094700171098838
RF,1,85.30619636878464,85.30619636878464,0.0,1,0,1.0,,0.01789863859146998
MTD,3,84.36919571932526,84.36919571932526,0.0,3,0,1.0,,0.017702040493107418
V,3,83.82066828384473,83.82066828384473,0.0,3,0,1.0,,0.01758695044404781
AJG,7,83.56652299852487,105.56336054855012,21.996837550025248,5,2,0.7142857142857143,4.799024419236526,0.017533626596481087
DASH,1,83.40024094131604,83.40024094131604,0.0,1,0,1.0,,0.017498737894687835
CBRE,3,81.88080080027817,81.88080080027817,0.0,3,0,1.0,,0.017179934441908868
ADI,6,80.54812210872137,177.96020093547236,97.41207882675099,4,2,0.6666666666666666,1.8268802296271447,0.016900316603181077
CMG,6,79.88333519780065,81.68716119914836,1.803826001347716,5,1,0.8333333333333334,45.28549934312753,0.016760833410102458
ADM,5,77.92199520598456,77.92199520598456,0.0,5,0,1.0,,0.016349312123691444
NXPI,3,77.4546941206005,80.74711331059177,3.2924191899912785,2,1,0.6666666666666666,24.525161788649903,0.01625126469458638
FDX,3,77.20567929297658,77.20567929297658,0.0,3,0,1.0,,0.01619901730115801
LEN,3,77.16484291737697,77.16484291737697,0.0,3,0,1.0,,0.01619044916004569
SYY,3,77.10229479403597,77.10229479403597,0.0,3,0,1.0,,0.016177325538293583
MA,4,77.02316009348397,77.02316009348397,0.0,4,0,1.0,,0.016160721780706017
KIM,4,76.51256541989483,76.51256541989483,0.0,4,0,1.0,,0.01605359064699806
CDW,6,76.35743803662513,83.47330091859271,7.115862881967587,4,2,0.6666666666666666,11.730594350001267,0.016021042378677883
TXN,4,76.17401128278766,76.17401128278766,0.0,4,0,1.0,,0.015982556438445
CMI,2,75.57482038333751,75.57482038333751,0.0,2,0,1.0,,0.01585683636401814
CVX,3,74.91600818345228,74.91600818345228,0.0,3,0,1.0,,0.01571860676327003
KMB,5,74.54908437590541,86.39610630312029,11.847021927214882,3,2,0.6,7.29264340303548,0.015641620132738576
DLTR,6,74.07376684298822,77.41932821846785,3.345561375479633,5,1,0.8333333333333334,23.140908065800676,0.015541890721511572
ALLE,4,73.76671326139194,85.40440314759348,11.637689886201542,3,1,0.75,7.33860448101946,0.015477465845955647
GOOG,2,73.14759933525465,73.14759933525465,0.0,2,0,1.0,,0.01534756559389222
TKO,3,72.67660681433995,72.67660681433995,0.0,3,0,1.0,,0.01524874364109182
KO,7,72.56543719811373,74.83953561193232,2.274098413818592,6,1,0.8571428571428571,32.90954127454151,0.015225418432984035
DGX,6,72.37362690758891,98.91746158036744,26.54383467277853,5,1,0.8333333333333334,3.7265701357690477,0.015185173489306241
CINF,4,72.19955776253721,79.18471739678625,6.985159634249044,3,1,0.75,11.336135685222489,0.015148650928814414
CPRT,2,71.56693796261698,71.56693796261698,0.0,2,0,1.0,,0.015015916923002807
IVZ,3,70.64376917310597,70.64376917310597,0.0,3,0,1.0,,0.01482222097563047
EBAY,7,70.58129591549849,258.32744832417006,187.7461524086716,4,3,0.5714285714285714,1.3759400393029757,0.014809113061936673
ROST,4,69.5630010006937,70.43287391646845,0.8698729157747493,3,1,0.75,80.96915381454043,0.014595458093886874
COR,4,69.46906944137925,69.46906944137925,0.0,4,0,1.0,,0.01457574971273676
NVDA,5,68.3552245160722,168.36885363574436,100.01362911967216,4,1,0.8,1.6834590957026585,0.014342046785943169
DUK,4,68.34590691001858,68.34590691001858,0.0,4,0,1.0,,0.014340091799431165
CSCO,7,68.21104279374276,129.0500207251789,60.83897793143615,6,1,0.8571428571428571,2.121173384447956,0.01431179509674214
DELL,4,68.14599791013245,91.11861824107666,22.97262033094421,3,1,0.75,3.966400738288419,0.014298147613751196
APO,4,66.78354158397929,123.12787957412684,56.34433799014755,3,1,0.75,2.1852751131028842,0.014012281939081392
OKE,4,66.76821970111223,66.76821970111223,0.0,4,0,1.0,,0.014009067156853936
NUE,1,65.57326489939351,65.57326489939351,0.0,1,0,1.0,,0.013758346048194455
KR,5,65.23144058496098,108.65312624238629,43.421685657425314,4,1,0.8,2.5022779423996426,0.01368662570282405
SPGI,4,64.5542350101573,64.5542350101573,0.0,4,0,1.0,,0.013544536870459053
ABBV,3,64.43838017861196,64.43838017861196,0.0,3,0,1.0,,0.01352022862736331
CDNS,3,64.40368056900502,65.33574880574747,0.9320682367424524,2,1,0.6666666666666666,70.09760254688406,0.013512948080368401
TRV,4,64.06775505815392,64.06775505815392,0.0,4,0,1.0,,0.013442465400700142
WAT,3,60.6138468425313,60.906950666781086,0.2931038242497834,2,1,0.6666666666666666,207.7999180757059,0.012717778830309816
BAX,5,60.22222870424116,64.84033926776783,4.61811056352667,4,1,0.8,14.040447576086573,0.012635610924325387
NCLH,5,60.14022162607921,67.6937316154341,7.553509989354893,3,2,0.6,8.961890791279073,0.012618404494822684
D,5,59.72987979263894,59.72987979263894,0.0,5,0,1.0,,0.01253230805062117
UNH,2,59.45916431911314,59.45916431911314,0.0,2,0,1.0,,0.01247550750590095
BLDR,3,59.0259520127122,59.0259520127122,0.0,3,0,1.0,,0.012384612461511362
TTWO,3,58.956153712347714,95.62458982574822,36.6684361134005,2,1,0.6666666666666666,2.6078175117700795,0.012369967633753223
DDOG,1,58.29335335033511,58.29335335033511,0.0,1,0,1.0,,0.012230901251204955
CHRW,2,57.05537984282705,70.7155663020144,13.660186459187344,1,1,0.5,5.176764351884354,0.011971154112780094
BKR,8,57.00907181680874,296.14355575364846,239.13448393683973,6,2,0.75,1.2383975363079212,0.011961437929702338
DRI,5,56.089335467226874,56.420872471418875,0.3315370041920005,4,1,0.8,170.17971375148304,0.011768462164501914
LRCX,2,54.47331686243183,54.47331686243183,0.0,2,0,1.0,,0.011429394966624807
DE,3,52.398539005139696,161.51351431558328,109.11497531044358,2,1,0.6666666666666666,1.4802140023040864,0.010994072556225495
KVUE,1,51.34050843387104,51.34050843387104,0.0,1,0,1.0,,0.010772080395984322
INVH,3,51.07625077334092,51.07625077334092,0.0,3,0,1.0,,0.010716634806306304
IDXX,2,50.792704588231345,50.792704588231345,0.0,2,0,1.0,,0.010657142167936564
VTR,4,50.25280971556322,72.87212601522879,22.61931629966557,3,1,0.75,3.221676776159066,0.010543863372085684
ISRG,1,50.06403418550679,50.06403418550679,0.0,1,0,1.0,,0.010504255170908994
GILD,4,49.64101374150164,84.84141638746928,35.20040264596764,3,1,0.75,2.410239940740798,0.010415498546345412
ICE,4,49.40738685410042,51.801217151856235,2.3938302977558124,3,1,0.75,21.63946926414093,0.010366479795060722
TMO,4,48.172418781564716,69.34450225974376,21.172083478179047,3,1,0.75,3.2752800323696767,0.010107363246167102
WDC,6,47.43654028422509,223.19349677580112,175.75695649157603,4,2,0.6666666666666666,1.2698985077526572,0.009952963872712729
ITW,1,47.00114273914687,47.00114273914687,0.0,1,0,1.0,,0.009861610329421707
CL,3,46.10012884505181,46.10012884505181,0.0,3,0,1.0,,0.00967256284233668
AES,6,46.0901105857555,147.9525395622661,101.86242897651061,4,2,0.6666666666666666,1.452474097160827,0.009670460847287163
TDY,7,45.52402694077239,101.06825562527263,55.54422868450024,5,2,0.7142857142857143,1.81959958791319,0.009551687217640228
FICO,5,45.25148725362851,72.04969069869526,26.798203445066747,2,3,0.4,2.688601526829546,0.009494503922994993
SCHW,1,45.236598812182365,45.236598812182365,0.0,1,0,1.0,,0.009491380083883907
WST,7,45.05769528230644,60.65404430845433,15.596349026147891,4,3,0.5714285714285714,3.8889899300641098,0.00945384319019632
STT,2,44.40215176726781,44.40215176726781,0.0,2,0,1.0,,0.009316299413119046
WTW,3,43.52398967453826,51.55722314735999,8.033233472821735,2,1,0.6666666666666666,6.4179913756757925,0.009132046608615307
IRM,5,42.60418123707143,47.187767145970724,4.583585908899295,3,2,0.6,10.2949455042073,0.008939055718194741
KMI,2,42.106957114315264,42.106957114315264,0.0,2,0,1.0,,0.008834729945261442
MO,6,42.08784798971533,112.03168973431934,69.94384174460401,5,1,0.8333333333333334,1.601737721862587,0.008830720537626678
TGT,6,42.06412703194326,59.22341228644575,17.159285254502493,4,2,0.6666666666666666,3.451391559033957,0.008825743491781493
ERIE,6,42.02358060593497,221.4545719650214,179.43099135908642,4,2,0.6666666666666666,1.2342046950063117,0.00881723618684715
PEP,5,41.926684590400896,42.74702953414055,0.8203449437396557,4,1,0.8,52.10860365552119,0.00879690581417996
SO,3,41.43228787988994,44.97323328290918,3.5409454030192364,2,1,0.6666666666666666,12.700911243805715,0.00869317327869107
REG,3,40.579250305981645,40.579250305981645,0.0,3,0,1.0,,0.00851419201015199
LLY,2,40.567506550982216,52.629157612075005,12.061651061092787,1,1,0.5,4.363346058139639,0.008511727977814494
APA,7,40.14427203626428,227.41074127072818,187.2664692344639,5,2,0.7142857142857143,1.2143697812020064,0.008422926437705687
ATO,3,40.10468657591741,40.10468657591741,0.0,3,0,1.0,,0.00841462075912212
EMR,2,40.05981168198217,112.56817108558788,72.50835940360571,1,1,0.5,1.5524854239081027,0.008405205270651563
AMCR,4,38.93566244339445,38.93566244339445,0.0,4,0,1.0,,0.008169340329992687
PNW,4,38.89224366052372,38.89224366052372,0.0,4,0,1.0,,0.008160230357496374
SPG,4,37.87007607078306,43.5224024580333,5.652326387250241,3,1,0.75,7.699909643612458,0.007945762838752604
STE,2,37.68308046147445,37.68308046147445,0.0,2,0,1.0,,0.007906528094130567
IBM,4,37.530147452952974,45.49095423650749,7.960806783554517,3,1,0.75,5.714364821726735,0.007874440241609298
LVS,4,37.45966959606733,47.11576988139268,9.656100285325351,3,1,0.75,4.879378681784804,0.007859652831751706
TT,2,37.240601085878325,37.240601085878325,0.0,2,0,1.0,,0.007813688666690426
FRT,6,36.16174108237056,48.09754305523552,11.935801972864963,5,1,0.8333333333333334,4.029686749544037,0.007587326150067384
WEC,3,36.12974088512135,36.12974088512135,0.0,3,0,1.0,,0.0075806119840419375
DTE,4,35.843229409834066,35.843229409834066,0.0,4,0,1.0,,0.007520497179177041
TRI,1,35.51641766210878,35.51641766210878,0.0,1,0,1.0,,0.0074519267164325316
ASML,7,34.73286210100901,113.27977484022085,78.54691273921185,3,4,0.42857142857142855,1.4421925813472465,0.007287523913336823
TRGP,5,34.661625593595545,41.28534450818188,6.623718914586335,3,2,0.6,6.232955389647635,0.007272577326160433
ESS,4,33.98456213951886,38.126544330068555,4.141982190549697,3,1,0.75,9.204903009254283,0.007130518313054026
FTV,4,33.540867025333455,33.540867025333455,0.0,4,0,1.0,,0.007037423803725844
LW,3,33.37867378026539,245.26531376601244,211.88663998574705,2,1,0.6666666666666666,1.1575308088443457,0.007003393001755715
ROP,2,32.58983944129341,32.58983944129341,0.0,2,0,1.0,,0.0068378826245169624
TMUS,2,32.475366926148354,32.475366926148354,0.0,2,0,1.0,,0.006813864414065047
VRSN,7,31.97329828697673,127.90062886127771,95.92733057430098,6,1,0.8571428571428571,1.33330749532545,0.0067085221821620395
LYV,2,31.965907868644535,32.13236776542976,0.1664598967852271,1,1,0.5,193.03368790915547,0.006706971551230192
PYPL,1,31.68709172035301,31.68709172035301,0.0,1,0,1.0,,0.006648471352133731
KDP,4,31.33410773341086,31.61710442316587,0.2829966897550093,3,1,0.75,111.72252385897816,0.006574409524508211
MSTR,2,30.751042675643475,30.751042675643475,0.0,2,0,1.0,,0.006452072916049229
GDDY,1,30.60896560448361,30.60896560448361,0.0,1,0,1.0,,0.00642226281716929
HSIC,2,29.747922378160865,31.2635518616421,1.5156294834812345,1,1,0.5,20.62743711598507,0.006241601831501155
HUBB,3,29.696228058830002,29.696228058830002,0.0,3,0,1.0,,0.00623075551577826
EQIX,2,29.608481496757122,31.09828636325551,1.489804866498389,1,1,0.5,20.874066840947012,0.006212344848452326
EXPE,1,28.87955592098001,28.87955592098001,0.0,1,0,1.0,,0.006059404311934772
AIZ,4,28.33204127197041,108.03778901528108,79.70574774331067,3,1,0.75,1.3554579446793809,0.00594452676208138
WDAY,3,27.737111762123618,151.2641940548225,123.52708229269888,2,1,0.6666666666666666,1.2245427581329915,0.005819700797058696
O,2,26.348115090500414,26.5699528169539,0.2218377264534865,1,1,0.5,119.77202093497345,0.00552826652278087
SRE,1,24.45708498869203,24.45708498869203,0.0,1,0,1.0,,0.005131497404022644
CRL,5,23.772279136961288,25.062884143433166,1.2906050064718784,4,1,0.8,19.41948467405025,0.004987813908951968
BG,3,23.34408915735105,24.719373055688038,1.3752838983369884,2,1,0.6666666666666666,17.974014736578415,0.004897972631064011
AME,2,23.16290807886764,23.16290807886764,0.0,2,0,1.0,,0.004859957870338214
CPB,7,21.720841425868016,125.67535035524043,103.95450892937241,5,2,0.7142857142857143,1.2089456402571759,0.004557388643886384
LH,2,21.024995101343166,32.425144747631066,11.4001496462879,1,1,0.5,2.8442736063722895,0.004411388676615185
BRO,3,20.881056321119104,22.761149340821135,1.880093019702031,2,1,0.6666666666666666,12.106395323157184,0.004381187960650896
PEG,2,20.41245454219529,20.41245454219529,0.0,2,0,1.0,,0.004282867624716351
CZR,3,19.470291072946765,288.40334424205184,268.93305316910505,2,1,0.6666666666666666,1.072398282187738,0.004085186282117707
WY,8,19.377633580468903,122.91221160905968,103.53457802859077,5,3,0.625,1.187160984759293,0.004065745221078207
CRM,4,19.00198223781456,90.72856806365292,71.72658582583836,3,1,0.75,1.2649224415052165,0.003986927410593448
WELL,3,18.99336510395358,18.99336510395358,0.0,3,0,1.0,,0.0039851193946316855
HD,3,18.80309838018536,21.00046616446639,2.1973677842810275,2,1,0.6666666666666666,9.55710114378403,0.00394519831656617
CFG,1,18.721982696933765,18.721982696933765,0.0,1,0,1.0,,0.003928178916330061
LUV,3,18.300394494025227,87.7152705723363,69.41487607831107,2,1,0.6666666666666666,1.2636379336524273,0.003839722799430112
LHX,5,17.998053195187808,110.46001988903981,92.461966693852,4,1,0.8,1.1946535839409582,0.003776286638054773
MTB,6,17.09915946556532,77.9884021581255,60.889242692560174,3,3,0.5,1.280823979892504,0.003587683996236145
GIS,5,17.032694163545557,52.30887963131818,35.27618546777262,3,2,0.6,1.4828383210283937,0.003573738486175167
AMT,2,16.29738913410563,16.29738913410563,0.0,2,0,1.0,,0.003419459435688146
IEX,3,16.281557265535184,26.06863507355729,9.787077808022104,2,1,0.6666666666666666,2.6635769720957767,0.0034161376500989136
BIIB,2,16.24160795212083,27.18717408757925,10.94556613545842,1,1,0.5,2.4838527081304416,0.0034077556291764273
PNR,2,15.455836658948328,15.455836658948328,0.0,2,0,1.0,,0.0032428879291649775
PODD,1,15.088998334126018,15.088998334126018,0.0,1,0,1.0,,0.003165919234310621
KHC,9,14.995669195641085,168.2117612480797,153.21609205243863,6,3,0.6666666666666666,1.097872677698298,0.0031463372509272156
MRK,5,14.366059117001782,26.033930129387613,11.667871012385833,4,1,0.8,2.2312493943198146,0.0030142347339846653
NI,1,14.048605582276195,14.048605582276195,0.0,1,0,1.0,,0.0029476277777551988
CAT,1,13.93333191575266,13.93333191575266,0.0,1,0,1.0,,0.0029234414726092175
PCAR,1,13.509015632423823,13.509015632423823,0.0,1,0,1.0,,0.0028344129597102684
WM,3,13.04568351562716,13.04568351562716,0.0,3,0,1.0,,0.002737198285285999
TSLA,5,12.720800533309443,15.094384059159097,2.3735835258496536,4,1,0.8,6.359322895012037,0.0026690325091460656
WSM,3,12.1973371534516,25.938697654731868,13.741360501280267,1,2,0.3333333333333333,1.8876367920276298,0.002559201309880765
PG,6,12.007214642135523,126.86081937875156,114.85360473661603,5,1,0.8333333333333334,1.104543646406838,0.002519310489952069
ETN,1,11.859628573283317,11.859628573283317,0.0,1,0,1.0,,0.002488344513036375
LDOS,1,11.804670380002564,11.804670380002564,0.0,1,0,1.0,,0.002476813383047648
SYF,1,11.72894223381286,11.72894223381286,0.0,1,0,1.0,,0.0024609243764156805
BLK,1,11.683340929122323,11.683340929122323,0.0,1,0,1.0,,0.0024513564750591726
URI,1,11.133414319546318,11.133414319546318,0.0,1,0,1.0,,0.0023359728563349053
EXR,9,10.712585332524455,138.65993049696658,127.94734516444213,7,2,0.7777777777777778,1.0837265151438373,0.002247676035375309
HUM,7,10.397243404290066,119.67235498648506,109.275111582195,5,2,0.7142857142857143,1.0951474059714816,0.0021815121288074396
STZ,5,10.319398415278222,62.29049259096803,51.97109417568981,4,1,0.8,1.1985603454950013,0.0021651789738457937
RTX,4,9.175163041489213,15.1674816746131,5.992318633123887,3,1,0.75,2.531154066269347,0.001925099632709923
GWW,1,8.852743701602549,8.852743701602549,0.0,1,0,1.0,,0.0018574507691433908
ETR,4,8.17232985075293,59.70106981777417,51.52873996702124,3,1,0.75,1.1585975099717805,0.0017146887878643376
WAB,2,8.053285169573883,8.053285169573883,0.0,2,0,1.0,,0.0016897112620179238
JCI,1,7.050076939618634,7.050076939618634,0.0,1,0,1.0,,0.0014792217277954391
LYB,3,5.301963852989502,37.8872439422164,32.5852800892269,2,1,0.6666666666666666,1.162710396794852,0.0011124389419432835
XYL,2,5.240247220010133,5.240247220010133,0.0,2,0,1.0,,0.0010994897805013096
NEE,3,5.138833631345278,70.47869645843844,65.33986282709316,2,1,0.6666666666666666,1.0786477566526886,0.0010782115469257655
MCD,2,4.333444241991401,5.936861858542898,1.6034176165514964,1,1,0.5,3.70262980602111,0.000909227648697188
AMZN,3,3.1892184322078947,42.669783049676994,39.4805646174691,2,1,0.6666666666666666,1.0807794534629516,0.0006691503142464733
AZO,1,3.128233694844994,3.128233694844994,0.0,1,0,1.0,,0.0006563547165042476
FE,7,2.753955236156571,137.913607663402,135.15965242724542,6,1,0.8571428571428571,1.020375572049055,0.0005778249595839421
UPS,4,2.7314909127806004,9.664081022430878,6.9325901096502776,2,2,0.5,1.39400727139173,0.0005731115762375533
TSN,5,1.8209653112139819,140.45324107163606,138.6322757604221,3,2,0.6,1.0131352190622687,0.00038206837698075017
ZS,1,1.731824160986207,1.731824160986207,0.0,1,0,1.0,,0.00036336510219567606
EXE,1,1.4808548823968977,1.4808548823968977,0.0,1,0,1.0,,0.0003107076329115841
BXP,1,1.1715481437006474,1.1715481437006474,0.0,1,0,1.0,,0.000245810008055622
GE,5,0.8312678307632986,76.02965413527977,75.19838630451648,3,2,0.6,1.0110543307059419,0.00017441361951277777
PTC,3,0.37757350834249337,33.668822876884406,33.29124936854191,2,1,0.6666666666666666,1.0113415241393517,7.922111235999943e-05
VICI,2,-0.29792992457566925,3.7321630121369935,4.030092936712663,1,1,0.5,0.92607368384445,-6.251058273083552e-05
CI,6,-1.0225363063848363,105.86249311705865,106.88502942344348,3,3,0.5,0.9904333065921338,-0.00021454488154081964
INCY,5,-3.219399258240628,154.36256379439965,157.58196305264028,3,2,0.6,0.9795700015669612,-0.0006754827463621501
ORCL,2,-3.3856035282674384,0.0,3.3856035282674384,0,2,0.0,0.0,-0.0007103551271292935
MSI,1,-3.587961467869036,0.0,3.587961467869036,0,1,0.0,0.0,-0.0007528131405118811
CPT,5,-3.7804730798224,32.225958637000645,36.006431716823045,3,2,0.6,0.8950056170643514,-0.0007932052329235341
TEL,6,-4.060769338583437,54.20996412297916,58.2707334615626,5,1,0.8333333333333334,0.9303120263405975,-0.0008520159834628791
AWK,5,-4.819907058983173,41.868785858439196,46.68869291742237,3,2,0.6,0.8967650033058737,-0.0010112955232497358
PPG,1,-4.82686770048258,0.0,4.82686770048258,0,1,0.0,0.0,-0.0010127559799558829
DOV,3,-4.995084124979272,117.2312271446333,122.22631126961257,2,1,0.6666666666666666,0.9591324971432633,-0.0010480505437200375
DPZ,2,-5.106078151374163,2.481789018075005,7.587867169449169,1,1,0.5,0.3270733346608079,-0.0010713389102024189
NDAQ,1,-6.993167748094379,0.0,6.993167748094379,0,1,0.0,0.0,-0.00146728124638865
NWSA,2,-7.10104158035972,22.910386162085278,30.011427742444997,1,1,0.5,0.7633887450707066,-0.0014899149449871343
RMD,1,-7.9042930659586546,0.0,7.9042930659586546,0,1,0.0,0.0,-0.0016584502759570375
PRU,6,-8.934205216826513,71.90392331944213,80.83812853626864,3,3,0.5,0.8894803061550576,-0.0018745427305972106
APH,4,-9.500383836688684,39.5696388290512,49.070022665739884,2,2,0.5,0.8063912890074587,-0.0019933362875308833
GS,2,-9.840452685635,0.0,9.840452685635,0,2,0.0,0.0,-0.002064688307461461
SNA,2,-10.372924760828255,0.5168172660421533,10.889742026870408,1,1,0.5,0.047459091755057935,-0.0021764096787055026
DVA,7,-11.88387587279965,145.11478469381177,156.99866056661142,4,3,0.5714285714285714,0.9243058773246186,-0.0024934319940088682
RVTY,5,-13.307056818931756,97.96796889689278,111.27502571582454,3,2,0.6,0.8804129072689187,-0.0027920386895291245
ULTA,2,-13.349474013661396,7.573794537081085,20.92326855074248,1,1,0.5,0.36197951188712923,-0.0028009385124124204
CTAS,5,-13.843341119873116,71.063505374285,84.90684649415812,4,1,0.8,0.8369584822488304,-0.00290455992823648
NOC,3,-14.310517054119373,72.37633856689081,86.68685562101018,2,1,0.6666666666666666,0.8349171053488881,-0.003002581098580981
ARM,1,-14.380437817051645,0.0,14.380437817051645,0,1,0.0,0.0,-0.003017251620993612
PAYX,6,-15.3117043790445,46.942538595911174,62.25424297495567,3,3,0.5,0.754045609626893,-0.0032126466137954502
TROW,3,-16.4596578307478,27.386605260271608,43.84626309101941,2,1,0.6666666666666666,0.6246052304028831,-0.003453506068635549
VRSK,1,-17.589156492100756,0.0,17.589156492100756,0,1,0.0,0.0,-0.0036904934058942444
AON,5,-18.777546441841892,79.09165691410703,97.86920335594893,4,1,0.8,0.8081363105250973,-0.003939837100978218
DG,8,-20.833683723793,159.98315076055337,180.81683448434637,5,3,0.625,0.8847801766732256,-0.004371248413059141
ZBH,3,-22.744072438423927,88.64429198077892,111.38836441920284,2,1,0.6666666666666666,0.7958128521141751,-0.004772079286171588
ACN,5,-23.721764895163005,20.971092918024397,44.6928578131874,3,2,0.6,0.46922694014515476,-0.004977215192842754
HLT,4,-26.057984222482332,67.20369941051626,93.2616836329986,3,1,0.75,0.7205928178926604,-0.005467392309981185
AFL,4,-27.67824872151823,36.954571253458425,64.63281997497666,1,3,0.25,0.5717617035395611,-0.00580735036608137
MPC,3,-27.854721021222645,26.626743377882008,54.48146439910465,2,1,0.6666666666666666,0.48873031721077587,-0.005844377147819006
FOX,1,-28.014564602638306,0.0,28.014564602638306,0,1,0.0,0.0,-0.005877914951832174
AVY,1,-28.72618283793008,0.0,28.72618283793008,0,1,0.0,0.0,-0.00602722412456242
SW,5,-30.278720571251156,136.75898143442691,167.03770200567806,3,2,0.6,0.8187312193134584,-0.006352971994836733
ALGN,5,-30.453565212877947,36.25269383788009,66.70625905075804,3,2,0.6,0.5434676498691785,-0.0063896572672242635
TFC,3,-31.650557440992884,51.49129707558677,83.14185451657966,1,2,0.3333333333333333,0.61931860162343,-0.006640805861345233
MCHP,6,-32.57004057813242,59.937309089056725,92.50734966718915,4,2,0.6666666666666666,0.6479194280745405,-0.006833728498423842
EVRG,7,-36.43821467776365,99.71576936814267,136.15398404590633,5,2,0.7142857142857143,0.7323749654987843,-0.007645334843159648
ARE,9,-36.86083521353204,135.9054060394285,172.76624125296053,5,4,0.5555555555555556,0.7866432993725828,-0.00773400756041867
VZ,9,-37.144748967797,99.49941425055988,136.64416321835688,7,2,0.7777777777777778,0.7281643936123359,-0.0077935773208235
HST,3,-38.76859838492531,151.08188394301214,189.85048232793747,2,1,0.6666666666666666,0.7957940485083491,-0.00813428755151413
MAS,4,-38.93684106808257,25.86873883213434,64.80557990021691,2,2,0.5,0.39917455984446415,-0.008169587624775782
FOXA,1,-39.260418167801845,0.0,39.260418167801845,0,1,0.0,0.0,-0.008237479405336645
MHK,4,-39.854771822402654,122.00821842295204,161.8629902453547,2,2,0.5,0.7537746475461122,-0.008362184546487586
PLD,6,-40.135878312808586,116.72815616256469,156.86403447537327,5,1,0.8333333333333334,0.7441358789027597,-0.00842116529690976
UHS,4,-43.808050176472655,24.550727161230952,68.3587773377036,1,3,0.25,0.35914520588843074,-0.00919164715908711
NDSN,4,-44.68179523735398,21.20185678545795,65.88365202281193,2,2,0.5,0.32180755216964746,-0.009374973197891948
TRMB,3,-46.280827394096846,57.86815836283041,104.14898575692725,2,1,0.6666666666666666,0.5556286308720143,-0.009710476360475248
GL,3,-46.78680858147163,21.580923797487685,68.36773237895932,1,2,0.3333333333333333,0.3156594938364429,-0.009816639509137425
MAA,5,-48.81709935717788,29.27004529863609,78.08714465581397,3,2,0.6,0.3748382070781326,-0.01024262780045525
PGR,6,-50.079838080510626,252.49392964377057,302.5737677242812,4,2,0.6666666666666666,0.8344871782601272,-0.010507571087185325
AEE,5,-50.503803028558195,35.747205456839424,86.25100848539762,3,2,0.6,0.41445550706681256,-0.01059652588418213
FIS,5,-53.246141636460834,75.61810795697943,128.86424959344026,3,2,0.6,0.586804394512446,-0.01117191348470402
CMS,5,-54.44716310884894,21.470484718337843,75.91764782718678,4,1,0.8,0.2828128285429975,-0.011423907480332876
L,6,-55.0508324639643,53.28217681485694,108.33300927882124,3,3,0.5,0.491836949509289,-0.011550567208182485
ES,7,-55.370893143376875,109.53365047411933,164.9045436174962,5,2,0.7142857142857143,0.6642245754500723,-0.011617721186111365
DHR,3,-57.050790083609286,11.305090132534588,68.35588021614387,1,2,0.3333333333333333,0.1653857736421134,-0.0119701911060472
JNJ,3,-59.00961750099793,43.44523144479945,102.45484894579738,2,1,0.6666666666666666,0.42404270653684406,-0.012381185213149732
MCO,4,-61.74532354383791,19.18054027659673,80.92586382043464,2,2,0.5,0.23701372306826635,-0.012955181192780711
UDR,5,-62.44837519313795,39.431473718728284,101.87984891186623,4,1,0.8,0.38703898896473127,-0.013102692955320893
DOC,3,-63.41829253575622,13.24959741444809,76.66788995020431,1,2,0.3333333333333333,0.1728180783774496,-0.01330619751557668
GFS,2,-63.774171774161914,111.03182489860592,174.80599667276783,1,1,0.5,0.6351717161422931,-0.01338086681442684
YUM,6,-64.46317624536061,59.81413876198758,124.2773150073482,4,2,0.6666666666666666,0.48129571159829876,-0.01352543124869817
AMP,3,-64.47831641204232,10.026814305585617,74.50513071762794,2,1,0.6666666666666666,0.13457884321533403,-0.013528607903890707
EMN,3,-64.96948176078581,7.86547322297497,72.83495498376078,2,1,0.6666666666666666,0.10799036293396005,-0.013631662446702676
CHTR,3,-65.9911201814326,46.08932574796893,112.08044592940153,1,2,0.3333333333333333,0.4112164737192443,-0.013846018937094836
LIN,2,-66.03248175330918,0.0,66.03248175330918,0,2,0.0,0.0,-0.013854697272996645
HSY,3,-66.80359692325601,2.9574389206027263,69.76103584385874,1,2,0.3333333333333333,0.04239385044714869,-0.014016489878068515
DLR,6,-67.08005757403225,111.57216869152717,178.65222626555942,5,1,0.8333333333333334,0.6245215692172769,-0.014074495855167938
MMM,6,-68.2471318782691,62.33523141797923,130.58236329624833,3,3,0.5,0.47736332720951863,-0.01431936717835555
TXT,3,-68.78615577519713,21.095569937291202,89.88172571248833,2,1,0.6666666666666666,0.23470365939313673,-0.014432463229216527
AIG,3,-69.28157676954902,37.312020829367384,106.5935975989164,2,1,0.6666666666666666,0.35003998054144564,-0.014536410676248357
MDLZ,7,-72.41599526196048,66.41559001177757,138.83158527373803,5,2,0.7142857142857143,0.47838962496051696,-0.015194063064681676
XEL,7,-74.17984755194766,50.77331130576897,124.95315885771663,4,3,0.5714285714285714,0.4063387574185637,-0.015564148193442259
PPL,7,-75.00879175378304,153.62828397179396,228.637075725577,5,2,0.7142857142857143,0.6719307596296727,-0.015738074277510113
COF,3,-75.93740187244997,41.812076571078705,117.74947844352867,2,1,0.6666666666666666,0.35509351823695173,-0.01593291190494984
COST,5,-77.20428018094456,35.38574757953711,112.59002776048168,2,3,0.4,0.3142884701548787,-0.01619872374451528
CF,4,-78.40005367304605,80.48142122681156,158.8814748998576,3,1,0.75,0.5065500636719208,-0.01644961662783948
VLO,3,-79.43898341318004,22.832456650632366,102.2714400638124,1,2,0.3333333333333333,0.22325349712868053,-0.016667601120550872
UNP,5,-79.58029512626842,28.53383201919371,108.11412714546213,3,2,0.6,0.2639232519613544,-0.016697250634759384
TAP,5,-79.76691002217753,31.981794608927203,111.74870463110473,2,3,0.4,0.28619387324893625,-0.016736405499468417
CNP,11,-80.0754737793585,121.89936853604138,201.97484231539988,8,3,0.7272727272727273,0.6035373868280375,-0.016801147234621307
DVN,5,-81.04290649284667,25.217130075692467,106.26003656853914,1,4,0.2,0.23731527759664456,-0.017004130478950157
MNST,3,-81.50068409680591,46.669693364572254,128.17037746137817,2,1,0.6666666666666666,0.3641223057069901,-0.017100179725515016
FFIV,5,-82.03184106926392,33.08572793453186,115.11756900379578,4,1,0.8,0.28740815342826537,-0.01721162516664412
HIG,2,-82.08637712715232,17.201770034383117,99.28814716153543,1,1,0.5,0.17325099245126352,-0.017223067725706632
NWS,2,-85.84907443270481,26.24105685495715,112.09013128766196,1,1,0.5,0.23410675456890617,-0.01801254330975489
GD,6,-86.7843387699138,87.45817696942618,174.24251573933998,3,3,0.5,0.5019336216441009,-0.018208777101340518
BR,4,-90.07412796824588,68.58049420436237,158.65462217260824,3,1,0.75,0.43226281885283013,-0.01889902881117544
COIN,3,-92.44462025241616,212.75134414383592,305.19596439625207,2,1,0.6666666666666666,0.6970975011570257,-0.01939639695656561
BSX,1,-92.7047777529192,0.0,92.7047777529192,0,1,0.0,0.0,-0.01945098226544791
SWK,7,-92.77850958362114,127.61918962082541,220.39769920444655,4,3,0.5714285714285714,0.5790404803747183,-0.019466452412360995
SBAC,3,-93.47947941953998,29.853410033583714,123.3328894531237,2,1,0.6666666666666666,0.24205554711284358,-0.019613527376322513
ABT,6,-97.55039046913589,17.62512655866135,115.17551702779724,3,3,0.5,0.15302841275205722,-0.02046767125702895
CSGP,3,-98.77705144687002,14.474097421721126,113.25114886859114,2,1,0.6666666666666666,0.12780530322492248,-0.020725044841238553
EL,3,-98.92377599694422,87.97499682047419,186.8987728174184,2,1,0.6666666666666666,0.4707093336905805,-0.020755830057390037
GM,4,-100.71316147199366,32.55715617455371,133.27031764654737,2,2,0.5,0.24429412902654074,-0.021131272466992715
MDT,4,-102.86708976125874,44.39186694994419,147.25895671120293,2,2,0.5,0.3014544442074471,-0.021583201935689623
TPR,7,-102.99436981550524,322.5600384701618,425.554408285667,4,3,0.5714285714285714,0.7579760241929702,-0.021609907377824356
CBOE,1,-110.6664338456909,0.0,110.6664338456909,0,1,0.0,0.0,-0.023219632194686056
CAH,5,-111.06156946617807,61.433898075437135,172.4954675416152,3,2,0.6,0.3561478973968749,-0.023302538126104465
ADP,5,-112.24707034070954,78.72888766137748,190.97595800208703,4,1,0.8,0.412245020184777,-0.023551275645843125
DHI,7,-115.242586331153,180.38205842552543,295.62464475667844,4,3,0.5714285714285714,0.6101726010495288,-0.024179784012059953
AMGN,2,-121.64553965700486,0.0,121.64553965700486,0,2,0.0,0.0,-0.025523228596109056
APD,3,-123.10017809689873,19.00725733079514,142.10743542769387,2,1,0.6666666666666666,0.13375272921919898,-0.02582843558956548
PHM,3,-124.58008848161512,87.12004662012009,211.7001351017352,2,1,0.6666666666666666,0.41152570156959717,-0.026138945051378676
GEHC,2,-125.67979131169841,17.98925695941739,143.6690482711158,1,1,0.5,0.12521316996177298,-0.026369680734734967
JPM,3,-126.47399970080266,19.368388419382427,145.8423881201851,1,2,0.3333333333333333,0.1328035605356477,-0.02653631867579891
GLW,2,-127.7333011122339,13.601968016331284,141.3352691285652,1,1,0.5,0.0962390215846145,-0.02680054075813739
APTV,5,-130.37058378417692,55.3904510702107,185.76103485438762,2,3,0.4,0.2981812149874681,-0.027353885900905088
HRL,6,-130.82000114191192,74.0965740489604,204.91657519087232,4,2,0.6666666666666666,0.36159385340079075,-0.027448181030746036
PH,5,-133.0256722042575,24.04407454746388,157.06974675172137,2,3,0.4,0.153078966794733,-0.02791096698155691
SMCI,3,-133.25143406464906,25.978252351983997,159.22968641663306,2,1,0.6666666666666666,0.16314955418558383,-0.027958335521228023
VTRS,5,-134.20902064079849,206.74488927533685,340.95390991613533,3,2,0.6,0.6063719560400115,-0.02815925288451599
IQV,3,-138.82769560447332,39.83930198945018,178.6669975939235,2,1,0.6666666666666666,0.22298075484537677,-0.029128326614974057
OMC,3,-144.2760392250418,48.56737807276477,192.84341729780658,1,2,0.3333333333333333,0.2518487732343103,-0.03027147843204863
TEAM,2,-144.34497184288762,43.376076198843066,187.72104804173068,1,1,0.5,0.23106666328221487,-0.030285941625421503
GPC,8,-145.24791100425273,60.18315374078884,205.43106474504157,5,3,0.625,0.29296033594277254,-0.030475393065144504
LULU,5,-145.6833061102794,149.1419022060379,294.82520831631734,3,2,0.6,0.5058655026744656,-0.030566746096682525
CSX,5,-145.98042082309917,18.659070311734013,164.63949113483318,3,2,0.6,0.11333289591166787,-0.03062908563462159
CARR,1,-146.12288049415656,0.0,146.12288049415656,0,1,0.0,0.0,-0.03065897600923275
ALL,5,-146.35918692712448,44.432606245753504,190.791793172878,2,3,0.4,0.23288531181995215,-0.03070855697310843
TDG,5,-146.6966909326992,26.214464406428647,172.91115533912784,3,2,0.6,0.15160655398441264,-0.03077937084684909
RJF,3,-154.504893187981,39.66726722326848,194.17216041124948,1,2,0.3333333333333333,0.2042891583389435,-0.0324176596953193
GRMN,6,-156.7143386941566,106.6406674075456,263.3550061017022,4,2,0.6666666666666666,0.4049312332660318,-0.03288123758632764
GPN,2,-162.0409743051739,0.0,162.0409743051739,0,2,0.0,0.0,-0.03399885306759811
RCL,3,-162.40549830818497,30.99012572711013,193.3956240352951,1,2,0.3333333333333333,0.16024212482416028,-0.03407533617979321
IFF,2,-162.9267488462456,10.173896255662612,173.1006451019082,1,1,0.5,0.05877445603783286,-0.03418470308856996
ELV,8,-163.20786239248116,84.72273076150066,247.93059315398182,4,4,0.5,0.34171955015201394,-0.034243685319420875
MS,5,-165.29047773718082,15.914558017348329,181.20503575452915,1,4,0.2,0.08782624583848272,-0.034680652163173724
KKR,4,-170.88361056400032,115.37874268897849,286.2623532529788,3,1,0.75,0.4030524495374869,-0.035854183129535755
JKHY,1,-174.5104226658921,0.0,174.5104226658921,0,1,0.0,0.0,-0.03661514777002094
HPQ,5,-182.4465825343918,72.96068193287874,255.40726446727055,3,2,0.6,0.2856640827544996,-0.03828028422360665
RSG,6,-183.8735929240105,37.426232078595376,221.29982500260587,3,3,0.5,0.1691200256401227,-0.038579694399154034
PSA,7,-186.04065417804554,32.284814845194774,218.32546902324032,3,4,0.42857142857142855,0.14787470737900082,-0.039034379379174367
DOW,2,-186.18016101544117,29.36016989044901,215.5403309058902,1,1,0.5,0.13621659467187294,-0.03906365020087164
AKAM,6,-187.7408365807264,54.6140171666018,242.3548537473282,4,2,0.6666666666666666,0.22534732159125936,-0.039391105521711614
ECL,4,-189.85235755575036,4.54270403139401,194.39506158714437,1,3,0.25,0.02336841272769465,-0.03983413724061371
SOLV,1,-197.5389099420329,0.0,197.5389099420329,0,1,0.0,0.0,-0.04144690195212082
AEP,8,-197.88412608334056,34.01713996406056,231.90126604740112,3,5,0.375,0.14668803040129752,-0.04151933395837856
PNC,4,-199.10566712932496,53.417841665927426,252.52350879525238,2,2,0.5,0.2115361136900681,-0.041775633296965896
LMT,2,-200.90236924816531,43.4288906243321,244.3312598724974,1,1,0.5,0.17774594477593725,-0.04215261085839213
WMT,7,-202.88404351340375,125.34128617718136,328.2253296905851,4,3,0.5714285714285714,0.38187572633513506,-0.04256839860874714
BAC,3,-203.18856174160473,17.807425529233342,220.99598727083807,1,2,0.3333333333333333,0.08057804917249352,-0.04263229152559367
ZTS,3,-204.06877295543327,39.86180974121669,243.93058269664996,2,1,0.6666666666666666,0.16341456368670468,-0.04281697426929927
DD,5,-206.95460112383694,107.60605421423816,314.5606553380751,3,2,0.6,0.34208364074835806,-0.043422468332122606
RL,5,-211.61323048236477,36.296496943438115,247.90972742580288,2,3,0.4,0.1464101361424042,-0.0443999251496723
AOS,2,-212.43429204148936,0.0368544713248866,212.47114651281424,1,1,0.5,0.00017345635833270135,-0.04457219732606366
DIS,2,-212.69957553104473,11.624899330044627,224.32447486108936,1,1,0.5,0.05182180561101604,-0.044627858151489626
PSX,2,-213.11362346184572,0.0,213.11362346184572,0,2,0.0,0.0,-0.04471473219567881
CMCSA,3,-213.61487885243366,19.668377143367138,233.2832559958008,2,1,0.6666666666666666,0.08431113951753648,-0.04481990379469577
BDX,7,-214.70125973841493,35.888514740967935,250.58977447938287,3,4,0.42857142857142855,0.1432161979295793,-0.04504784431576646
NKE,7,-219.32798016105085,140.31112140781238,359.6391015688632,3,4,0.42857142857142855,0.3901442329149679,-0.04601860611541969
CCEP,5,-231.41697789128284,53.63035788213358,285.0473357734164,2,3,0.4,0.18814544516481377,-0.04855507603808642
BMY,8,-234.21053906280736,137.0145231635704,371.22506222637776,5,3,0.625,0.36908748116800694,-0.04914121097224903
CLX,5,-235.89299394424552,3.661461125410369,239.5544550696559,1,4,0.2,0.01528446266777095,-0.049494217590187226
STX,4,-236.55601506913206,50.15554302014698,286.71155808927904,2,2,0.5,0.17493380230080943,-0.049633330292405846
TYL,3,-236.82366747044534,6.652742161300012,243.47640963174536,1,2,0.3333333333333333,0.027323970200489614,-0.04968948815435688
LKQ,7,-240.20717754104442,89.59327289451255,329.80045043555697,4,3,0.5714285714285714,0.27165903738515085,-0.05039940403974515
PFE,6,-254.8352584950262,53.42601699399597,308.2612754890222,2,4,0.3333333333333333,0.17331407232141482,-0.05346861525097074
CHD,8,-260.28222409596856,51.13334370452151,311.41556780049007,4,4,0.5,0.16419649173505782,-0.054611477936935146
BA,6,-265.994692804386,63.46452622513107,329.45921902951704,3,3,0.5,0.19263241870140269,-0.055810047527765694
SJM,6,-270.623451922792,92.60884544412386,363.2322973669159,3,3,0.5,0.2549576293612896,-0.056781237079215875
MSCI,6,-273.96360600492994,42.57310373551445,316.5367097404444,3,3,0.5,0.13449657630681697,-0.05748205616740448
AAPL,3,-274.8644803788028,48.90207635407239,323.7665567328752,1,2,0.3333333333333333,0.15104116017275754,-0.05767107438085946
OTIS,5,-280.51998480442376,42.197022586110506,322.71700739053426,3,2,0.6,0.13075549667280476,-0.05885769193123109
INTU,4,-280.79547716418944,38.74832296016814,319.5438001243576,2,2,0.5,0.12126138246177322,-0.058915494745001386
NFLX,7,-289.90549810512175,186.77301555315444,476.6785136582762,5,2,0.7142857142857143,0.3918217628895463,-0.0608269264970111
TTD,3,-296.56537740561726,94.84956499069835,391.4149423963156,1,2,0.3333333333333333,0.24232484434552126,-0.0622242783628364
HAL,6,-302.0053686217208,235.38284224687743,537.3882108685982,3,3,0.5,0.4380126647483026,-0.06336567770851673
NOW,7,-304.0130602583987,81.43500230307279,385.4480625614715,4,3,0.5714285714285714,0.21127360651886917,-0.063786924329954
ROK,3,-322.8433644120887,0.0,322.8433644120887,0,3,0.0,0.0,-0.06773783086383953
NRG,5,-345.58268508171795,28.23655721307864,373.8192422947966,3,2,0.6,0.07553532300729207,-0.07250891315101285
SNPS,1,-352.03045533223303,0.0,352.03045533223303,0,1,0.0,0.0,-0.07386176106062883
WMB,4,-357.79313877332277,11.234335005267669,369.02747377859043,1,3,0.25,0.030443085687457676,-0.07507086652564351
ODFL,4,-363.28875569763,20.791450172843042,384.08020587047304,2,2,0.5,0.054133094741817385,-0.0762239370568873
XYZ,4,-399.0367974044384,113.30058567448827,512.3373830789267,3,1,0.75,0.22114448294520425,-0.08372446229536917
UBER,4,-439.63589763142136,61.11503430075618,500.75093193217754,1,3,0.25,0.12204677096643665,-0.09224281914438627
UAL,7,-451.64331801634427,84.3912985873576,536.0346166037018,3,4,0.42857142857142855,0.157436284846785,-0.09476217280254828
META,9,-461.8724367705705,129.77924780900287,591.6516845795734,5,4,0.5555555555555556,0.21935076192882602,-0.09690840962337223
F,4,-488.1684026959299,0.0,488.1684026959299,0,4,0.0,0.0,-0.10242573439632204
VST,4,-504.2344640392291,102.3156255357926,606.5500895750217,1,3,0.25,0.16868454443305725,-0.10579665746888472
ED,5,-532.1125857444754,23.609489827213338,555.7220755716887,1,4,0.2,0.04248434759933824,-0.11164594446386561
MU,4,-542.2304888177378,3.590352171952645,545.8208409896904,1,3,0.25,0.006577894983714007,-0.11376884641144458
PDD,4,-1076.831795031737,24.74156387394669,1101.5733589056838,1,3,0.25,0.022460205372545734,-0.22593696523233617
