ticker,pnl,trades,wins,avg_trade,win_rate
ENPH,513.6060539418752,7,6,73.37229342026788,0.8571428571428571
CNC,487.28527544842586,6,6,81.21421257473764,1.0
CTSH,452.9336069254948,9,9,50.32595632505498,1.0
EQT,434.9381915589373,7,6,62.134027365562474,0.8571428571428571
FCX,418.14819847059925,6,5,69.69136641176654,0.8333333333333334
KLAC,412.1675940069134,6,6,68.69459900115224,1.0
MRVL,358.6184927468355,4,4,89.65462318670887,1.0
SBUX,344.703702023486,3,2,114.90123400782868,0.6666666666666666
FANG,337.9780625789806,9,9,37.55311806433118,1.0
INTC,328.42221921716646,10,7,32.84222192171664,0.7
DECK,317.5439360576934,5,5,63.508787211538674,1.0
MTCH,306.3829214896191,6,6,51.06382024826985,1.0
ZBRA,303.00489553749685,5,5,60.60097910749937,1.0
CAG,302.7360153293854,7,5,43.2480021899122,0.7142857142857143
NTAP,302.37045031698153,5,4,60.474090063396304,0.8
BBY,296.45829356037655,7,7,42.35118479433951,1.0
ADSK,283.42255259146384,8,8,35.42781907393298,1.0
DXCM,277.61842500870694,5,5,55.523685001741384,1.0
PCG,277.1980220006039,4,3,69.29950550015097,0.75
IP,270.42450143200773,7,7,38.63207163314396,1.0
KEYS,270.0862957718433,7,5,38.583756538834756,0.7142857142857143
DAL,267.8895754050345,3,3,89.2965251350115,1.0
HCA,266.4645189472192,5,5,53.292903789443834,1.0
MOH,259.0007073669833,5,5,51.800141473396664,1.0
SWKS,255.8094724820719,9,8,28.42327472023021,0.8888888888888888
TECH,246.042198512406,5,5,49.2084397024812,1.0
CTVA,230.26970581827663,7,7,32.8956722597538,1.0
KMX,230.17526499441442,4,4,57.543816248603605,1.0
CCI,224.57579162155616,6,6,37.42929860359269,1.0
FSLR,224.07795569693758,4,2,56.019488924234395,0.5
CPAY,215.97706128484901,5,5,43.1954122569698,1.0
CME,212.03585648076137,7,6,30.29083664010877,0.8571428571428571
WYNN,210.8739776157173,6,6,35.145662935952885,1.0
MLM,210.8244181698915,3,3,70.2748060566305,1.0
J,209.62634698565762,4,4,52.406586746414405,1.0
AXON,208.72901488400203,6,6,34.78816914733367,1.0
MKTX,206.20725858516096,6,6,34.36787643086016,1.0
TPL,205.84457044184387,3,3,68.61485681394795,1.0
NEM,203.74270645674778,4,3,50.935676614186946,0.75
EXPD,201.84662974834396,4,3,50.46165743708599,0.75
MKC,197.43916700792784,8,8,24.67989587599098,1.0
EOG,189.13089354524004,4,4,47.28272338631001,1.0
LOW,187.53084195960923,6,4,31.255140326601538,0.6666666666666666
CVS,186.75212013451232,7,6,26.678874304930332,0.8571428571428571
MET,185.92451496940566,3,3,61.974838323135224,1.0
AXP,185.78534743582668,4,2,46.44633685895667,0.5
ALB,185.6981517518857,4,3,46.42453793797142,0.75
PKG,184.5830846820395,5,4,36.9166169364079,0.8
HAS,184.11475120516093,7,5,26.30210731502299,0.7142857142857143
IT,180.60414727147213,5,3,36.12082945429442,0.6
T,180.54051691396035,7,7,25.79150241628005,1.0
PAYC,177.25774583932036,3,3,59.08591527977345,1.0
AMAT,176.62457418126667,5,4,35.324914836253335,0.8
MELI,173.94549351888895,5,5,34.78909870377779,1.0
JBL,172.25905737960477,3,3,57.41968579320159,1.0
WBD,170.5347095711553,7,6,24.3621013673079,0.8571428571428571
AVGO,168.32936309650609,8,7,21.04117038706326,0.875
TER,166.24507259733537,5,5,33.249014519467075,1.0
MRNA,162.6564649319248,1,1,162.6564649319248,1.0
EIX,161.4694518826218,6,6,26.9115753137703,1.0
FDS,159.827933867517,5,5,31.9655867735034,1.0
BALL,151.0588524859777,4,3,37.764713121494424,0.75
STLD,150.12430781720605,4,3,37.53107695430151,0.75
REGN,148.5679644736042,6,5,24.761327412267367,0.8333333333333334
MOS,147.18909827464995,3,3,49.06303275821665,1.0
CEG,146.3720913833056,2,2,73.1860456916528,1.0
IR,144.11519240851123,3,3,48.03839746950374,1.0
AMD,143.40943407282793,7,6,20.487062010403992,0.8571428571428571
MPWR,143.03070861490994,3,3,47.67690287163665,1.0
PLTR,142.47651455882374,2,2,71.23825727941187,1.0
FAST,137.7651056579523,6,4,22.96085094299205,0.6666666666666666
POOL,136.62160965812984,4,4,34.15540241453246,1.0
HBAN,135.65133600100796,5,5,27.130267200201594,1.0
QCOM,135.00384371733458,6,4,22.500640619555764,0.6666666666666666
ACGL,132.85874732477953,4,3,33.21468683119488,0.75
CCL,132.55514071266066,4,3,33.138785178165165,0.75
PFG,131.5558406371265,4,3,32.88896015928162,0.75
MAR,130.67390700333704,3,3,43.55796900111235,1.0
PANW,129.24328069541252,7,6,18.46332581363036,0.8571428571428571
GEN,129.02932588078716,4,3,32.25733147019679,0.75
COP,126.77426503183847,3,3,42.258088343946156,1.0
PWR,126.19196542884208,8,7,15.77399567860526,0.875
HWM,125.85262712043368,5,5,25.170525424086737,1.0
ORLY,122.95788231639699,2,2,61.478941158198495,1.0
EPAM,122.42001484972707,5,4,24.484002969945415,0.8
COO,120.82634366405,7,5,17.26090623772143,0.7142857142857143
ANET,120.5392205366013,4,4,30.134805134150326,1.0
CB,118.64572136146137,6,6,19.774286893576896,1.0
TJX,118.6310403613204,3,3,39.543680120440136,1.0
PM,118.00050255615747,5,5,23.600100511231496,1.0
VRTX,117.87731927722052,4,4,29.46932981930513,1.0
AZN,115.82132517567719,11,9,10.529211379607018,0.8181818181818182
MGM,111.67593297299322,4,4,27.918983243248306,1.0
NTRS,111.59346131453628,4,4,27.89836532863407,1.0
WRB,110.82664042396937,4,3,27.70666010599234,0.75
ON,110.35165335369015,7,3,15.764521907670021,0.42857142857142855
FTNT,109.7079008505549,10,7,10.97079008505549,0.7
APP,109.62399924732335,1,1,109.62399924732335,1.0
NVR,109.5041176515856,3,3,36.50137255052854,1.0
TSCO,106.21089180829517,5,5,21.242178361659036,1.0
BEN,105.87516984958404,4,2,26.46879246239601,0.5
KEY,103.79202081051335,2,2,51.896010405256675,1.0
XOM,103.4702947323816,4,3,25.8675736830954,0.75
SLB,103.17067740874792,6,5,17.195112901457986,0.8333333333333334
LII,102.82028799722332,3,3,34.27342933240777,1.0
BKNG,102.34855474051528,6,4,17.058092456752547,0.6666666666666666
JBHT,101.90842361847035,6,6,16.984737269745057,1.0
EFX,100.81052357009594,6,5,16.801753928349324,0.8333333333333334
HPE,100.46145037776137,3,2,33.48715012592046,0.6666666666666666
SYK,100.41917398800354,5,4,20.08383479760071,0.8
GOOGL,100.21735083669546,4,4,25.054337709173865,1.0
EW,99.48713832921646,4,3,24.871784582304116,0.75
MSFT,99.35473757748719,3,3,33.11824585916239,1.0
LNT,97.73797553342217,5,5,19.547595106684433,1.0
ADBE,96.50189510229266,2,1,48.25094755114633,0.5
CRWD,95.13855912658181,5,3,19.027711825316363,0.6
WFC,94.66474972091396,4,4,23.66618743022849,1.0
A,93.91528071215339,2,2,46.957640356076695,1.0
EG,92.4925112664962,7,6,13.213215895213741,0.8571428571428571
OXY,91.67696070999114,6,4,15.27949345166519,0.6666666666666666
ROL,89.63568754209905,6,5,14.939281257016509,0.8333333333333334
SHOP,87.6832937138081,1,1,87.6832937138081,1.0
NSC,87.0943425414705,2,2,43.54717127073525,1.0
EXC,86.7819421364801,4,4,21.695485534120024,1.0
VMC,86.24063993144557,4,4,21.560159982861393,1.0
RF,85.30619636878464,1,1,85.30619636878464,1.0
MTD,84.36919571932526,3,3,28.123065239775087,1.0
V,83.82066828384473,3,3,27.940222761281575,1.0
AJG,83.56652299852487,7,5,11.938074714074983,0.7142857142857143
DASH,83.40024094131604,1,1,83.40024094131604,1.0
CBRE,81.88080080027817,3,3,27.293600266759388,1.0
ADI,80.54812210872137,6,4,13.42468701812023,0.6666666666666666
CMG,79.88333519780065,6,5,13.313889199633442,0.8333333333333334
ADM,77.92199520598456,5,5,15.584399041196912,1.0
NXPI,77.4546941206005,3,2,25.818231373533497,0.6666666666666666
FDX,77.20567929297658,3,3,25.735226430992196,1.0
LEN,77.16484291737697,3,3,25.721614305792325,1.0
SYY,77.10229479403597,3,3,25.700764931345322,1.0
MA,77.02316009348397,4,4,19.25579002337099,1.0
KIM,76.51256541989483,4,4,19.128141354973707,1.0
CDW,76.35743803662513,6,4,12.726239672770854,0.6666666666666666
TXN,76.17401128278766,4,4,19.043502820696915,1.0
CMI,75.57482038333751,2,2,37.787410191668755,1.0
CVX,74.91600818345228,3,3,24.972002727817426,1.0
KMB,74.54908437590541,5,3,14.909816875181082,0.6
DLTR,74.07376684298822,6,5,12.345627807164703,0.8333333333333334
ALLE,73.76671326139194,4,3,18.441678315347986,0.75
GOOG,73.14759933525465,2,2,36.57379966762733,1.0
TKO,72.67660681433995,3,3,24.22553560477998,1.0
KO,72.56543719811373,7,6,10.366491028301962,0.8571428571428571
DGX,72.37362690758891,6,5,12.062271151264818,0.8333333333333334
CINF,72.19955776253721,4,3,18.049889440634303,0.75
CPRT,71.56693796261698,2,2,35.78346898130849,1.0
IVZ,70.64376917310597,3,3,23.54792305770199,1.0
EBAY,70.58129591549849,7,4,10.083042273642642,0.5714285714285714
ROST,69.5630010006937,4,3,17.390750250173426,0.75
COR,69.46906944137925,4,4,17.367267360344812,1.0
NVDA,68.3552245160722,5,4,13.67104490321444,0.8
DUK,68.34590691001858,4,4,17.086476727504646,1.0
CSCO,68.21104279374276,7,6,9.744434684820394,0.8571428571428571
DELL,68.14599791013245,4,3,17.036499477533113,0.75
APO,66.78354158397929,4,3,16.69588539599482,0.75
OKE,66.76821970111223,4,4,16.692054925278057,1.0
NUE,65.57326489939351,1,1,65.57326489939351,1.0
KR,65.23144058496098,5,4,13.046288116992196,0.8
SPGI,64.5542350101573,4,4,16.138558752539325,1.0
ABBV,64.43838017861196,3,3,21.47946005953732,1.0
CDNS,64.40368056900502,3,2,21.467893523001674,0.6666666666666666
TRV,64.06775505815392,4,4,16.01693876453848,1.0
WAT,60.6138468425313,3,2,20.2046156141771,0.6666666666666666
BAX,60.22222870424116,5,4,12.044445740848232,0.8
NCLH,60.14022162607921,5,3,12.028044325215841,0.6
D,59.72987979263894,5,5,11.945975958527788,1.0
UNH,59.45916431911314,2,2,29.72958215955657,1.0
BLDR,59.0259520127122,3,3,19.675317337570736,1.0
TTWO,58.956153712347714,3,2,19.65205123744924,0.6666666666666666
DDOG,58.29335335033511,1,1,58.29335335033511,1.0
CHRW,57.05537984282705,2,1,28.527689921413526,0.5
BKR,57.00907181680874,8,6,7.126133977101093,0.75
DRI,56.089335467226874,5,4,11.217867093445374,0.8
LRCX,54.47331686243183,2,2,27.236658431215915,1.0
DE,52.398539005139696,3,2,17.466179668379898,0.6666666666666666
KVUE,51.34050843387104,1,1,51.34050843387104,1.0
INVH,51.07625077334092,3,3,17.025416924446972,1.0
IDXX,50.792704588231345,2,2,25.396352294115673,1.0
VTR,50.25280971556322,4,3,12.563202428890804,0.75
ISRG,50.06403418550679,1,1,50.06403418550679,1.0
GILD,49.64101374150164,4,3,12.41025343537541,0.75
ICE,49.40738685410042,4,3,12.351846713525106,0.75
TMO,48.172418781564716,4,3,12.043104695391179,0.75
WDC,47.43654028422509,6,4,7.906090047370848,0.6666666666666666
ITW,47.00114273914687,1,1,47.00114273914687,1.0
CL,46.10012884505181,3,3,15.366709615017271,1.0
AES,46.0901105857555,6,4,7.681685097625916,0.6666666666666666
TDY,45.52402694077239,7,5,6.503432420110341,0.7142857142857143
FICO,45.25148725362851,5,2,9.050297450725703,0.4
SCHW,45.236598812182365,1,1,45.236598812182365,1.0
WST,45.05769528230644,7,4,6.436813611758063,0.5714285714285714
STT,44.40215176726781,2,2,22.201075883633905,1.0
WTW,43.52398967453826,3,2,14.50799655817942,0.6666666666666666
IRM,42.60418123707143,5,3,8.520836247414286,0.6
KMI,42.106957114315264,2,2,21.053478557157632,1.0
MO,42.08784798971533,6,5,7.014641331619221,0.8333333333333334
TGT,42.06412703194326,6,4,7.010687838657209,0.6666666666666666
ERIE,42.02358060593497,6,4,7.0039301009891615,0.6666666666666666
PEP,41.926684590400896,5,4,8.38533691808018,0.8
SO,41.43228787988994,3,2,13.81076262662998,0.6666666666666666
REG,40.579250305981645,3,3,13.526416768660548,1.0
LLY,40.567506550982216,2,1,20.283753275491108,0.5
APA,40.14427203626428,7,5,5.7348960051806115,0.7142857142857143
ATO,40.10468657591741,3,3,13.368228858639137,1.0
EMR,40.05981168198217,2,1,20.029905840991084,0.5
AMCR,38.93566244339445,4,4,9.733915610848612,1.0
PNW,38.89224366052372,4,4,9.72306091513093,1.0
SPG,37.87007607078306,4,3,9.467519017695764,0.75
STE,37.68308046147445,2,2,18.841540230737223,1.0
IBM,37.530147452952974,4,3,9.382536863238244,0.75
LVS,37.45966959606733,4,3,9.364917399016832,0.75
TT,37.240601085878325,2,2,18.620300542939162,1.0
FRT,36.16174108237056,6,5,6.0269568470617605,0.8333333333333334
WEC,36.12974088512135,3,3,12.043246961707117,1.0
DTE,35.843229409834066,4,4,8.960807352458517,1.0
TRI,35.51641766210878,1,1,35.51641766210878,1.0
ASML,34.73286210100901,7,3,4.961837443001287,0.42857142857142855
TRGP,34.661625593595545,5,3,6.932325118719109,0.6
ESS,33.98456213951886,4,3,8.496140534879714,0.75
FTV,33.540867025333455,4,4,8.385216756333364,1.0
LW,33.37867378026539,3,2,11.126224593421796,0.6666666666666666
ROP,32.58983944129341,2,2,16.294919720646703,1.0
TMUS,32.475366926148354,2,2,16.237683463074177,1.0
VRSN,31.97329828697673,7,6,4.567614040996675,0.8571428571428571
LYV,31.965907868644535,2,1,15.982953934322268,0.5
PYPL,31.68709172035301,1,1,31.68709172035301,1.0
KDP,31.33410773341086,4,3,7.833526933352715,0.75
MSTR,30.751042675643475,2,2,15.375521337821738,1.0
GDDY,30.60896560448361,1,1,30.60896560448361,1.0
HSIC,29.747922378160865,2,1,14.873961189080433,0.5
HUBB,29.696228058830002,3,3,9.898742686276668,1.0
EQIX,29.608481496757122,2,1,14.804240748378561,0.5
EXPE,28.87955592098001,1,1,28.87955592098001,1.0
AIZ,28.33204127197041,4,3,7.083010317992603,0.75
WDAY,27.737111762123618,3,2,9.245703920707873,0.6666666666666666
O,26.348115090500414,2,1,13.174057545250207,0.5
SRE,24.45708498869203,1,1,24.45708498869203,1.0
CRL,23.772279136961288,5,4,4.754455827392258,0.8
BG,23.34408915735105,3,2,7.78136305245035,0.6666666666666666
AME,23.16290807886764,2,2,11.58145403943382,1.0
CPB,21.720841425868016,7,5,3.102977346552574,0.7142857142857143
LH,21.024995101343166,2,1,10.512497550671583,0.5
BRO,20.881056321119104,3,2,6.960352107039701,0.6666666666666666
PEG,20.41245454219529,2,2,10.206227271097646,1.0
CZR,19.470291072946765,3,2,6.490097024315588,0.6666666666666666
WY,19.377633580468903,8,5,2.422204197558613,0.625
CRM,19.00198223781456,4,3,4.75049555945364,0.75
WELL,18.99336510395358,3,3,6.331121701317859,1.0
HD,18.80309838018536,3,2,6.267699460061787,0.6666666666666666
CFG,18.721982696933765,1,1,18.721982696933765,1.0
LUV,18.300394494025227,3,2,6.100131498008409,0.6666666666666666
LHX,17.998053195187808,5,4,3.5996106390375617,0.8
MTB,17.09915946556532,6,3,2.8498599109275538,0.5
GIS,17.032694163545557,5,3,3.4065388327091113,0.6
AMT,16.29738913410563,2,2,8.148694567052814,1.0
IEX,16.281557265535184,3,2,5.427185755178395,0.6666666666666666
BIIB,16.24160795212083,2,1,8.120803976060415,0.5
PNR,15.455836658948328,2,2,7.727918329474164,1.0
PODD,15.088998334126018,1,1,15.088998334126018,1.0
KHC,14.995669195641085,9,6,1.6661854661823428,0.6666666666666666
MRK,14.366059117001782,5,4,2.8732118234003563,0.8
NI,14.048605582276195,1,1,14.048605582276195,1.0
CAT,13.93333191575266,1,1,13.93333191575266,1.0
PCAR,13.509015632423823,1,1,13.509015632423823,1.0
WM,13.04568351562716,3,3,4.34856117187572,1.0
TSLA,12.720800533309443,5,4,2.544160106661889,0.8
WSM,12.1973371534516,3,1,4.065779051150534,0.3333333333333333
PG,12.007214642135523,6,5,2.0012024403559203,0.8333333333333334
ETN,11.859628573283317,1,1,11.859628573283317,1.0
LDOS,11.804670380002564,1,1,11.804670380002564,1.0
SYF,11.72894223381286,1,1,11.72894223381286,1.0
BLK,11.683340929122323,1,1,11.683340929122323,1.0
URI,11.133414319546318,1,1,11.133414319546318,1.0
EXR,10.712585332524455,9,7,1.1902872591693838,0.7777777777777778
HUM,10.397243404290066,7,5,1.4853204863271523,0.7142857142857143
STZ,10.319398415278222,5,4,2.0638796830556445,0.8
RTX,9.175163041489213,4,3,2.2937907603723033,0.75
GWW,8.852743701602549,1,1,8.852743701602549,1.0
ETR,8.17232985075293,4,3,2.0430824626882327,0.75
WAB,8.053285169573883,2,2,4.026642584786941,1.0
JCI,7.050076939618634,1,1,7.050076939618634,1.0
LYB,5.301963852989502,3,2,1.767321284329834,0.6666666666666666
XYL,5.240247220010133,2,2,2.6201236100050664,1.0
NEE,5.138833631345278,3,2,1.7129445437817594,0.6666666666666666
MCD,4.333444241991401,2,1,2.1667221209957006,0.5
AMZN,3.1892184322078947,3,2,1.0630728107359648,0.6666666666666666
AZO,3.128233694844994,1,1,3.128233694844994,1.0
FE,2.753955236156571,7,6,0.39342217659379586,0.8571428571428571
UPS,2.7314909127806004,4,2,0.6828727281951501,0.5
TSN,1.8209653112139819,5,3,0.36419306224279635,0.6
ZS,1.731824160986207,1,1,1.731824160986207,1.0
EXE,1.4808548823968977,1,1,1.4808548823968977,1.0
BXP,1.1715481437006474,1,1,1.1715481437006474,1.0
GE,0.8312678307632986,5,3,0.1662535661526597,0.6
PTC,0.37757350834249337,3,2,0.12585783611416446,0.6666666666666666
VICI,-0.29792992457566925,2,1,-0.14896496228783462,0.5
CI,-1.0225363063848363,6,3,-0.17042271773080606,0.5
INCY,-3.219399258240628,5,3,-0.6438798516481257,0.6
ORCL,-3.3856035282674384,2,0,-1.6928017641337192,0.0
MSI,-3.587961467869036,1,0,-3.587961467869036,0.0
CPT,-3.7804730798224,5,3,-0.75609461596448,0.6
TEL,-4.060769338583437,6,5,-0.6767948897639062,0.8333333333333334
AWK,-4.819907058983173,5,3,-0.9639814117966345,0.6
PPG,-4.82686770048258,1,0,-4.82686770048258,0.0
DOV,-4.995084124979272,3,2,-1.6650280416597572,0.6666666666666666
DPZ,-5.106078151374163,2,1,-2.5530390756870815,0.5
NDAQ,-6.993167748094379,1,0,-6.993167748094379,0.0
NWSA,-7.10104158035972,2,1,-3.55052079017986,0.5
RMD,-7.9042930659586546,1,0,-7.9042930659586546,0.0
PRU,-8.934205216826513,6,3,-1.4890342028044188,0.5
APH,-9.500383836688684,4,2,-2.375095959172171,0.5
GS,-9.840452685635,2,0,-4.9202263428175,0.0
SNA,-10.372924760828255,2,1,-5.186462380414127,0.5
DVA,-11.88387587279965,7,4,-1.6976965532570927,0.5714285714285714
RVTY,-13.307056818931756,5,3,-2.661411363786351,0.6
ULTA,-13.349474013661396,2,1,-6.674737006830698,0.5
CTAS,-13.843341119873116,5,4,-2.768668223974623,0.8
NOC,-14.310517054119373,3,2,-4.770172351373124,0.6666666666666666
ARM,-14.380437817051645,1,0,-14.380437817051645,0.0
PAYX,-15.3117043790445,6,3,-2.5519507298407498,0.5
TROW,-16.4596578307478,3,2,-5.486552610249267,0.6666666666666666
VRSK,-17.589156492100756,1,0,-17.589156492100756,0.0
AON,-18.777546441841892,5,4,-3.7555092883683785,0.8
DG,-20.833683723793,8,5,-2.604210465474125,0.625
ZBH,-22.744072438423927,3,2,-7.581357479474643,0.6666666666666666
ACN,-23.721764895163005,5,3,-4.744352979032601,0.6
HLT,-26.057984222482332,4,3,-6.514496055620583,0.75
AFL,-27.67824872151823,4,1,-6.9195621803795575,0.25
MPC,-27.854721021222645,3,2,-9.284907007074215,0.6666666666666666
FOX,-28.014564602638306,1,0,-28.014564602638306,0.0
AVY,-28.72618283793008,1,0,-28.72618283793008,0.0
SW,-30.278720571251156,5,3,-6.055744114250231,0.6
ALGN,-30.453565212877947,5,3,-6.090713042575589,0.6
TFC,-31.650557440992884,3,1,-10.550185813664294,0.3333333333333333
MCHP,-32.57004057813242,6,4,-5.428340096355403,0.6666666666666666
EVRG,-36.43821467776365,7,5,-5.205459239680522,0.7142857142857143
ARE,-36.86083521353204,9,5,-4.095648357059115,0.5555555555555556
VZ,-37.144748967797,9,7,-4.1271943297552225,0.7777777777777778
HST,-38.76859838492531,3,2,-12.922866128308437,0.6666666666666666
MAS,-38.93684106808257,4,2,-9.734210267020643,0.5
FOXA,-39.260418167801845,1,0,-39.260418167801845,0.0
MHK,-39.854771822402654,4,2,-9.963692955600663,0.5
PLD,-40.135878312808586,6,5,-6.689313052134764,0.8333333333333334
UHS,-43.808050176472655,4,1,-10.952012544118164,0.25
NDSN,-44.68179523735398,4,2,-11.170448809338495,0.5
TRMB,-46.280827394096846,3,2,-15.426942464698948,0.6666666666666666
GL,-46.78680858147163,3,1,-15.595602860490544,0.3333333333333333
MAA,-48.81709935717788,5,3,-9.763419871435577,0.6
PGR,-50.079838080510626,6,4,-8.346639680085104,0.6666666666666666
AEE,-50.503803028558195,5,3,-10.100760605711638,0.6
FIS,-53.246141636460834,5,3,-10.649228327292168,0.6
CMS,-54.44716310884894,5,4,-10.889432621769789,0.8
L,-55.0508324639643,6,3,-9.175138743994049,0.5
ES,-55.370893143376875,7,5,-7.910127591910983,0.7142857142857143
DHR,-57.050790083609286,3,1,-19.016930027869762,0.3333333333333333
JNJ,-59.00961750099793,3,2,-19.669872500332644,0.6666666666666666
MCO,-61.74532354383791,4,2,-15.436330885959478,0.5
UDR,-62.44837519313795,5,4,-12.48967503862759,0.8
DOC,-63.41829253575622,3,1,-21.139430845252075,0.3333333333333333
GFS,-63.774171774161914,2,1,-31.887085887080957,0.5
YUM,-64.46317624536061,6,4,-10.743862707560103,0.6666666666666666
AMP,-64.47831641204232,3,2,-21.49277213734744,0.6666666666666666
EMN,-64.96948176078581,3,2,-21.656493920261937,0.6666666666666666
CHTR,-65.9911201814326,3,1,-21.997040060477534,0.3333333333333333
LIN,-66.03248175330918,2,0,-33.01624087665459,0.0
HSY,-66.80359692325601,3,1,-22.267865641085336,0.3333333333333333
DLR,-67.08005757403225,6,5,-11.180009595672042,0.8333333333333334
MMM,-68.2471318782691,6,3,-11.374521979711517,0.5
TXT,-68.78615577519713,3,2,-22.928718591732377,0.6666666666666666
AIG,-69.28157676954902,3,2,-23.093858923183006,0.6666666666666666
MDLZ,-72.41599526196048,7,5,-10.345142180280067,0.7142857142857143
XEL,-74.17984755194766,7,4,-10.597121078849666,0.5714285714285714
PPL,-75.00879175378304,7,5,-10.715541679111864,0.7142857142857143
COF,-75.93740187244997,3,2,-25.312467290816656,0.6666666666666666
COST,-77.20428018094456,5,2,-15.440856036188913,0.4
CF,-78.40005367304605,4,3,-19.60001341826151,0.75
VLO,-79.43898341318004,3,1,-26.47966113772668,0.3333333333333333
UNP,-79.58029512626842,5,3,-15.916059025253684,0.6
TAP,-79.76691002217753,5,2,-15.953382004435506,0.4
CNP,-80.0754737793585,11,8,-7.279588525396227,0.7272727272727273
DVN,-81.04290649284667,5,1,-16.208581298569335,0.2
MNST,-81.50068409680591,3,2,-27.166894698935305,0.6666666666666666
FFIV,-82.03184106926392,5,4,-16.406368213852783,0.8
HIG,-82.08637712715232,2,1,-41.04318856357616,0.5
NWS,-85.84907443270481,2,1,-42.924537216352405,0.5
GD,-86.7843387699138,6,3,-14.4640564616523,0.5
BR,-90.07412796824588,4,3,-22.51853199206147,0.75
COIN,-92.44462025241616,3,2,-30.814873417472054,0.6666666666666666
BSX,-92.7047777529192,1,0,-92.7047777529192,0.0
SWK,-92.77850958362114,7,4,-13.254072797660163,0.5714285714285714
SBAC,-93.47947941953998,3,2,-31.159826473179994,0.6666666666666666
ABT,-97.55039046913589,6,3,-16.25839841152265,0.5
CSGP,-98.77705144687002,3,2,-32.92568381562334,0.6666666666666666
EL,-98.92377599694422,3,2,-32.9745919989814,0.6666666666666666
GM,-100.71316147199366,4,2,-25.178290367998414,0.5
MDT,-102.86708976125874,4,2,-25.716772440314685,0.5
TPR,-102.99436981550524,7,4,-14.713481402215034,0.5714285714285714
CBOE,-110.6664338456909,1,0,-110.6664338456909,0.0
CAH,-111.06156946617807,5,3,-22.212313893235613,0.6
ADP,-112.24707034070954,5,4,-22.44941406814191,0.8
DHI,-115.242586331153,7,4,-16.463226618736144,0.5714285714285714
AMGN,-121.64553965700486,2,0,-60.82276982850243,0.0
APD,-123.10017809689873,3,2,-41.033392698966246,0.6666666666666666
PHM,-124.58008848161512,3,2,-41.52669616053837,0.6666666666666666
GEHC,-125.67979131169841,2,1,-62.839895655849205,0.5
JPM,-126.47399970080266,3,1,-42.157999900267555,0.3333333333333333
GLW,-127.7333011122339,2,1,-63.86665055611695,0.5
APTV,-130.37058378417692,5,2,-26.074116756835384,0.4
HRL,-130.82000114191192,6,4,-21.803333523651986,0.6666666666666666
PH,-133.0256722042575,5,2,-26.605134440851497,0.4
SMCI,-133.25143406464906,3,2,-44.417144688216354,0.6666666666666666
VTRS,-134.20902064079849,5,3,-26.841804128159698,0.6
IQV,-138.82769560447332,3,2,-46.27589853482444,0.6666666666666666
OMC,-144.2760392250418,3,1,-48.09201307501394,0.3333333333333333
TEAM,-144.34497184288762,2,1,-72.17248592144381,0.5
GPC,-145.24791100425273,8,5,-18.15598887553159,0.625
LULU,-145.6833061102794,5,3,-29.13666122205588,0.6
CSX,-145.98042082309917,5,3,-29.196084164619833,0.6
CARR,-146.12288049415656,1,0,-146.12288049415656,0.0
ALL,-146.35918692712448,5,2,-29.271837385424895,0.4
TDG,-146.6966909326992,5,3,-29.33933818653984,0.6
RJF,-154.504893187981,3,1,-51.50163106266033,0.3333333333333333
GRMN,-156.7143386941566,6,4,-26.1190564490261,0.6666666666666666
GPN,-162.0409743051739,2,0,-81.02048715258695,0.0
RCL,-162.40549830818497,3,1,-54.13516610272833,0.3333333333333333
IFF,-162.9267488462456,2,1,-81.4633744231228,0.5
ELV,-163.20786239248116,8,4,-20.400982799060145,0.5
MS,-165.29047773718082,5,1,-33.05809554743617,0.2
KKR,-170.88361056400032,4,3,-42.72090264100008,0.75
JKHY,-174.5104226658921,1,0,-174.5104226658921,0.0
HPQ,-182.4465825343918,5,3,-36.48931650687836,0.6
RSG,-183.8735929240105,6,3,-30.645598820668415,0.5
PSA,-186.04065417804554,7,3,-26.577236311149363,0.42857142857142855
DOW,-186.18016101544117,2,1,-93.09008050772059,0.5
AKAM,-187.7408365807264,6,4,-31.29013943012107,0.6666666666666666
ECL,-189.85235755575036,4,1,-47.46308938893759,0.25
SOLV,-197.5389099420329,1,0,-197.5389099420329,0.0
AEP,-197.88412608334056,8,3,-24.73551576041757,0.375
PNC,-199.10566712932496,4,2,-49.77641678233124,0.5
LMT,-200.90236924816531,2,1,-100.45118462408266,0.5
WMT,-202.88404351340375,7,4,-28.983434787629108,0.5714285714285714
BAC,-203.18856174160473,3,1,-67.72952058053491,0.3333333333333333
ZTS,-204.06877295543327,3,2,-68.02292431847776,0.6666666666666666
DD,-206.95460112383694,5,3,-41.390920224767385,0.6
RL,-211.61323048236477,5,2,-42.32264609647295,0.4
AOS,-212.43429204148936,2,1,-106.21714602074468,0.5
DIS,-212.69957553104473,2,1,-106.34978776552236,0.5
PSX,-213.11362346184572,2,0,-106.55681173092286,0.0
CMCSA,-213.61487885243366,3,2,-71.20495961747788,0.6666666666666666
BDX,-214.70125973841493,7,3,-30.671608534059278,0.42857142857142855
NKE,-219.32798016105085,7,3,-31.332568594435834,0.42857142857142855
CCEP,-231.41697789128284,5,2,-46.28339557825657,0.4
BMY,-234.21053906280736,8,5,-29.27631738285092,0.625
CLX,-235.89299394424552,5,1,-47.1785987888491,0.2
STX,-236.55601506913206,4,2,-59.139003767283015,0.5
TYL,-236.82366747044534,3,1,-78.94122249014845,0.3333333333333333
LKQ,-240.20717754104442,7,4,-34.31531107729206,0.5714285714285714
PFE,-254.8352584950262,6,2,-42.472543082504366,0.3333333333333333
CHD,-260.28222409596856,8,4,-32.53527801199607,0.5
BA,-265.994692804386,6,3,-44.332448800730994,0.5
SJM,-270.623451922792,6,3,-45.10390865379867,0.5
MSCI,-273.96360600492994,6,3,-45.66060100082166,0.5
AAPL,-274.8644803788028,3,1,-91.62149345960093,0.3333333333333333
OTIS,-280.51998480442376,5,3,-56.10399696088475,0.6
INTU,-280.79547716418944,4,2,-70.19886929104736,0.5
NFLX,-289.90549810512175,7,5,-41.415071157874536,0.7142857142857143
TTD,-296.56537740561726,3,1,-98.85512580187242,0.3333333333333333
HAL,-302.0053686217208,6,3,-50.33422810362013,0.5
NOW,-304.0130602583987,7,4,-43.43043717977124,0.5714285714285714
ROK,-322.8433644120887,3,0,-107.61445480402956,0.0
NRG,-345.58268508171795,5,3,-69.11653701634359,0.6
SNPS,-352.03045533223303,1,0,-352.03045533223303,0.0
WMB,-357.79313877332277,4,1,-89.44828469333069,0.25
ODFL,-363.28875569763,4,2,-90.8221889244075,0.5
XYZ,-399.0367974044384,4,3,-99.7591993511096,0.75
UBER,-439.63589763142136,4,1,-109.90897440785534,0.25
UAL,-451.64331801634427,7,3,-64.5204740023349,0.42857142857142855
META,-461.8724367705705,9,5,-51.3191596411745,0.5555555555555556
F,-488.1684026959299,4,0,-122.04210067398247,0.0
VST,-504.2344640392291,4,1,-126.05861600980728,0.25
ED,-532.1125857444754,5,1,-106.42251714889508,0.2
MU,-542.2304888177378,4,1,-135.55762220443444,0.25
PDD,-1076.831795031737,4,1,-269.2079487579343,0.25
