ticker,trades,win_rate,avg_profit,total_profit,best_trade,worst_trade,avg_hold_days
ABNB,20,50.0,1.93,38.68,34.33,-25.54,44.7
A,42,47.6,1.04,43.57,28.84,-14.75,53.5
ABT,42,47.6,0.69,29.09,18.15,-13.44,57.4
ABBV,38,55.3,2.47,93.69,44.28,-27.07,64.6
AAPL,48,47.9,2.52,121.07,49.12,-20.87,50.0
ACGL,41,51.2,0.46,18.89,19.79,-10.03,58.3
ADBE,44,47.7,1.54,67.81,142.63,-69.63,54.5
ADM,42,35.7,0.67,28.23,21.97,-5.49,45.0
ACN,42,47.6,1.62,67.87,44.09,-27.65,56.0
ADI,52,40.4,-0.55,-28.45,63.79,-60.51,43.0
ADP,43,48.8,2.8,120.32,52.9,-31.85,48.3
ADSK,49,42.9,-1.13,-55.35,43.42,-38.28,44.7
AEE,43,41.9,-0.12,-5.0,12.0,-14.67,55.0
AIG,47,36.2,-0.45,-21.23,9.81,-6.3,46.3
AEP,40,52.5,0.43,17.39,13.65,-12.91,60.3
AES,41,34.1,0.12,4.87,9.8,-2.02,48.6
AFL,44,36.4,0.0,0.07,19.96,-8.3,53.1
ALB,53,34.0,-1.72,-90.99,68.38,-39.98,40.5
AJG,41,58.5,2.39,97.81,28.21,-29.57,57.4
AIZ,44,43.2,-0.02,-1.07,20.8,-27.68,51.4
ALGN,38,44.7,4.27,162.25,210.02,-110.37,65.1
AKAM,49,40.8,-0.99,-48.43,19.87,-20.97,45.9
ALL,48,37.5,-1.04,-50.15,31.2,-18.9,51.7
ALLE,40,45.0,1.67,66.86,29.96,-11.4,52.8
AMAT,43,60.5,8.58,368.83,168.78,-30.17,54.3
AMGN,42,52.4,2.55,107.1,47.57,-18.21,53.0
AMD,41,58.5,9.56,391.92,234.35,-27.73,60.4
AME,42,50.0,2.35,98.68,23.66,-7.92,62.9
AMT,34,41.2,2.01,68.3,59.34,-33.83,63.4
AMZN,47,51.1,1.05,49.25,56.91,-23.16,52.2
ANET,51,45.1,0.25,12.81,38.83,-18.52,47.0
AMP,41,51.2,5.78,237.16,114.95,-24.98,53.7
AMCR,249,6.8,-0.18,-46.0,7.7,-5.9,7.8
AON,39,46.2,3.56,139.03,74.2,-46.55,61.2
AOS,48,45.8,0.05,2.28,14.0,-5.95,45.2
APA,45,37.8,-0.13,-5.72,12.06,-6.25,42.1
APD,46,39.1,-1.68,-77.39,56.82,-38.74,46.3
APH,46,50.0,0.56,25.83,29.05,-5.17,54.2
APTV,51,39.2,-1.33,-68.06,43.43,-16.88,39.4
APO,46,50.0,0.43,19.61,45.29,-24.95,47.5
ARE,48,35.4,-1.58,-75.63,27.81,-15.14,44.5
AVGO,43,60.5,5.8,249.21,154.83,-55.68,58.8
ATO,40,50.0,0.47,18.72,21.38,-18.22,64.8
AWK,40,55.0,0.6,24.08,16.52,-22.34,56.8
AVY,40,40.0,0.01,0.58,44.68,-21.35,56.8
AXON,47,51.1,3.56,167.27,150.44,-117.29,49.1
AZO,44,50.0,6.58,289.31,414.24,-451.3,54.1
AXP,50,48.0,0.44,22.01,40.63,-19.42,47.2
BA,46,37.0,3.28,151.1,143.63,-37.93,43.5
BALL,42,35.7,-0.22,-9.12,21.6,-12.97,47.0
BAC,47,53.2,0.62,29.32,7.52,-3.07,50.8
BAX,37,54.1,0.49,18.2,10.98,-12.66,55.6
BBY,46,41.3,-0.0,-0.1,40.36,-14.82,41.8
BEN,38,47.4,0.27,10.45,7.43,-3.24,49.7
BDX,44,36.4,-1.28,-56.19,20.5,-14.28,47.6
BG,39,43.6,1.03,40.08,25.06,-12.51,56.0
BIIB,44,27.3,-12.65,-556.44,55.84,-119.37,40.5
BKR,47,40.4,-0.42,-19.51,11.12,-20.43,43.7
BKNG,52,42.3,0.48,24.8,49.65,-16.17,44.6
BLDR,35,54.3,4.15,145.1,65.89,-38.26,74.4
BLK,41,58.5,18.71,767.01,181.81,-56.05,58.4
CARR,22,40.9,0.39,8.66,14.23,-5.2,43.2
BMY,39,38.5,-0.09,-3.59,18.76,-12.0,55.5
BR,38,47.4,2.45,93.22,25.47,-21.94,63.7
BRO,44,45.5,0.38,16.6,9.46,-9.46,55.0
BSX,37,40.5,0.7,25.75,20.55,-7.32,65.4
BXP,39,35.9,-0.84,-32.68,20.7,-18.57,47.5
BX,47,44.7,0.44,20.58,32.74,-20.78,46.9
C,49,38.8,0.34,16.76,30.55,-12.62,45.2
CAH,47,44.7,1.33,62.68,42.75,-8.46,44.5
CAG,40,35.0,-0.25,-10.08,3.38,-3.19,49.0
CAT,45,51.1,12.03,541.5,142.72,-36.1,54.0
CEG,16,43.8,6.24,99.84,82.33,-40.97,56.6
CB,43,48.8,0.54,23.13,21.65,-19.45,54.6
CBOE,32,50.0,4.08,130.7,64.34,-13.31,77.8
CCI,42,45.2,-1.44,-60.33,17.29,-27.74,49.5
CBRE,43,46.5,1.62,69.82,38.74,-12.72,54.8
CCL,49,38.8,-0.34,-16.76,7.34,-6.64,44.8
CDW,49,51.0,-0.45,-22.15,33.73,-32.81,45.4
CDNS,53,37.7,-3.2,-169.38,34.04,-40.88,44.2
CF,44,38.6,0.21,9.24,38.05,-16.68,49.5
CFG,37,48.6,1.06,39.12,12.44,-4.89,56.4
CHD,39,48.7,0.07,2.8,19.25,-11.55,57.0
CHRW,41,43.9,-0.63,-25.72,27.0,-20.37,51.4
CHTR,41,43.9,0.86,35.28,87.95,-64.56,55.6
CI,47,31.9,-4.91,-230.64,52.51,-63.9,46.4
CINF,42,54.8,0.93,39.14,22.94,-23.87,52.8
CL,45,40.0,-0.44,-20.02,11.8,-11.48,45.6
CLX,37,45.9,1.18,43.5,50.29,-20.31,54.5
CME,42,33.3,-0.46,-19.43,33.13,-51.32,50.2
CMCSA,36,41.7,-0.14,-4.96,4.27,-4.08,55.2
CMG,49,34.7,0.44,21.43,15.25,-9.23,44.2
COIN,21,38.1,0.03,0.64,110.82,-62.62,39.1
CMI,42,47.6,4.77,200.41,78.41,-78.35,55.2
CNC,45,35.6,-0.57,-25.48,24.54,-13.61,45.1
CMS,41,48.8,-0.05,-1.96,6.17,-9.46,55.7
CNP,38,55.3,0.19,7.09,4.85,-2.66,61.9
COF,44,31.8,0.72,31.5,40.89,-24.0,48.4
COO,39,41.0,0.7,27.42,16.17,-14.3,57.8
CRWD,27,40.7,3.4,91.72,48.83,-11.87,55.3
COP,47,40.4,0.53,24.74,30.35,-13.35,44.2
COST,38,55.3,18.49,702.76,154.29,-58.29,68.1
COR,42,40.5,2.07,86.87,52.86,-19.96,49.7
CPB,40,27.5,-0.86,-34.39,7.92,-4.8,45.6
CPRT,39,53.8,0.88,34.45,11.77,-3.7,60.1
CPT,40,32.5,-0.17,-6.69,72.38,-12.65,58.2
CRL,44,40.9,-0.89,-38.97,62.93,-50.97,46.0
CRM,45,40.0,-0.46,-20.86,79.36,-39.44,52.4
CPAY,49,30.6,-3.55,-174.18,57.35,-32.8,44.2
CSCO,48,43.8,0.65,31.24,30.07,-12.02,47.9
CTVA,30,40.0,-0.45,-13.45,13.79,-7.76,44.7
CSGP,43,39.5,-0.62,-26.76,22.29,-14.53,50.8
CSX,43,41.9,0.33,14.12,7.26,-2.26,57.9
CTAS,44,54.5,0.68,29.83,39.46,-15.1,60.1
DASH,20,40.0,3.64,72.88,48.16,-25.96,54.6
CTSH,45,35.6,-0.19,-8.37,18.33,-9.52,48.9
CVS,54,31.5,-1.39,-75.15,20.9,-11.44,37.5
CZR,43,44.2,0.02,0.93,19.4,-17.23,56.2
CVX,39,51.3,2.3,89.56,43.03,-16.43,53.6
D,45,35.6,-1.38,-61.97,7.19,-17.72,49.9
DAL,49,42.9,0.01,0.45,17.52,-7.91,43.6
DDOG,23,34.8,4.42,101.7,96.89,-44.49,53.9
DD,43,44.2,-0.3,-12.87,22.5,-15.26,51.0
DELL,38,39.5,1.85,70.32,39.55,-17.58,52.7
DE,47,53.2,3.79,178.14,91.52,-52.17,53.3
DECK,45,48.9,1.58,71.29,26.85,-19.81,54.8
DG,40,52.5,2.78,111.24,42.39,-24.28,52.8
DGX,39,46.2,1.12,43.73,21.87,-15.75,58.9
DHR,44,45.5,0.05,2.26,41.55,-22.48,56.1
DHI,41,46.3,2.49,102.2,43.04,-16.2,55.6
DIS,39,35.9,-0.06,-2.41,26.97,-17.61,49.5
DLR,48,39.6,-0.98,-47.0,28.95,-27.08,48.0
DLTR,35,48.6,3.67,128.39,36.59,-12.66,62.2
DOC,41,39.0,-0.29,-11.76,2.78,-4.9,50.5
DOV,44,52.3,1.07,47.26,42.54,-20.6,52.2
DOW,29,37.9,-0.56,-16.31,11.69,-4.77,46.4
DPZ,41,43.9,3.1,127.28,138.61,-47.4,57.6
DRI,46,39.1,-1.09,-50.2,20.98,-20.66,51.1
DTE,42,42.9,-0.3,-12.51,16.03,-13.01,57.2
DUK,44,43.2,-0.76,-33.25,6.9,-21.17,52.8
DVA,48,27.1,-1.04,-49.79,39.26,-22.17,45.7
DVN,47,42.6,0.41,19.24,11.57,-4.76,44.0
DXCM,41,53.7,2.86,117.07,37.42,-10.12,58.1
EBAY,46,41.3,0.25,11.55,20.44,-11.92,47.1
ECL,46,32.6,-1.78,-81.78,54.41,-39.28,51.8
ED,43,46.5,-0.12,-5.08,13.18,-15.42,54.3
EFX,44,45.5,2.77,122.04,80.72,-27.4,49.4
EG,49,28.6,-4.36,-213.63,79.96,-34.49,45.1
EIX,41,46.3,-0.03,-1.09,13.1,-9.66,55.9
EL,41,43.9,0.12,5.03,33.62,-26.14,52.7
ELV,45,37.8,-4.3,-193.47,79.44,-72.38,49.3
EMN,47,36.2,-1.13,-52.89,11.1,-12.25,43.7
EMR,47,46.8,0.72,33.71,33.46,-11.46,47.9
ENPH,44,38.6,-2.22,-97.53,87.06,-61.09,46.0
EOG,44,45.5,0.62,27.47,28.31,-15.72,47.5
EPAM,45,35.6,2.0,90.12,125.37,-112.34,49.8
EQT,39,33.3,-0.22,-8.48,13.45,-7.49,52.4
EQIX,39,38.5,3.92,152.88,260.37,-103.06,64.3
ERIE,30,36.7,9.5,284.85,113.96,-31.5,68.4
ES,42,42.9,-0.69,-28.86,13.49,-15.92,53.6
EXE,19,31.6,-1.91,-36.28,17.75,-13.73,44.1
ESS,40,32.5,-1.17,-47.0,39.94,-27.06,52.8
ETN,41,53.7,3.51,144.01,95.35,-46.08,56.1
ETR,46,34.8,-0.06,-2.6,19.58,-8.37,49.0
EVRG,46,39.1,-0.51,-23.43,7.56,-10.73,49.5
EW,45,44.4,0.29,12.83,20.79,-10.3,54.0
EXC,42,40.5,-0.18,-7.57,10.25,-3.3,56.9
EXPD,44,36.4,0.04,1.61,27.24,-9.61,51.8
EXPE,43,53.5,1.72,74.17,60.67,-37.7,53.4
EXR,46,30.4,1.93,88.82,66.99,-17.61,49.3
F,47,36.2,-0.02,-1.02,6.94,-1.73,43.1
FANG,47,27.7,-1.37,-64.43,43.08,-20.63,46.5
FAST,42,45.2,0.38,15.77,7.01,-2.38,57.5
FCX,46,45.7,0.36,16.56,16.51,-9.64,48.5
FDS,39,38.5,3.9,152.14,130.89,-29.54,58.3
FOX,26,38.5,-0.03,-0.82,11.14,-6.01,52.0
FDX,49,40.8,0.46,22.57,88.28,-35.08,43.0
FE,51,29.4,-0.75,-38.06,7.66,-9.98,47.6
FFIV,44,45.5,4.4,193.53,134.51,-23.74,52.6
FICO,39,53.8,18.01,702.2,817.15,-282.79,64.6
FOXA,25,40.0,0.51,12.75,11.61,-5.46,55.8
FIS,46,32.6,-1.76,-80.92,20.11,-24.96,45.8
FITB,44,45.5,0.1,4.6,7.45,-5.04,49.4
GEV,7,57.1,55.2,386.4,243.59,-105.48,68.6
GEHC,13,30.8,-1.75,-22.71,5.99,-10.0,45.3
FRT,40,45.0,-1.2,-47.99,13.67,-17.79,53.1
FSLR,39,35.9,3.14,122.38,89.69,-39.93,54.0
FTV,41,36.6,-0.36,-14.96,10.12,-5.24,49.5
GDDY,44,38.6,0.25,10.79,50.3,-23.4,51.4
FTNT,39,41.0,-0.05,-1.78,31.79,-16.82,60.9
GD,45,48.9,1.31,58.84,60.86,-19.28,55.0
GEN,45,33.3,-0.33,-14.68,6.07,-8.23,41.4
GE,42,40.5,2.42,101.81,64.83,-32.64,51.6
GILD,45,33.3,-0.39,-17.61,19.91,-14.27,43.4
GIS,44,34.1,-0.79,-34.65,7.77,-6.89,47.0
GL,35,40.0,1.0,35.1,23.23,-14.56,70.9
GLW,41,51.2,2.25,92.21,34.09,-22.08,56.3
GM,50,42.0,-0.17,-8.31,14.13,-9.5,42.0
GNRC,41,41.5,4.7,192.87,109.56,-39.04,54.5
GOOG,47,55.3,4.03,189.47,60.73,-44.09,52.6
GOOGL,46,54.3,4.06,186.63,64.46,-42.86,53.1
GPC,44,36.4,-0.85,-37.39,23.89,-27.3,46.0
GPN,40,45.0,1.35,53.86,45.91,-13.55,54.1
GRMN,51,37.3,1.43,73.08,39.77,-17.79,44.1
GS,45,51.1,11.8,531.12,210.53,-30.46,50.5
HAL,43,41.9,0.67,28.99,10.4,-4.67,45.8
GWW,40,52.5,20.25,809.81,167.43,-68.93,58.8
HAS,41,41.5,-0.12,-4.87,26.92,-16.53,55.2
HBAN,42,42.9,0.05,2.14,4.32,-2.25,51.5
HCA,47,48.9,1.54,72.22,67.51,-72.66,52.9
HD,44,56.8,1.22,53.81,73.5,-44.29,55.8
HIG,39,41.0,0.54,21.13,24.74,-8.38,56.4
HLT,46,45.7,1.3,59.9,48.29,-14.27,51.3
HII,37,45.9,3.95,146.31,153.64,-46.57,58.2
HPE,48,29.2,0.32,15.41,21.59,-2.43,41.1
HON,43,37.2,0.32,13.76,33.07,-24.54,54.3
HPQ,45,31.1,-0.16,-7.3,12.82,-5.06,49.0
HRL,40,32.5,-0.25,-10.06,6.41,-4.76,51.4
HSIC,42,38.1,-0.51,-21.61,10.83,-6.26,51.0
HST,44,40.9,-0.21,-9.31,2.81,-2.52,45.3
HSY,38,36.8,0.65,24.63,42.84,-28.08,61.5
HUBB,44,47.7,1.55,68.35,101.45,-49.86,54.2
HUM,47,40.4,-2.33,-109.66,168.26,-84.75,46.4
HWM,31,54.8,4.16,128.97,43.31,-5.24,65.9
ICE,44,47.7,1.06,46.56,22.13,-13.97,48.3
IBM,48,45.8,-0.55,-26.4,44.47,-64.14,43.0
IDXX,46,34.8,-0.23,-10.66,129.64,-74.95,45.8
IEX,37,59.5,2.46,91.15,42.4,-19.69,60.5
IFF,45,26.7,-2.07,-93.31,17.87,-20.11,48.7
INCY,43,32.6,-2.4,-103.19,29.54,-26.25,41.1
INVH,31,45.2,0.12,3.59,9.05,-3.28,59.2
INTC,50,36.0,0.31,15.25,48.79,-24.74,44.5
INTU,48,50.0,-1.46,-70.14,127.75,-67.09,47.7
IR,35,40.0,0.23,7.92,23.98,-9.57,54.6
IP,43,34.9,-0.11,-4.75,8.02,-7.08,46.8
IQV,35,57.1,3.75,131.15,61.23,-24.93,65.1
IRM,45,48.9,1.29,58.07,41.57,-14.55,46.6
ISRG,40,52.5,6.83,273.13,85.85,-32.96,62.2
IT,43,46.5,3.26,140.19,144.14,-36.82,53.1
ITW,44,45.5,0.17,7.29,20.4,-19.67,51.2
IVZ,44,36.4,0.05,2.26,14.86,-4.05,43.8
J,42,54.8,1.02,42.77,22.37,-18.34,53.3
JBHT,41,36.6,1.27,51.91,63.81,-21.42,53.1
JBL,49,42.9,2.18,106.83,101.02,-26.48,48.8
JCI,44,43.2,0.98,43.04,20.91,-5.25,51.2
JKHY,40,45.0,0.02,0.69,27.49,-31.07,53.3
JPM,47,44.7,1.13,53.08,60.01,-24.73,48.7
JNJ,38,42.1,2.26,85.97,79.59,-7.97,58.1
KDP,43,44.2,-1.79,-77.14,29.94,-101.49,48.4
KEY,40,32.5,0.16,6.56,5.82,-2.13,52.0
KEYS,52,36.5,0.78,40.64,113.31,-44.68,43.6
KHC,40,32.5,-1.11,-44.5,10.76,-11.96,47.6
KIM,36,47.2,0.28,10.2,7.23,-1.75,58.4
KLAC,47,51.1,1.82,85.4,49.24,-20.96,49.0
KMB,41,51.2,-1.12,-46.01,12.67,-18.79,42.2
KKR,50,38.0,1.0,49.84,33.54,-13.68,48.6
KVUE,11,45.5,-0.1,-1.13,1.82,-1.75,49.5
KMI,41,48.8,-0.02,-0.87,5.47,-2.77,49.0
KMX,41,48.8,-0.09,-3.77,21.21,-16.47,48.2
KO,45,48.9,0.18,7.96,6.52,-7.06,51.3
KR,41,36.6,-0.05,-1.85,8.34,-6.05,49.7
L,50,28.0,-0.38,-19.01,18.49,-6.34,50.9
LDOS,38,55.3,4.21,159.94,28.73,-13.71,58.6
LEN,41,48.8,0.42,17.13,40.31,-15.05,53.9
LH,38,55.3,3.3,125.35,35.72,-22.18,61.7
LHX,42,52.4,3.21,134.62,62.26,-27.77,56.3
LII,42,33.3,-1.16,-48.52,116.56,-99.02,57.7
LIN,47,51.1,2.32,109.18,40.59,-25.44,54.1
LLY,45,46.7,10.31,463.99,276.66,-108.03,55.6
LKQ,45,42.2,-0.11,-4.86,8.29,-7.48,49.6
LMT,42,52.4,3.77,158.52,141.37,-90.65,56.7
LNT,43,46.5,-0.32,-13.59,7.79,-9.68,58.2
LOW,44,45.5,2.95,129.67,57.32,-24.09,49.8
LW,36,41.7,-0.72,-26.04,20.64,-24.77,46.5
LRCX,47,59.6,2.5,117.56,79.64,-48.69,51.3
LULU,48,37.5,0.52,24.82,168.67,-75.65,47.9
LUV,43,46.5,0.51,21.94,10.85,-5.88,47.4
LVS,46,41.3,-0.47,-21.83,15.63,-8.92,46.3
LYB,39,38.5,-0.52,-20.47,29.22,-13.43,54.1
LYV,45,44.4,1.57,70.73,30.65,-17.71,51.3
MA,42,50.0,1.74,73.08,57.37,-42.2,57.2
MAA,41,39.0,-0.56,-22.76,41.12,-27.39,58.1
MAR,51,41.2,1.18,60.23,46.28,-22.32,44.3
MAS,43,48.8,0.48,20.69,16.88,-7.37,52.0
MCD,38,57.9,4.16,158.01,37.57,-14.56,63.2
MCK,44,38.6,8.07,355.26,109.9,-59.2,51.9
MCHP,41,58.5,1.83,74.9,20.69,-12.81,49.3
MCO,46,43.5,-0.51,-23.6,82.56,-58.73,52.2
MDLZ,44,38.6,-0.39,-17.19,9.28,-10.5,51.7
MDT,41,36.6,-0.42,-17.23,17.13,-9.0,52.8
MET,42,31.0,-0.32,-13.54,10.26,-5.45,47.0
META,43,44.2,7.68,330.2,168.01,-73.88,58.4
MGM,51,37.3,-0.69,-35.02,4.66,-5.04,43.0
MHK,43,41.9,-0.02,-1.02,89.96,-38.15,52.4
MKC,40,42.5,0.87,34.97,22.76,-6.89,58.8
MKTX,44,47.7,1.03,45.39,90.57,-61.64,44.4
MLM,37,54.1,7.71,285.25,147.96,-43.22,64.2
MNST,32,56.2,0.96,30.7,8.18,-1.62,70.1
MMM,45,42.2,-1.38,-62.07,29.77,-17.53,49.1
MO,45,48.9,0.17,7.84,8.61,-7.51,46.3
MRNA,27,48.1,7.27,196.26,192.61,-64.3,44.6
MOH,47,42.6,-0.39,-18.32,60.74,-34.14,49.2
MOS,46,28.3,-0.19,-8.73,28.05,-7.77,43.0
MPC,41,43.9,3.17,129.85,48.58,-23.34,56.3
MPWR,46,52.2,8.52,392.15,364.77,-266.13,52.6
MRK,48,33.3,-0.44,-21.02,25.12,-12.45,45.1
MS,51,35.3,0.98,49.77,31.64,-11.69,46.7
MSCI,47,38.3,-6.87,-322.98,121.34,-94.07,48.7
MSFT,42,50.0,4.87,204.64,117.92,-47.08,57.6
MSI,41,65.9,7.76,318.33,86.74,-41.04,59.5
MTB,46,34.8,-0.08,-3.74,60.15,-19.3,47.7
MTCH,35,48.6,1.04,36.35,30.53,-16.16,57.6
MTD,40,50.0,13.56,542.24,195.46,-198.3,55.0
MU,52,38.5,7.12,370.05,442.5,-229.71,44.7
NCLH,47,38.3,-0.36,-16.72,10.65,-7.15,43.8
NDAQ,46,47.8,0.89,40.8,16.65,-5.68,54.5
NEE,44,40.9,0.06,2.49,13.2,-10.24,58.3
NDSN,39,53.8,2.84,110.76,51.26,-39.08,64.5
NEM,43,41.9,0.94,40.22,30.74,-11.5,47.9
NFLX,43,55.8,1.22,52.67,26.27,-14.14,57.2
NI,42,35.7,-0.26,-10.92,7.55,-5.84,58.4
NKE,53,37.7,-2.11,-111.86,20.22,-19.47,38.6
NOC,43,37.2,-1.19,-51.38,80.34,-69.91,53.5
NOW,53,37.7,-1.1,-58.27,24.68,-21.18,40.5
NRG,43,34.9,-0.18,-7.84,45.16,-20.38,53.8
NSC,43,51.2,3.76,161.54,43.91,-21.76,53.1
NTAP,45,44.4,2.33,104.96,73.98,-13.94,51.6
NTRS,41,31.7,0.23,9.48,29.97,-11.31,51.0
NVDA,48,50.0,1.38,66.14,52.69,-22.49,55.1
NUE,43,51.2,4.44,190.99,57.47,-21.36,51.8
NVR,32,43.8,83.4,2668.7,1290.64,-605.1,71.6
NWS,46,50.0,-0.07,-3.16,4.76,-2.65,42.3
NWSA,41,43.9,0.04,1.52,9.97,-3.18,48.9
NXPI,41,41.5,1.65,67.59,75.67,-25.05,55.4
O,43,37.2,-0.07,-2.85,8.15,-6.65,51.3
ODFL,42,50.0,0.63,26.25,47.32,-29.61,56.0
OKE,46,45.7,0.8,36.7,18.39,-8.04,46.4
OTIS,19,31.6,-0.51,-9.63,20.9,-10.53,56.9
ON,46,45.7,0.2,9.3,22.27,-12.45,50.4
OMC,43,25.6,-1.3,-55.92,18.7,-12.3,50.5
ORCL,51,43.1,3.77,192.42,83.89,-24.76,45.5
ORLY,44,47.7,-0.11,-4.91,7.7,-8.45,48.0
OXY,43,32.6,-0.12,-5.04,28.77,-9.35,50.1
PANW,43,46.5,4.16,178.82,170.03,-27.06,56.5
PAYC,44,43.2,5.7,251.02,127.13,-63.6,48.2
PAYX,46,45.7,0.57,26.12,22.44,-10.96,48.3
PCG,41,41.5,-0.14,-5.74,8.62,-4.78,58.1
PCAR,42,45.2,0.18,7.5,18.89,-11.79,50.8
PEG,42,40.5,-0.25,-10.63,12.79,-6.39,53.4
PFE,44,25.0,-0.18,-8.06,10.18,-4.01,45.9
PEP,42,40.5,-0.65,-27.14,16.12,-27.05,56.3
PFG,48,39.6,0.26,12.64,13.91,-4.79,44.6
PG,42,45.2,0.15,6.18,18.09,-17.72,56.5
PGR,42,47.6,1.1,46.37,36.89,-20.92,54.9
PH,43,53.5,11.91,512.12,133.51,-73.57,58.7
PLTR,21,47.6,2.87,60.22,59.35,-20.05,47.2
PHM,37,43.2,1.77,65.49,32.17,-11.38,64.5
PKG,39,51.3,1.92,74.96,41.57,-20.08,62.5
PLD,44,47.7,0.51,22.28,25.36,-16.6,58.9
PM,45,51.1,1.13,50.85,27.19,-17.31,49.0
PNC,44,38.6,1.12,49.26,33.26,-16.61,52.0
PNR,41,46.3,0.88,36.16,17.89,-13.35,50.7
PNW,48,37.5,-0.75,-35.87,9.83,-20.16,46.3
POOL,33,42.4,2.9,95.86,112.47,-64.56,74.0
PODD,42,47.6,-0.02,-0.96,52.02,-36.88,56.0
PPG,46,39.1,-0.63,-29.2,28.55,-13.04,44.0
PPL,44,36.4,-0.13,-5.61,4.19,-2.38,50.4
PRU,44,31.8,-0.42,-18.51,30.3,-10.8,50.4
PSA,46,37.0,-0.28,-12.68,78.35,-28.52,48.6
PSX,43,48.8,1.07,45.99,28.02,-12.45,51.2
PTC,43,53.5,1.0,43.15,45.23,-29.26,54.0
PYPL,41,31.7,1.75,71.84,82.05,-21.61,51.9
PWR,39,53.8,10.37,404.4,220.73,-65.57,65.0
QCOM,44,40.9,1.48,65.25,56.73,-25.38,43.5
RCL,46,43.5,3.61,165.89,101.56,-58.77,50.3
REGN,38,42.1,9.64,366.24,220.52,-116.81,58.5
RF,40,45.0,0.4,15.88,9.33,-2.65,56.7
REG,41,34.1,-0.71,-29.1,17.37,-10.42,51.3
RJF,45,48.9,1.48,66.57,41.96,-9.23,53.4
RL,50,36.0,-0.81,-40.7,42.97,-32.3,41.9
ROK,43,44.2,3.63,156.28,55.26,-34.47,56.0
RMD,48,43.8,-0.78,-37.54,76.42,-42.87,46.6
ROL,47,40.4,-0.15,-7.12,6.8,-6.02,48.1
ROST,39,43.6,2.82,110.05,80.53,-19.68,65.0
ROP,40,40.0,1.05,42.06,84.16,-39.89,55.7
RSG,41,63.4,2.03,83.17,38.65,-16.97,63.7
RTX,41,51.2,2.27,93.06,23.32,-9.05,58.4
SBAC,39,38.5,0.55,21.51,79.45,-46.53,54.8
RVTY,46,43.5,-1.22,-56.22,41.2,-23.28,47.1
SBUX,43,44.2,0.35,14.92,24.58,-9.78,52.3
SOLV,8,50.0,2.0,16.02,13.29,-7.76,42.4
SCHW,42,45.2,0.82,34.48,17.21,-10.9,52.6
SHW,41,46.3,1.25,51.25,53.81,-30.71,61.0
SLB,45,42.2,0.14,6.47,10.89,-4.72,46.6
SJM,41,34.1,-1.06,-43.49,24.88,-21.32,50.9
SMCI,40,50.0,-0.13,-5.07,44.03,-36.07,52.5
SNPS,42,50.0,0.82,34.46,74.79,-124.9,56.1
SNA,40,42.5,2.92,116.96,65.1,-15.34,53.9
SO,37,54.1,0.78,28.77,17.67,-9.62,62.7
SPG,39,41.0,1.3,50.84,38.52,-13.32,54.5
SRE,40,47.5,-0.2,-8.17,17.55,-14.54,60.5
SPGI,39,51.3,4.81,187.61,50.72,-50.66,62.3
STE,44,45.5,-1.34,-58.8,20.6,-23.77,53.7
STLD,43,44.2,3.46,148.67,62.35,-19.26,55.4
STT,46,41.3,-0.06,-2.62,20.18,-11.19,43.9
STZ,46,39.1,-1.33,-61.25,58.33,-16.0,44.8
STX,49,40.8,7.94,389.13,385.56,-200.14,45.9
SW,182,20.9,-0.52,-94.04,9.36,-7.81,12.5
SWK,42,42.9,-0.31,-12.92,24.5,-21.85,52.9
SWKS,49,24.5,-1.14,-55.96,40.63,-17.56,40.0
SYF,42,42.9,0.54,22.57,15.36,-7.03,49.9
SYK,46,30.4,-1.26,-57.74,63.82,-32.11,53.6
SYY,40,45.0,0.19,7.46,11.37,-7.45,57.4
T,44,40.9,-0.14,-6.22,3.0,-4.42,42.1
TAP,52,25.0,-1.55,-80.66,17.71,-9.43,37.8
TDG,44,43.2,1.23,53.95,219.89,-130.82,57.6
TDY,45,37.8,2.25,101.36,109.78,-61.89,51.6
TECH,41,34.1,-1.21,-49.41,12.21,-10.19,54.3
TEL,50,40.0,-0.65,-32.48,70.97,-24.21,42.9
TER,44,54.5,1.5,66.13,83.11,-53.73,52.8
TFC,47,40.4,-0.12,-5.69,8.0,-5.84,46.6
TGT,36,55.6,4.38,157.66,56.85,-14.12,56.0
TJX,44,40.9,0.05,2.27,12.54,-16.3,57.4
TKO,42,40.5,1.76,73.85,54.17,-17.45,58.5
TMO,43,48.8,5.0,214.89,131.92,-47.53,52.1
TMUS,43,48.8,0.8,34.22,23.01,-17.99,56.6
TPL,41,48.8,7.83,320.91,171.47,-64.34,55.9
TPR,45,31.1,0.08,3.74,32.05,-24.19,50.7
TRGP,39,56.4,3.66,142.89,42.68,-24.24,65.9
TRMB,44,43.2,0.37,16.14,17.95,-9.63,52.1
TROW,38,44.7,1.52,57.67,69.03,-25.12,57.1
TRV,46,37.0,-0.2,-9.06,50.41,-22.01,44.8
TSCO,46,34.8,-0.41,-18.95,10.28,-5.15,45.0
TSLA,45,37.8,5.33,239.87,143.36,-66.28,46.9
TTD,37,45.9,-0.24,-9.01,28.38,-21.4,51.0
TSN,46,43.5,-0.04,-1.88,18.73,-10.32,46.8
TT,39,53.8,3.74,145.71,74.77,-39.33,63.8
UBER,29,41.4,-0.05,-1.49,13.29,-10.26,47.2
TTWO,43,48.8,-0.03,-1.41,32.33,-33.87,55.6
TXN,51,35.3,-1.57,-80.24,73.11,-46.85,42.6
TXT,43,37.2,-0.13,-5.66,14.97,-9.88,49.4
TYL,38,50.0,2.44,92.83,102.04,-86.49,61.7
UAL,47,40.4,0.31,14.45,46.35,-13.37,44.1
UDR,44,29.5,-0.36,-15.79,12.88,-8.08,51.6
VLTO,7,71.4,2.37,16.59,14.31,-6.51,69.9
UHS,45,40.0,-2.25,-101.14,39.52,-34.15,45.7
ULTA,44,38.6,-0.59,-26.12,117.0,-65.67,50.8
UNH,46,39.1,-1.15,-52.78,94.46,-64.38,51.7
UPS,46,41.3,-1.51,-69.46,44.6,-29.51,42.8
UNP,44,52.3,0.27,11.85,32.79,-20.13,51.0
VICI,30,30.0,0.01,0.3,4.89,-2.14,53.1
URI,44,45.5,13.51,594.5,248.9,-89.95,55.8
USB,42,54.8,0.52,21.98,10.76,-4.31,50.0
V,40,55.0,1.67,66.8,56.64,-22.46,55.6
VLO,36,47.2,4.18,150.47,43.08,-15.16,57.5
VMC,40,45.0,2.07,82.61,48.81,-27.61,60.7
VRSK,43,34.9,0.99,42.62,54.65,-21.87,56.0
VST,34,41.2,1.07,36.5,59.88,-30.06,58.5
VRSN,36,50.0,3.89,139.89,52.55,-25.14,65.2
VRTX,38,39.5,0.57,21.84,78.62,-91.38,58.2
VTRS,40,35.0,-0.88,-35.02,4.62,-12.51,46.0
VTR,43,46.5,0.36,15.35,15.35,-15.66,52.8
VZ,49,26.5,-0.77,-37.74,6.82,-6.12,39.9
WAB,46,39.1,1.99,91.75,50.97,-11.02,52.0
WAT,40,37.5,4.46,178.31,119.19,-42.5,48.3
WBD,44,25.0,0.33,14.64,39.82,-4.05,38.0
WDAY,49,38.8,-3.07,-150.47,51.57,-39.99,41.8
WDC,46,39.1,5.1,234.68,151.31,-67.08,51.5
WEC,40,47.5,0.31,12.31,14.99,-12.7,60.2
WELL,45,53.3,1.01,45.36,29.41,-22.78,52.7
WFC,46,39.1,0.19,8.84,11.63,-7.68,46.4
WM,42,54.8,1.54,64.57,48.28,-22.55,56.5
WMB,41,41.5,-0.29,-11.93,12.17,-8.16,51.8
WMT,45,48.9,0.43,19.57,17.17,-12.17,54.3
WRB,46,47.8,0.16,7.16,7.97,-4.46,50.9
WTW,38,36.8,-0.2,-7.48,52.28,-45.01,57.4
WSM,43,51.2,1.94,83.56,36.5,-20.84,49.8
WST,41,36.6,0.87,35.58,157.44,-61.26,54.7
WY,47,38.3,-0.26,-12.23,5.59,-3.04,43.9
ARM,9,44.4,23.98,215.82,181.23,-20.54,64.9
WYNN,48,37.5,-0.82,-39.24,37.0,-27.86,46.9
APP,21,42.9,5.35,112.34,241.27,-121.76,46.8
XEL,40,50.0,0.27,10.7,8.12,-10.84,60.6
XYL,41,51.2,1.24,50.75,24.62,-20.5,58.1
XOM,43,51.2,1.3,55.85,29.68,-12.59,50.0
XYZ,38,50.0,0.66,25.09,76.7,-32.93,54.1
YUM,43,46.5,0.28,12.17,16.33,-9.99,52.4
ZBH,45,35.6,-1.35,-60.73,17.41,-14.37,45.1
ZBRA,42,40.5,4.17,175.18,209.08,-49.7,53.9
GFS,19,36.8,-0.53,-10.05,21.14,-11.59,44.2
ZTS,44,43.2,-0.51,-22.62,40.1,-23.34,48.9
ASML,57,40.4,9.56,544.94,238.75,-189.7,41.7
AZN,56,39.3,-0.27,-15.21,20.86,-15.68,39.5
PDD,31,38.7,1.53,47.46,86.34,-38.02,47.5
CCEP,44,45.5,0.3,13.31,16.15,-6.73,56.4
MELI,43,46.5,17.53,753.96,569.0,-334.06,56.6
MRVL,42,45.2,4.25,178.46,141.13,-15.06,54.3
MSTR,42,40.5,3.07,129.08,176.49,-67.58,49.6
SHOP,41,46.3,2.04,83.8,42.13,-27.16,61.0
ZS,30,43.3,5.58,167.37,79.6,-41.45,56.9
TEAM,42,42.9,0.2,8.31,158.91,-78.55,47.2
TRI,40,45.0,0.99,39.5,31.65,-12.88,59.6
