total_profit,num_trades,win_rate,winning_trades,losing_trades,avg_win,avg_loss,best_trade,worst_trade,profit_factor,risk_reward,max_drawdown,sharpe_ratio,expectancy,max_consecutive_wins,max_consecutive_losses,ticker,strategy
-121.88,6,16.7,1,5,1.23,24.62,1.23,-43.01,-0.99,0.05,80.1,-20.2,-20.31,1,4,ABNB,MA Cross
-6.39,10,50.0,5,5,14.63,15.91,41.71,-28.86,-0.08,0.92,72.26,3.2,-0.64,4,3,A,MA Cross
74.72,5,60.0,3,2,39.71,22.21,94.67,-32.78,1.68,1.79,32.78,9.22,14.94,2,1,AAPL,MA Cross
16.07,11,54.5,6,5,13.74,13.27,33.12,-27.22,0.24,1.04,49.43,3.59,1.46,2,2,ABBV,MA Cross
14.84,8,37.5,3,5,17.08,7.28,27.01,-15.96,0.41,2.35,29.57,3.5,1.86,2,4,ABT,MA Cross
181.06,5,60.0,3,2,95.44,52.63,153.61,-84.1,1.72,1.81,84.1,9.29,36.21,2,1,ADBE,MA Cross
11.99,5,20.0,1,4,36.88,6.22,36.88,-13.56,0.48,5.93,17.29,2.73,2.4,1,3,ADM,MA Cross
52.33,6,50.0,3,3,19.59,2.15,43.46,-3.02,8.11,9.11,4.74,9.02,8.72,2,2,ACGL,MA Cross
78.08,5,60.0,3,2,50.05,36.03,102.18,-53.54,1.08,1.39,53.54,7.72,15.62,2,1,ACN,MA Cross
20.72,9,33.3,3,6,48.46,20.78,62.75,-39.89,0.17,2.33,80.52,2.39,2.3,1,3,ADP,MA Cross
61.78,6,66.7,4,2,24.18,17.46,39.93,-24.95,1.77,1.38,24.95,7.44,10.3,2,1,ADI,MA Cross
36.09,11,36.4,4,7,38.82,17.03,84.19,-39.67,0.3,2.28,72.64,3.29,3.28,2,3,ADSK,MA Cross
-0.23,7,42.9,3,4,7.77,5.88,14.92,-7.4,-0.01,1.32,23.53,2.57,-0.03,3,4,AEE,MA Cross
-5.5,6,33.3,2,4,7.48,5.11,7.85,-10.04,-0.27,1.46,17.38,0.09,-0.92,1,3,AEP,MA Cross
63.42,8,87.5,7,1,9.65,4.13,38.22,-4.13,15.36,2.34,0.0,11.63,7.93,7,1,AFL,MA Cross
-4.22,7,42.9,3,4,3.4,3.61,6.68,-6.03,-0.29,0.94,8.4,-0.52,-0.6,2,3,AES,MA Cross
0.53,8,37.5,3,5,8.7,5.12,12.5,-11.15,0.02,1.7,11.15,2.23,0.07,1,2,AIG,MA Cross
50.81,8,50.0,4,4,22.24,9.54,38.31,-15.34,1.33,2.33,22.81,5.25,6.35,2,3,AIZ,MA Cross
-21.59,9,33.3,3,6,16.71,11.95,32.61,-23.41,-0.3,1.4,61.62,0.3,-2.4,2,4,AKAM,MA Cross
218.3,3,100.0,3,0,72.77,0.0,112.14,38.46,218.3,0.0,0.0,121.31,72.77,3,0,AJG,MA Cross
-19.49,7,28.6,2,5,185.06,77.92,226.42,-132.86,-0.05,2.37,221.79,4.45,-2.78,1,3,ALGN,MA Cross
-36.84,7,28.6,2,5,18.42,14.74,29.24,-26.51,-0.5,1.25,66.08,-1.05,-5.26,1,3,ALL,MA Cross
149.67,6,66.7,4,2,48.82,22.82,96.03,-24.39,3.28,2.14,45.63,10.43,24.95,3,2,ALB,MA Cross
46.11,8,87.5,7,1,7.19,4.21,19.02,-4.21,10.95,1.71,4.21,17.11,5.76,5,1,ALLE,MA Cross
190.76,5,80.0,4,1,47.77,0.33,88.74,-0.33,578.06,144.77,0.0,19.15,38.15,4,1,AMAT,MA Cross
141.16,4,100.0,4,0,35.29,0.0,65.76,8.94,141.16,0.0,0.0,18.75,35.29,4,0,AMD,MA Cross
-37.08,8,12.5,1,7,6.6,6.24,6.6,-14.2,-0.85,1.06,35.23,-11.57,-4.64,1,4,AMCR,MA Cross
11.64,8,50.0,4,4,22.6,19.69,47.34,-38.75,0.15,1.15,38.75,3.45,1.46,2,1,AME,MA Cross
-34.03,13,30.8,4,9,17.08,11.37,30.94,-31.59,-0.33,1.5,46.76,-2.34,-2.62,1,3,AMGN,MA Cross
125.84,8,37.5,3,5,96.15,32.52,132.54,-47.47,0.77,2.96,84.2,5.61,15.73,1,2,AMP,MA Cross
-55.12,9,33.3,3,6,36.36,27.37,81.92,-79.56,-0.34,1.33,149.31,-0.26,-6.12,3,4,AMT,MA Cross
157.09,8,75.0,6,2,27.75,4.72,50.48,-5.1,16.64,5.88,8.53,13.31,19.64,4,1,AON,MA Cross
54.98,6,66.7,4,2,15.11,2.72,38.62,-5.22,10.09,5.54,5.45,11.81,9.16,3,2,ANET,MA Cross
121.92,6,50.0,3,3,57.1,16.46,66.61,-33.58,2.47,3.47,33.58,10.13,20.32,1,1,AMZN,MA Cross
15.3,8,50.0,4,4,12.32,8.5,20.48,-11.53,0.45,1.45,17.03,4.24,1.91,3,2,AOS,MA Cross
-26.49,7,28.6,2,5,10.65,9.56,16.73,-23.13,-0.55,1.11,31.31,-1.69,-3.78,2,3,APA,MA Cross
-60.25,14,50.0,7,7,10.86,19.46,22.65,-52.4,-0.44,0.56,114.7,-1.7,-4.3,2,4,APD,MA Cross
20.1,7,57.1,4,3,6.17,1.53,14.03,-3.85,4.39,4.04,4.58,9.11,2.87,3,3,APH,MA Cross
5.06,9,44.4,4,5,19.43,14.53,48.34,-36.53,0.07,1.34,43.33,1.24,0.56,2,2,APTV,MA Cross
10.6,9,44.4,4,5,22.7,16.04,62.28,-48.1,0.13,1.42,59.67,4.25,1.18,2,2,APO,MA Cross
9.71,9,33.3,3,6,20.2,8.48,29.98,-16.6,0.19,2.38,45.3,2.92,1.08,2,5,AWK,MA Cross
-9.08,7,42.9,3,4,18.56,16.19,27.91,-47.33,-0.14,1.15,57.98,0.58,-1.3,2,2,ARE,MA Cross
228.37,6,83.3,5,1,48.6,14.62,146.15,-14.62,15.62,3.32,14.62,10.83,38.06,3,1,AVGO,MA Cross
41.48,6,50.0,3,3,23.0,9.17,57.75,-13.0,1.51,2.51,27.52,4.64,6.91,2,3,ATO,MA Cross
54.78,7,42.9,3,4,41.89,17.73,79.56,-23.62,0.77,2.36,39.61,5.46,7.83,1,2,AVY,MA Cross
444.46,7,71.4,5,2,92.53,9.1,313.18,-14.84,24.42,10.17,14.84,13.43,63.49,3,1,AXON,MA Cross
2445.08,5,60.0,3,2,848.21,49.78,1341.99,-52.38,24.56,17.04,47.17,12.93,489.02,3,2,AZO,MA Cross
67.55,8,50.0,4,4,42.16,25.27,72.27,-47.65,0.67,1.67,47.65,5.34,8.44,2,2,AXP,MA Cross
21.74,9,33.3,3,6,75.25,34.0,194.77,-69.11,0.11,2.21,150.02,3.05,2.42,1,2,BA,MA Cross
7.84,10,60.0,6,4,5.8,6.74,13.97,-13.76,0.29,0.86,15.11,2.89,0.78,2,1,BAC,MA Cross
-1.31,11,36.4,4,7,10.6,6.24,23.3,-13.5,-0.03,1.7,22.01,1.27,-0.12,1,2,BALL,MA Cross
-2.57,9,44.4,4,5,8.32,7.17,15.57,-13.18,-0.07,1.16,33.34,0.61,-0.29,4,4,BAX,MA Cross
-26.98,11,27.3,3,8,24.59,12.59,33.1,-29.9,-0.27,1.95,69.41,1.49,-2.45,1,4,BBY,MA Cross
-106.53,14,14.3,2,12,21.52,12.46,30.85,-39.1,-0.71,1.73,148.8,-5.2,-7.61,2,11,BDX,MA Cross
27.58,9,44.4,4,5,17.21,8.25,29.93,-19.4,0.67,2.09,28.95,4.71,3.06,2,3,BG,MA Cross
99.46,6,50.0,3,3,39.51,6.36,94.49,-13.39,5.21,6.21,18.68,7.84,16.58,1,2,BKNG,MA Cross
-18.99,9,22.2,2,7,4.73,4.06,5.76,-7.64,-0.67,1.16,18.95,-6.32,-2.11,1,3,BEN,MA Cross
-226.37,8,25.0,2,6,3.19,38.79,3.78,-94.64,-0.97,0.08,180.69,-13.73,-28.3,2,6,BIIB,MA Cross
31.86,7,42.9,3,4,34.84,18.17,67.72,-52.93,0.44,1.92,66.04,6.88,4.55,2,2,BLDR,MA Cross
-2.74,7,42.9,3,4,4.14,3.79,8.31,-7.42,-0.18,1.09,14.5,-3.56,-0.39,1,2,BKR,MA Cross
105.44,9,33.3,3,6,167.51,66.18,274.8,-125.41,0.27,2.53,179.12,3.02,11.72,1,2,BLK,MA Cross
6.65,2,50.0,1,1,21.91,15.26,21.91,-15.26,0.44,1.44,15.26,6.68,3.32,1,1,CARR,MA Cross
-42.99,10,30.0,3,7,3.9,7.81,10.32,-14.5,-0.79,0.5,37.39,-8.81,-4.3,2,4,BMY,MA Cross
74.92,4,100.0,4,0,18.73,0.0,41.86,5.82,74.92,0.0,0.0,44.68,18.73,4,0,BRO,MA Cross
46.9,8,50.0,4,4,14.72,2.99,53.63,-6.99,3.92,4.92,9.51,5.23,5.86,1,1,BSX,MA Cross
101.82,6,66.7,4,2,34.28,17.66,67.64,-35.24,2.88,1.94,35.24,12.23,16.97,2,1,BR,MA Cross
-11.86,9,22.2,2,6,0.92,2.28,1.36,-4.43,-0.87,0.4,13.22,-11.7,-1.32,1,4,CAG,MA Cross
68.45,11,36.4,4,7,29.08,6.84,67.27,-15.14,1.43,4.25,15.14,5.45,6.22,1,2,BX,MA Cross
-8.77,9,11.1,1,8,47.42,7.02,47.42,-14.33,-0.16,6.75,41.86,0.67,-0.97,1,8,CAH,MA Cross
-129.75,12,8.3,1,11,4.03,12.16,4.03,-59.66,-0.97,0.33,120.62,-13.26,-10.81,1,7,BXP,MA Cross
18.54,5,60.0,3,2,17.9,17.58,24.05,-30.77,0.53,1.02,30.77,4.97,3.71,1,1,C,MA Cross
79.76,7,42.9,3,4,74.03,35.58,88.48,-54.59,0.56,2.08,74.31,4.92,11.39,1,2,CAT,MA Cross
77.47,2,50.0,1,1,101.01,23.54,101.01,-23.54,3.29,4.29,23.54,13.76,38.74,1,1,CEG,MA Cross
56.85,6,50.0,3,3,37.42,18.47,53.1,-23.72,1.03,2.03,23.72,7.15,9.48,1,1,CB,MA Cross
154.39,6,66.7,4,2,48.81,20.42,86.23,-27.58,3.78,2.39,40.84,10.91,25.73,3,2,CBOE,MA Cross
38.62,8,37.5,3,5,28.71,9.5,44.48,-13.21,0.81,3.02,23.57,4.76,4.83,1,2,CBRE,MA Cross
-6.71,9,33.3,3,5,4.96,4.32,11.44,-11.71,-0.31,1.15,18.15,-1.73,-0.75,1,3,CCL,MA Cross
-61.55,9,33.3,3,6,19.08,19.8,44.56,-44.55,-0.52,0.96,114.31,-2.87,-6.84,3,5,CCI,MA Cross
127.1,8,62.5,5,3,48.16,37.91,104.61,-79.24,1.12,1.27,79.24,10.98,15.89,2,1,CDNS,MA Cross
87.54,6,83.3,5,1,20.89,16.9,49.54,-16.9,5.18,1.24,16.9,9.02,14.59,4,1,CDW,MA Cross
9.65,9,33.3,3,6,15.46,6.12,27.41,-21.61,0.26,2.53,29.46,4.23,1.07,2,3,CF,MA Cross
6.49,9,55.6,5,4,6.43,6.41,14.74,-15.11,0.25,1.0,15.11,2.73,0.72,2,2,CHD,MA Cross
-15.37,9,44.4,4,5,7.26,8.88,16.56,-19.39,-0.35,0.82,23.65,-0.83,-1.71,2,2,CFG,MA Cross
39.63,10,50.0,5,5,14.07,6.14,30.15,-9.48,1.29,2.29,9.64,4.74,3.96,3,2,CHRW,MA Cross
283.9,5,40.0,2,3,230.96,59.34,330.99,-81.55,1.59,3.89,127.26,7.41,56.78,1,2,CHTR,MA Cross
40.97,9,55.6,5,4,23.6,19.26,56.56,-32.96,0.53,1.23,33.47,3.4,4.55,3,1,CI,MA Cross
26.57,6,33.3,2,4,34.26,10.49,39.7,-30.61,0.63,3.27,33.51,5.04,4.43,2,2,CINF,MA Cross
-35.25,15,20.0,3,12,6.28,4.51,16.21,-8.67,-0.65,1.39,49.47,-6.45,-2.35,1,6,CL,MA Cross
-161.54,4,25.0,1,3,98.54,86.69,98.54,-122.53,-0.62,1.14,233.58,1.7,-40.38,1,2,COIN,MA Cross
-79.52,9,22.2,2,7,22.14,17.69,38.1,-23.93,-0.64,1.25,76.58,-7.78,-8.84,1,4,CLX,MA Cross
-2.44,8,37.5,3,5,6.52,4.4,9.33,-8.4,-0.11,1.48,9.39,-1.05,-0.31,2,2,CMCSA,MA Cross
9.06,8,37.5,3,5,43.01,24.0,71.48,-59.14,0.08,1.79,86.86,2.82,1.13,2,3,CME,MA Cross
28.45,6,50.0,3,3,13.49,4.01,25.55,-6.09,2.37,3.37,6.09,10.0,4.74,2,1,CMG,MA Cross
75.39,7,57.1,4,3,38.19,25.79,59.79,-38.32,0.97,1.48,39.04,5.97,10.77,2,2,CMI,MA Cross
9.41,9,44.4,4,5,9.2,5.48,24.71,-14.29,0.34,1.68,15.07,2.87,1.05,2,2,CNC,MA Cross
7.56,9,33.3,3,6,9.96,3.72,13.58,-9.64,0.34,2.68,15.77,3.72,0.84,1,3,CMS,MA Cross
22.47,7,71.4,5,2,5.11,1.54,9.22,-2.1,7.27,3.31,2.44,12.27,3.21,3,1,CNP,MA Cross
49.16,9,44.4,4,5,34.22,17.54,69.79,-42.49,0.56,1.95,60.84,2.88,5.46,2,3,COF,MA Cross
-4.23,8,37.5,3,5,14.02,9.26,17.69,-18.33,-0.09,1.51,38.74,2.58,-0.53,2,4,COO,MA Cross
71.0,3,100.0,3,0,23.67,0.0,28.83,15.11,71.0,0.0,0.0,25.33,23.67,3,0,CRWD,MA Cross
5.84,7,42.9,3,4,21.08,14.35,51.92,-32.05,0.1,1.47,32.05,3.35,0.83,2,3,COP,MA Cross
528.26,9,44.4,4,5,160.06,22.39,469.29,-46.88,4.72,7.15,46.88,6.8,58.7,3,3,COST,MA Cross
70.31,8,37.5,3,5,37.34,8.34,61.78,-16.43,1.69,4.48,40.36,3.7,8.79,3,5,COR,MA Cross
51.63,8,37.5,3,5,48.1,18.53,94.56,-37.53,0.56,2.6,69.42,2.9,6.45,2,3,CPAY,MA Cross
4.13,5,60.0,3,2,3.89,3.77,8.93,-4.73,0.55,1.03,2.81,4.64,0.83,2,1,CPB,MA Cross
88.34,8,37.5,3,5,54.88,15.26,77.08,-40.17,1.16,3.6,40.17,7.21,11.04,1,2,CRM,MA Cross
25.25,8,37.5,3,5,17.83,5.65,38.64,-13.79,0.89,3.16,19.53,3.14,3.16,2,3,CPT,MA Cross
31.05,6,66.7,4,2,10.0,4.47,17.3,-8.66,3.47,2.24,8.66,13.14,5.18,4,1,CPRT,MA Cross
123.88,8,50.0,4,4,47.53,16.56,149.02,-28.93,1.87,2.87,51.4,5.6,15.48,2,2,CRL,MA Cross
25.99,6,83.3,5,1,6.29,5.44,12.87,-5.44,4.78,1.16,5.44,11.91,4.33,3,1,CSCO,MA Cross
151.01,2,100.0,2,0,75.5,0.0,104.48,46.53,151.01,0.0,0.0,429.2,75.5,2,0,DASH,MA Cross
12.17,10,30.0,3,7,19.18,6.48,27.32,-15.0,0.27,2.96,41.55,4.35,1.22,3,5,CSGP,MA Cross
38.44,3,100.0,3,0,12.81,0.0,14.83,9.0,38.44,0.0,0.0,34.75,12.81,3,0,CTVA,MA Cross
1.42,8,37.5,3,5,6.96,3.89,12.87,-9.96,0.07,1.79,12.56,4.08,0.18,1,2,CSX,MA Cross
118.33,5,60.0,3,2,51.07,17.44,104.28,-26.8,3.39,2.93,26.8,13.03,23.67,2,1,CTAS,MA Cross
-47.49,10,40.0,4,6,6.74,12.41,17.67,-25.8,-0.64,0.54,65.16,-4.63,-4.75,2,3,CTSH,MA Cross
-40.18,7,14.3,1,6,22.0,10.36,22.0,-22.99,-0.65,2.12,35.58,-6.2,-5.74,1,4,CVS,MA Cross
-3.67,11,36.4,4,7,18.14,10.89,55.17,-18.15,-0.05,1.67,55.68,1.31,-0.33,2,5,CVX,MA Cross
-21.05,11,27.3,3,8,6.79,5.18,8.91,-14.07,-0.51,1.31,35.89,-2.8,-1.91,1,5,D,MA Cross
-59.42,12,16.7,2,10,3.78,6.7,6.28,-14.96,-0.89,0.57,54.3,-11.66,-4.95,1,6,DAL,MA Cross
-4.25,7,28.6,2,5,34.14,14.5,43.87,-35.91,-0.06,2.35,43.65,2.91,-0.61,1,3,CZR,MA Cross
-8.22,4,50.0,2,2,20.38,24.48,24.1,-33.58,-0.17,0.83,48.97,0.92,-2.05,2,2,DDOG,MA Cross
20.7,7,57.1,4,3,16.36,14.92,27.07,-19.73,0.46,1.1,24.83,3.98,2.96,2,1,DD,MA Cross
63.63,6,50.0,3,3,31.11,9.9,71.29,-20.76,2.14,3.14,29.1,9.24,10.6,2,2,DELL,MA Cross
47.56,8,50.0,4,4,24.34,12.44,62.48,-21.93,0.96,1.96,43.73,7.85,5.94,2,2,DECK,MA Cross
67.44,10,50.0,5,5,55.49,42.0,169.45,-57.35,0.32,1.32,167.8,4.81,6.74,3,4,DE,MA Cross
59.44,8,25.0,2,6,60.94,10.41,107.62,-24.99,0.95,5.86,44.73,4.48,7.43,1,3,DG,MA Cross
-14.81,6,33.3,2,4,19.28,13.34,21.48,-15.69,-0.28,1.45,31.89,-0.64,-2.47,1,2,DGX,MA Cross
32.93,8,37.5,3,5,32.28,12.78,55.67,-30.97,0.52,2.53,37.72,5.06,4.12,1,2,DHI,MA Cross
70.56,9,55.6,5,4,36.73,28.27,97.38,-33.53,0.62,1.3,103.89,6.84,7.84,4,3,DHR,MA Cross
-21.75,10,50.0,5,5,12.14,16.49,46.62,-32.73,-0.26,0.74,44.69,-2.14,-2.17,4,3,DIS,MA Cross
2.05,8,25.0,2,6,24.33,7.77,32.63,-21.2,0.04,3.13,25.41,2.71,0.26,1,5,DLR,MA Cross
-18.14,8,37.5,3,5,7.6,8.19,9.6,-22.52,-0.44,0.93,37.08,-0.8,-2.27,1,3,DLTR,MA Cross
-15.13,6,33.3,2,4,1.42,4.49,2.42,-6.05,-0.84,0.32,9.5,-11.83,-2.52,1,3,DOC,MA Cross
-12.81,6,16.7,1,5,11.7,4.9,11.7,-10.79,-0.52,2.39,24.51,-3.27,-2.14,1,5,DOW,MA Cross
57.03,7,57.1,4,3,23.13,11.83,44.57,-12.91,1.61,1.96,24.13,6.91,8.15,3,2,DOV,MA Cross
137.41,9,66.7,6,3,37.99,30.17,93.24,-51.98,1.52,1.26,51.98,6.98,15.27,4,2,DPZ,MA Cross
75.63,8,75.0,6,2,14.99,7.16,36.21,-13.4,5.29,2.1,13.4,11.09,9.45,5,1,DRI,MA Cross
10.4,7,57.1,4,3,16.23,18.17,25.95,-24.26,0.19,0.89,24.26,3.79,1.49,2,1,DTE,MA Cross
-13.57,8,50.0,4,4,10.02,13.41,17.65,-21.45,-0.25,0.75,27.29,-1.09,-1.7,1,1,DUK,MA Cross
29.48,5,40.0,2,3,26.66,7.95,45.9,-9.69,1.24,3.35,14.16,6.71,5.9,1,2,DVN,MA Cross
29.21,9,22.2,2,7,46.92,9.23,49.84,-23.28,0.45,5.08,28.64,2.49,3.25,1,6,DVA,MA Cross
4.18,9,33.3,3,6,24.06,11.33,49.29,-19.0,0.06,2.12,61.91,4.24,0.46,3,4,DXCM,MA Cross
17.07,5,40.0,2,3,12.48,2.63,17.91,-6.54,2.16,4.74,6.97,7.66,3.41,1,2,EBAY,MA Cross
4.51,10,30.0,3,7,45.96,19.05,63.86,-51.15,0.03,2.41,100.12,2.54,0.45,2,3,ECL,MA Cross
-54.86,10,20.0,2,8,7.48,8.73,9.11,-23.67,-0.79,0.86,53.93,-9.16,-5.49,1,4,ED,MA Cross
-36.65,7,28.6,2,5,24.42,17.1,44.39,-29.27,-0.43,1.43,29.45,-4.33,-5.24,1,3,EFX,MA Cross
-86.57,13,38.5,5,8,26.75,27.54,52.22,-54.94,-0.39,0.97,103.6,-2.1,-6.66,3,3,EG,MA Cross
-70.14,12,25.0,3,9,3.3,8.89,6.54,-22.59,-0.88,0.37,76.17,-12.25,-5.84,2,7,EIX,MA Cross
52.19,7,57.1,4,3,39.76,35.62,89.25,-72.22,0.49,1.12,106.85,4.53,7.46,4,3,EL,MA Cross
13.62,8,37.5,3,5,102.14,58.56,184.88,-118.5,0.05,1.74,175.75,2.72,1.7,2,2,ELV,MA Cross
-9.62,8,25.0,2,6,28.32,11.04,34.55,-18.21,-0.15,2.56,36.3,-0.12,-1.2,1,4,EMN,MA Cross
-45.36,9,44.4,4,5,10.9,17.79,16.14,-35.52,-0.51,0.61,56.52,-3.78,-5.04,1,2,EMR,MA Cross
12.89,8,25.0,2,6,41.24,11.6,71.91,-17.54,0.19,3.56,52.99,3.72,1.61,1,4,EOG,MA Cross
53.77,9,55.6,5,4,35.62,31.08,156.36,-71.72,0.43,1.15,115.31,5.91,5.97,4,2,ENPH,MA Cross
-16.28,8,37.5,3,5,114.47,71.94,236.56,-110.34,-0.05,1.59,358.08,2.95,-2.03,3,4,EPAM,MA Cross
100.52,6,50.0,3,3,110.76,77.25,222.78,-120.21,0.43,1.43,120.21,4.15,16.75,1,1,EQIX,MA Cross
14.92,9,44.4,4,5,9.65,4.73,22.49,-8.61,0.63,2.04,9.75,4.83,1.66,2,2,EQT,MA Cross
255.64,7,71.4,5,2,54.43,8.25,129.93,-12.25,15.5,6.6,12.25,16.13,36.52,2,1,ERIE,MA Cross
-28.96,10,30.0,3,7,7.72,7.45,15.95,-16.9,-0.56,1.04,50.68,-3.05,-2.9,1,6,ES,MA Cross
-54.86,5,20.0,1,4,1.1,13.99,1.1,-18.49,-0.98,0.08,44.41,-23.62,-10.97,1,2,EXE,MA Cross
69.62,10,40.0,4,6,57.5,26.73,99.03,-73.71,0.43,2.15,94.24,3.35,6.96,3,3,ESS,MA Cross
144.74,7,42.9,3,4,61.21,9.72,116.07,-24.6,3.72,6.3,24.6,9.3,20.68,2,3,ETN,MA Cross
-13.23,6,16.7,1,5,5.51,3.75,5.51,-8.47,-0.71,1.47,17.06,-6.47,-2.2,1,3,ETR,MA Cross
1.47,7,57.1,4,3,5.67,7.07,11.24,-12.21,0.07,0.8,15.71,2.54,0.21,3,2,EVRG,MA Cross
2.3,6,33.3,2,4,19.52,9.18,23.54,-19.62,0.06,2.13,35.53,2.94,0.38,2,2,EW,MA Cross
2.31,9,44.4,4,5,4.52,3.16,7.89,-8.4,0.15,1.43,8.4,1.8,0.26,2,2,EXC,MA Cross
29.29,7,42.9,3,4,18.15,6.29,33.24,-14.3,1.16,2.89,19.09,5.66,4.18,2,2,EXPD,MA Cross
-64.4,12,33.3,4,8,29.65,22.87,43.41,-65.82,-0.35,1.3,111.01,-1.78,-5.37,2,4,EXPE,MA Cross
77.3,7,42.9,3,4,30.37,3.46,70.19,-4.49,5.59,8.79,11.6,7.84,11.04,3,3,EXR,MA Cross
0.47,8,25.0,2,6,5.0,1.59,8.25,-2.81,0.05,3.15,5.18,2.66,0.06,1,4,F,MA Cross
121.38,6,83.3,5,1,27.86,17.94,77.52,-17.94,6.77,1.55,0.0,8.55,20.23,5,1,FANG,MA Cross
13.25,11,45.5,5,6,3.4,0.62,7.65,-1.48,3.53,5.44,1.83,5.88,1.2,2,2,FAST,MA Cross
-3.28,11,45.5,5,6,5.13,4.82,18.21,-8.26,-0.11,1.06,12.42,1.21,-0.3,2,3,FCX,MA Cross
-27.66,10,40.0,4,6,28.8,23.81,38.02,-70.08,-0.19,1.21,115.13,1.33,-2.77,2,3,FDS,MA Cross
-17.82,8,25.0,2,6,14.46,7.79,22.52,-14.63,-0.38,1.86,19.83,-0.97,-2.23,1,4,FOX,MA Cross
142.45,5,60.0,3,2,53.43,8.93,68.14,-10.14,7.98,5.99,10.14,13.95,28.49,2,1,FDX,MA Cross
12.29,8,75.0,6,2,2.72,2.0,7.84,-3.82,3.07,1.36,3.82,8.05,1.54,4,1,FE,MA Cross
-11.62,6,33.3,2,4,17.19,11.5,26.17,-15.77,-0.25,1.49,16.0,0.4,-1.94,1,2,FOXA,MA Cross
115.66,6,83.3,5,1,27.84,23.52,41.88,-23.52,4.92,1.18,23.52,13.69,19.28,3,1,FFIV,MA Cross
676.15,7,57.1,4,3,348.78,239.65,1206.04,-497.76,0.94,1.46,497.76,7.55,96.59,3,2,FICO,MA Cross
10.63,6,50.0,3,3,17.63,14.08,26.08,-23.35,0.25,1.25,32.79,4.76,1.77,2,2,FIS,MA Cross
4.26,10,40.0,4,6,7.32,4.17,16.09,-12.42,0.17,1.76,13.02,2.28,0.43,2,3,FITB,MA Cross
-40.74,4,25.0,1,3,1.48,14.07,1.48,-28.28,-0.96,0.11,42.22,-14.87,-10.18,1,3,GEHC,MA Cross
-4.35,7,42.9,3,4,12.33,10.34,27.23,-19.51,-0.11,1.19,21.51,0.75,-0.62,1,2,FRT,MA Cross
-31.52,7,28.6,2,5,4.66,8.17,4.98,-14.84,-0.77,0.57,21.88,-9.12,-4.5,2,3,FTV,MA Cross
28.07,9,55.6,5,4,23.06,21.8,43.2,-55.66,0.32,1.06,55.66,5.31,3.12,3,1,FSLR,MA Cross
24.02,9,44.4,4,5,10.08,3.26,26.22,-10.12,1.47,3.09,14.3,7.45,2.67,2,2,FTNT,MA Cross
185.81,5,80.0,4,1,52.15,22.8,67.05,-22.8,8.15,2.29,22.8,15.65,37.16,3,1,GD,MA Cross
39.92,6,16.7,1,5,97.84,11.58,97.84,-22.19,0.69,8.45,44.9,1.96,6.65,1,5,GDDY,MA Cross
222.37,6,33.3,2,4,130.03,9.42,246.71,-24.17,5.9,13.8,35.73,6.57,37.06,2,4,GE,MA Cross
-7.37,10,40.0,4,6,4.24,4.06,8.77,-6.45,-0.3,1.05,16.14,-1.4,-0.74,2,3,GEN,MA Cross
40.97,8,50.0,4,4,14.78,4.54,46.97,-9.55,2.26,3.26,9.55,4.99,5.12,1,2,GILD,MA Cross
-12.19,10,30.0,3,7,7.16,4.81,13.65,-13.81,-0.36,1.49,18.63,-2.31,-1.22,1,4,GIS,MA Cross
-47.8,7,42.9,3,4,13.24,21.88,23.27,-55.24,-0.55,0.61,71.07,-2.34,-6.83,1,2,GL,MA Cross
13.97,8,50.0,4,4,7.08,3.58,11.67,-4.37,0.97,1.97,7.65,5.89,1.75,2,2,GLW,MA Cross
3.25,9,44.4,4,5,8.14,5.86,19.49,-11.37,0.11,1.39,17.38,2.32,0.36,2,3,GM,MA Cross
184.01,9,44.4,4,5,68.88,18.31,266.37,-43.47,2.01,3.76,86.75,4.89,20.45,2,2,GNRC,MA Cross
111.29,5,60.0,3,2,38.11,1.52,59.79,-1.7,36.73,25.15,3.03,15.26,22.26,2,2,GOOG,MA Cross
114.75,5,80.0,4,1,29.14,1.8,61.02,-1.8,63.75,16.19,1.8,16.15,22.95,3,1,GOOGL,MA Cross
15.46,9,44.4,4,5,20.17,13.05,36.34,-22.11,0.24,1.55,40.34,2.14,1.72,2,3,GPC,MA Cross
30.94,7,71.4,5,2,12.69,16.26,32.53,-17.32,0.95,0.78,32.53,4.56,4.42,5,2,GPN,MA Cross
158.39,4,75.0,3,1,58.01,15.64,101.43,-15.64,10.13,3.71,15.64,20.69,39.6,3,1,GRMN,MA Cross
252.6,7,42.9,3,4,126.84,31.98,183.65,-58.39,1.97,3.97,84.26,6.74,36.09,1,3,GS,MA Cross
412.88,7,42.9,3,4,202.65,48.76,404.0,-109.69,2.12,4.16,109.69,5.1,58.98,1,2,GWW,MA Cross
-17.27,9,44.4,4,5,5.86,8.14,8.89,-15.74,-0.42,0.72,31.33,-0.7,-1.92,2,3,HAL,MA Cross
-32.66,9,55.6,5,4,5.56,15.11,10.95,-22.58,-0.54,0.37,54.32,-4.98,-3.63,2,3,HAS,MA Cross
-6.24,9,33.3,3,6,2.09,2.09,3.2,-4.3,-0.5,1.0,7.11,-2.57,-0.69,1,2,HBAN,MA Cross
48.34,9,55.6,5,4,27.94,22.84,81.11,-61.92,0.53,1.22,76.81,2.4,5.37,4,2,HCA,MA Cross
-8.94,7,42.9,3,4,45.34,36.24,101.27,-67.78,-0.06,1.25,136.86,2.98,-1.28,1,2,HD,MA Cross
67.75,7,57.1,4,3,19.97,4.04,54.39,-7.75,5.59,4.94,9.9,8.65,9.68,3,2,HIG,MA Cross
94.44,10,50.0,5,5,46.3,27.41,98.82,-44.55,0.69,1.69,114.74,4.9,9.44,2,3,HII,MA Cross
-7.37,10,40.0,4,6,1.3,2.1,1.76,-4.29,-0.59,0.62,9.76,-5.88,-0.74,1,2,HPE,MA Cross
142.02,4,75.0,3,1,51.15,11.42,92.37,-11.42,12.44,4.48,11.42,18.66,35.51,2,1,HLT,MA Cross
-44.12,12,33.3,4,8,24.7,17.87,60.59,-42.38,-0.31,1.38,92.25,-0.57,-3.68,2,3,HON,MA Cross
2.29,9,44.4,4,5,5.54,3.97,9.0,-5.55,0.12,1.39,9.31,3.63,0.25,2,3,HPQ,MA Cross
-5.41,6,33.3,2,4,3.4,3.06,3.81,-5.11,-0.44,1.11,12.22,-3.6,-0.9,2,4,HRL,MA Cross
-28.96,11,45.5,5,6,4.27,8.38,10.3,-19.62,-0.58,0.51,35.33,-4.36,-2.63,1,2,HSIC,MA Cross
-13.14,11,9.1,1,10,1.4,1.45,1.4,-3.1,-0.9,0.96,10.98,-14.87,-1.19,1,5,HST,MA Cross
72.2,8,50.0,4,4,27.83,9.78,72.37,-15.69,1.85,2.85,23.43,6.33,9.02,2,3,HSY,MA Cross
-0.49,5,20.0,1,4,11.85,3.08,11.85,-6.18,-0.04,3.84,5.14,0.63,-0.1,1,3,HWM,MA Cross
119.21,8,50.0,4,4,44.91,15.1,123.81,-27.8,1.97,2.97,60.42,3.45,14.9,3,4,HUBB,MA Cross
14.86,9,44.4,4,5,26.69,18.38,103.23,-46.52,0.16,1.45,91.65,0.74,1.65,2,3,IBM,MA Cross
-95.6,11,27.3,3,8,69.01,37.83,106.28,-90.01,-0.32,1.82,252.42,0.74,-8.69,2,3,HUM,MA Cross
66.06,4,75.0,3,1,24.31,6.87,46.6,-6.87,9.62,3.54,6.87,14.32,16.52,2,1,ICE,MA Cross
328.66,8,75.0,6,2,73.5,56.16,217.72,-78.15,2.93,1.31,78.15,9.11,41.08,3,1,IDXX,MA Cross
-12.76,7,42.9,3,4,24.59,21.63,50.33,-36.22,-0.15,1.14,55.99,2.15,-1.82,2,2,IEX,MA Cross
-81.72,11,36.4,4,7,6.38,15.32,16.85,-43.99,-0.76,0.42,86.17,-7.33,-7.43,1,3,IFF,MA Cross
-22.96,8,12.5,1,7,32.99,7.99,32.99,-16.04,-0.41,4.13,55.95,-2.91,-2.87,1,7,INCY,MA Cross
-5.48,7,28.6,2,5,5.42,3.26,10.65,-5.4,-0.34,1.66,7.59,-3.11,-0.78,1,3,INVH,MA Cross
-19.27,11,36.4,4,7,3.21,4.59,8.22,-11.37,-0.6,0.7,24.04,-4.07,-1.75,1,3,INTC,MA Cross
224.95,7,57.1,4,3,116.24,80.0,186.81,-90.55,0.94,1.45,180.22,8.43,32.14,2,2,INTU,MA Cross
26.65,5,60.0,3,2,17.49,12.92,36.86,-13.88,1.03,1.35,13.88,4.69,5.33,2,1,IR,MA Cross
19.57,6,50.0,3,3,12.02,5.5,13.41,-14.19,1.19,2.19,14.19,6.39,3.26,1,2,IP,MA Cross
-44.05,10,30.0,3,7,49.88,27.67,75.46,-69.42,-0.23,1.8,122.08,1.77,-4.41,2,5,IQV,MA Cross
9.37,12,16.7,2,10,30.78,5.22,42.87,-26.09,0.18,5.9,26.09,2.11,0.78,1,8,IRM,MA Cross
209.87,11,54.5,6,5,63.74,34.51,178.79,-89.78,1.22,1.85,118.91,7.13,19.08,4,3,ISRG,MA Cross
159.49,8,50.0,4,4,60.18,20.31,157.55,-53.28,1.96,2.96,71.29,4.58,19.94,3,3,IT,MA Cross
-29.19,10,30.0,3,7,35.74,19.49,48.93,-37.9,-0.21,1.83,123.92,1.86,-2.92,3,6,ITW,MA Cross
2.15,6,33.3,2,4,7.08,3.0,11.19,-4.9,0.18,2.36,7.11,1.84,0.36,1,3,IVZ,MA Cross
37.09,9,44.4,4,5,15.28,4.81,30.65,-10.11,1.54,3.18,10.11,6.63,4.12,2,2,J,MA Cross
-60.77,9,22.2,2,7,34.76,18.61,54.24,-39.16,-0.47,1.87,90.75,-1.97,-6.75,1,4,JBHT,MA Cross
85.79,8,50.0,4,4,24.26,2.81,60.82,-4.01,7.63,8.63,7.23,8.19,10.72,2,3,JBL,MA Cross
4.66,6,50.0,3,3,9.77,8.22,22.19,-9.3,0.19,1.19,17.64,3.11,0.78,2,2,JCI,MA Cross
13.3,7,42.9,3,4,21.88,13.09,34.91,-28.12,0.25,1.67,45.1,4.08,1.9,2,3,JKHY,MA Cross
-67.53,11,27.3,3,8,9.13,11.86,16.58,-20.07,-0.71,0.77,82.64,-7.28,-6.14,2,6,JNJ,MA Cross
219.35,5,60.0,3,2,79.86,10.11,163.83,-11.78,10.84,7.9,11.78,11.95,43.87,2,1,JPM,MA Cross
-85.11,11,18.2,2,9,2.97,10.12,5.79,-70.34,-0.93,0.29,82.21,-7.12,-7.74,1,6,KDP,MA Cross
-6.68,7,42.9,3,4,3.43,4.24,4.83,-7.73,-0.39,0.81,10.44,-1.58,-0.95,1,2,KEY,MA Cross
-18.39,7,14.3,1,6,3.94,3.72,3.94,-5.93,-0.82,1.06,15.12,-10.93,-2.63,1,4,KHC,MA Cross
42.61,5,40.0,2,3,47.12,17.21,52.06,-22.14,0.83,2.74,51.63,8.04,8.52,2,3,KEYS,MA Cross
-5.08,8,37.5,3,5,1.59,1.97,4.5,-3.72,-0.52,0.81,8.1,-2.16,-0.64,2,2,KIM,MA Cross
-1.71,1,0.0,0,1,0.0,1.71,-1.71,-1.71,-1.0,0.0,0.0,0.0,-1.71,0,1,KVUE,MA Cross
38.0,6,66.7,4,2,17.47,15.93,40.36,-21.65,1.19,1.1,21.65,10.48,6.33,3,1,KKR,MA Cross
48.9,5,100.0,5,0,9.78,0.0,27.99,0.49,48.9,0.0,0.0,19.07,9.78,5,0,KLAC,MA Cross
-53.18,12,33.3,4,8,5.04,9.17,15.92,-20.02,-0.73,0.55,57.67,-6.89,-4.43,1,3,KMB,MA Cross
-1.63,9,44.4,4,5,2.97,2.7,9.07,-8.43,-0.12,1.1,12.04,-0.03,-0.18,1,3,KMI,MA Cross
-75.85,10,10.0,1,9,21.81,10.85,21.81,-29.55,-0.78,2.01,74.87,-9.6,-7.59,1,5,KMX,MA Cross
1.21,9,55.6,5,4,2.42,2.72,7.16,-4.95,0.11,0.89,4.95,1.36,0.13,3,2,KO,MA Cross
17.09,9,44.4,4,5,9.87,4.48,17.51,-8.49,0.76,2.2,9.17,5.21,1.9,3,3,KR,MA Cross
5.68,6,33.3,2,4,13.92,5.54,15.84,-13.92,0.26,2.51,19.46,3.27,0.95,1,3,L,MA Cross
32.58,9,33.3,3,6,27.84,8.49,46.23,-15.52,0.64,3.28,32.87,4.25,3.62,1,3,LDOS,MA Cross
46.31,6,50.0,3,3,26.8,11.36,47.46,-16.77,1.36,2.36,16.77,5.83,7.72,2,1,LEN,MA Cross
86.59,9,44.4,4,5,43.04,17.11,102.7,-23.51,1.01,2.52,27.72,4.47,9.62,2,2,LH,MA Cross
89.4,8,62.5,5,3,31.01,21.89,66.95,-35.53,1.36,1.42,35.53,6.17,11.18,2,1,LHX,MA Cross
133.75,4,50.0,2,2,159.67,92.8,280.33,-167.86,0.72,1.72,185.6,6.82,33.44,2,2,LII,MA Cross
94.3,8,50.0,4,4,45.24,21.67,81.32,-43.38,1.09,2.09,53.78,7.32,11.79,2,2,LIN,MA Cross
-25.48,10,20.0,2,8,6.97,4.93,13.55,-17.99,-0.65,1.41,25.87,-4.31,-2.55,1,5,LKQ,MA Cross
578.61,6,66.7,4,2,149.33,9.36,411.88,-12.84,30.89,15.95,5.89,11.77,96.44,4,2,LLY,MA Cross
-90.39,10,40.0,4,6,16.23,25.88,33.88,-52.16,-0.58,0.63,112.2,-5.32,-9.04,2,3,LMT,MA Cross
-9.86,7,28.6,2,5,6.96,4.75,9.13,-13.01,-0.41,1.46,21.13,-0.81,-1.41,1,4,LNT,MA Cross
9.35,12,33.3,4,8,24.79,11.23,72.4,-28.71,0.1,2.21,33.77,0.62,0.78,2,3,LOW,MA Cross
48.13,6,66.7,4,2,17.04,10.01,29.59,-19.46,2.4,1.7,19.46,13.7,8.02,3,1,LRCX,MA Cross
-42.45,8,25.0,2,6,87.49,36.24,150.4,-121.84,-0.2,2.41,209.04,4.33,-5.31,2,4,LULU,MA Cross
-43.97,10,20.0,2,8,8.06,7.51,9.31,-19.66,-0.73,1.07,43.02,-9.29,-4.4,1,4,LUV,MA Cross
-24.39,5,20.0,1,4,37.41,15.45,37.41,-23.68,-0.39,2.42,44.52,-1.85,-4.88,1,2,LW,MA Cross
-31.78,12,25.0,3,9,8.7,6.43,10.21,-15.92,-0.55,1.35,40.79,-4.49,-2.65,2,5,LVS,MA Cross
-10.51,8,25.0,2,6,19.14,8.13,27.3,-21.49,-0.22,2.35,21.49,-0.14,-1.31,1,4,LYB,MA Cross
92.75,4,75.0,3,1,34.77,11.56,51.99,-11.56,8.02,3.01,11.56,17.34,23.19,2,1,LYV,MA Cross
348.39,7,57.1,4,3,95.52,11.23,208.58,-15.02,10.34,8.51,29.65,11.93,49.77,3,2,MA,MA Cross
44.27,5,40.0,2,3,33.71,7.72,53.06,-16.28,1.91,4.37,16.28,5.76,8.85,2,2,MAA,MA Cross
5.03,7,42.9,3,4,50.9,36.92,57.76,-72.66,0.03,1.38,86.06,3.76,0.72,1,2,MAR,MA Cross
-15.77,9,55.6,5,4,6.14,11.62,13.39,-17.36,-0.34,0.53,31.46,-0.9,-1.75,3,2,MAS,MA Cross
-43.77,9,44.4,4,5,28.43,31.5,44.03,-67.46,-0.28,0.9,110.12,0.96,-4.86,2,2,MCD,MA Cross
1.35,10,30.0,3,7,14.69,6.1,19.47,-13.5,0.03,2.41,28.43,3.07,0.14,1,4,MCHP,MA Cross
387.31,7,57.1,4,3,114.29,23.28,201.46,-30.55,5.55,4.91,46.81,6.92,55.33,4,3,MCK,MA Cross
204.89,8,62.5,5,3,50.66,16.13,112.11,-25.41,4.23,3.14,43.88,12.31,25.61,5,2,MCO,MA Cross
-23.05,11,18.2,2,9,9.89,4.76,12.51,-9.69,-0.54,2.08,29.87,-3.12,-2.1,1,5,MDLZ,MA Cross
-46.09,11,18.2,2,9,8.54,7.02,14.67,-11.11,-0.73,1.22,39.4,-10.6,-4.19,1,5,MDT,MA Cross
-16.7,10,30.0,3,7,11.5,7.32,25.48,-22.52,-0.33,1.57,23.28,0.04,-1.67,1,4,MET,MA Cross
451.76,6,50.0,3,3,182.29,31.71,412.78,-51.99,4.75,5.75,51.99,8.31,75.29,2,2,META,MA Cross
-2.56,7,42.9,3,4,11.03,8.91,21.11,-18.77,-0.07,1.24,18.77,2.19,-0.37,2,3,MGM,MA Cross
22.51,10,40.0,4,6,36.17,20.36,93.92,-36.79,0.18,1.78,63.23,1.68,2.25,2,2,MHK,MA Cross
-7.22,6,50.0,3,3,7.37,9.78,16.02,-14.79,-0.25,0.75,27.18,0.81,-1.2,2,2,MKC,MA Cross
-19.68,6,33.3,2,4,72.17,41.0,90.0,-63.34,-0.12,1.76,147.66,-1.03,-3.28,2,3,MKTX,MA Cross
241.56,8,50.0,4,4,97.76,37.37,183.25,-54.32,1.62,2.62,95.17,5.83,30.2,2,3,MLM,MA Cross
11.12,8,50.0,4,4,21.15,18.37,51.47,-31.61,0.15,1.15,55.75,2.42,1.39,2,2,MMM,MA Cross
-7.24,9,33.3,3,6,2.2,2.31,3.42,-4.34,-0.52,0.95,8.04,-4.51,-0.8,2,3,MNST,MA Cross
-22.17,9,22.2,2,7,8.39,5.56,14.93,-10.96,-0.57,1.51,33.33,-3.59,-2.46,1,5,MO,MA Cross
145.28,3,33.3,1,2,196.31,25.52,196.31,-34.01,2.85,7.69,51.03,10.55,48.43,1,2,MRNA,MA Cross
84.8,8,25.0,2,6,95.74,17.78,122.18,-31.68,0.79,5.38,63.89,5.26,10.6,1,3,MOH,MA Cross
18.25,6,33.3,2,4,19.94,5.41,37.36,-6.01,0.84,3.69,10.88,4.96,3.04,2,2,MOS,MA Cross
72.42,5,60.0,3,2,38.66,21.78,71.08,-24.98,1.66,1.78,24.98,6.82,14.48,2,1,MPC,MA Cross
166.82,5,40.0,2,3,189.5,70.72,316.43,-147.57,0.79,2.68,212.17,9.28,33.36,2,3,MPWR,MA Cross
21.97,6,50.0,3,3,15.13,7.81,30.92,-10.4,0.94,1.94,12.05,4.84,3.66,1,1,MRK,MA Cross
53.69,7,57.1,4,3,20.61,9.58,32.86,-17.13,1.87,2.15,23.77,6.64,7.67,2,2,MS,MA Cross
155.83,9,33.3,3,6,142.67,45.36,363.99,-75.49,0.57,3.15,272.17,6.04,17.31,3,6,MSCI,MA Cross
273.76,6,50.0,3,3,118.78,27.53,173.53,-49.37,3.31,4.31,82.59,11.89,45.63,3,3,MSFT,MA Cross
137.88,6,50.0,3,3,102.54,56.58,193.22,-110.04,0.81,1.81,164.28,9.63,22.98,2,2,MSI,MA Cross
11.15,8,75.0,6,2,14.96,39.3,28.97,-58.6,0.14,0.38,78.6,2.34,1.39,3,2,MTB,MA Cross
433.27,10,40.0,4,6,219.71,74.26,495.74,-173.9,0.97,2.96,201.51,5.78,43.33,1,2,MTD,MA Cross
19.23,8,37.5,3,5,26.64,12.14,58.29,-34.49,0.32,2.19,53.71,4.47,2.4,2,4,MTCH,MA Cross
46.68,7,57.1,4,3,21.58,13.21,31.58,-25.99,1.18,1.63,25.99,7.62,6.67,1,1,MU,MA Cross
-65.51,12,25.0,3,9,2.77,8.2,7.72,-31.28,-0.89,0.34,73.23,-14.69,-5.46,1,4,NCLH,MA Cross
41.55,6,83.3,5,1,10.58,11.35,22.8,-11.35,3.66,0.93,11.35,13.59,6.93,3,1,NDAQ,MA Cross
-68.68,11,45.5,5,6,15.17,24.09,42.04,-41.38,-0.48,0.63,117.84,0.56,-6.24,3,4,NDSN,MA Cross
35.51,8,62.5,5,3,11.3,6.99,23.01,-10.47,1.69,1.62,20.98,8.0,4.44,3,3,NEE,MA Cross
40.09,9,55.6,5,4,14.95,8.67,39.26,-12.94,1.16,1.72,34.68,6.3,4.45,4,4,NEM,MA Cross
83.82,5,60.0,3,2,34.0,9.09,71.09,-11.23,4.61,3.74,11.23,12.25,16.76,1,1,NFLX,MA Cross
3.89,8,37.5,3,5,4.6,1.98,13.49,-6.52,0.39,2.32,9.79,1.66,0.49,1,3,NI,MA Cross
-21.06,9,22.2,2,7,20.76,8.94,33.14,-21.01,-0.34,2.32,46.36,-2.11,-2.34,1,4,NKE,MA Cross
89.13,5,40.0,2,3,87.08,28.34,125.77,-34.96,1.05,3.07,50.07,4.47,17.83,1,2,NOC,MA Cross
84.43,7,71.4,5,2,23.93,17.62,58.63,-28.37,2.4,1.36,28.37,8.83,12.06,5,1,NOW,MA Cross
-22.17,8,37.5,3,5,43.19,30.35,73.61,-54.36,-0.15,1.42,98.58,2.7,-2.77,2,4,NSC,MA Cross
88.27,11,27.3,3,8,48.45,7.14,123.81,-12.87,1.55,6.79,31.38,4.7,8.02,1,4,NRG,MA Cross
77.98,5,60.0,3,2,39.6,20.41,46.26,-22.91,1.91,1.94,22.91,11.21,15.6,2,1,NTAP,MA Cross
3.95,8,50.0,4,4,14.4,13.41,26.34,-32.98,0.07,1.07,39.97,1.5,0.49,2,2,NTRS,MA Cross
26.01,7,28.6,2,5,35.66,9.06,59.4,-18.66,0.57,3.94,36.01,5.41,3.72,1,3,NUE,MA Cross
116.46,2,100.0,2,0,58.23,0.0,99.26,17.2,116.46,0.0,0.0,127.42,58.23,2,0,NVDA,MA Cross
4790.86,5,80.0,4,1,1397.56,799.36,3269.53,-799.36,5.99,1.75,799.36,15.63,958.17,4,1,NVR,MA Cross
14.32,7,42.9,3,4,7.05,1.7,11.18,-3.38,2.1,4.13,3.38,5.9,2.05,1,2,NWS,MA Cross
7.75,8,37.5,3,5,6.05,2.08,9.45,-3.61,0.74,2.91,3.61,4.13,0.97,1,2,NWSA,MA Cross
34.26,6,50.0,3,3,50.67,39.25,69.46,-67.88,0.29,1.29,104.22,5.24,5.71,2,2,NXPI,MA Cross
-18.58,8,37.5,3,5,4.13,6.19,6.06,-13.54,-0.6,0.67,24.64,-4.74,-2.32,2,4,O,MA Cross
3.68,3,66.7,2,1,4.95,6.22,8.55,-6.22,0.59,0.8,6.22,4.35,1.23,2,1,OTIS,MA Cross
116.2,5,60.0,3,2,46.26,11.29,90.36,-20.34,5.15,4.1,20.34,11.72,23.24,3,1,ODFL,MA Cross
-7.78,7,57.1,4,3,11.94,18.52,16.9,-44.27,-0.14,0.64,44.27,1.24,-1.11,1,1,OKE,MA Cross
24.7,6,33.3,2,4,26.39,7.02,42.16,-11.32,0.88,3.76,18.02,6.38,4.12,1,3,ON,MA Cross
-50.08,12,25.0,3,9,6.14,7.61,9.14,-22.71,-0.73,0.81,59.22,-7.43,-4.17,1,5,OMC,MA Cross
35.47,8,75.0,6,2,10.53,13.86,34.78,-25.79,1.28,0.76,25.79,7.96,4.43,6,1,ORCL,MA Cross
56.12,4,75.0,3,1,19.0,0.87,40.83,-0.87,64.51,21.84,0.0,18.26,14.03,3,1,ORLY,MA Cross
15.06,6,33.3,2,4,23.68,8.07,44.0,-8.55,0.47,2.93,24.11,5.59,2.51,2,3,OXY,MA Cross
82.94,8,37.5,3,5,44.08,9.86,81.32,-17.99,1.68,4.47,19.92,4.6,10.37,2,2,PANW,MA Cross
-121.78,6,16.7,1,5,184.2,61.2,184.2,-132.77,-0.4,3.01,305.98,5.58,-20.3,1,5,PAYC,MA Cross
13.98,7,42.9,3,4,17.24,9.44,35.08,-15.73,0.37,1.83,23.76,2.28,2.0,1,3,PAYX,MA Cross
-3.01,8,50.0,4,4,11.58,12.33,33.66,-25.3,-0.06,0.94,25.3,1.06,-0.38,1,1,PCAR,MA Cross
-40.31,10,20.0,2,8,4.88,6.26,6.56,-23.13,-0.81,0.78,46.87,-11.46,-4.03,1,6,PCG,MA Cross
17.61,9,33.3,3,6,12.71,3.42,15.21,-4.94,0.86,3.72,10.36,5.21,1.96,2,3,PEG,MA Cross
-3.8,9,33.3,3,6,5.01,3.14,11.21,-7.92,-0.2,1.6,12.35,-0.93,-0.42,2,3,PFE,MA Cross
-14.05,11,45.5,5,6,6.95,8.14,22.95,-18.92,-0.29,0.85,39.56,-0.73,-1.28,2,4,PEP,MA Cross
4.95,9,22.2,2,7,19.11,4.75,22.71,-15.35,0.15,4.02,30.69,3.7,0.55,1,5,PFG,MA Cross
-1.97,14,42.9,6,8,7.93,6.19,28.16,-14.0,-0.04,1.28,29.22,1.62,-0.14,2,5,PG,MA Cross
151.83,6,66.7,4,2,40.96,6.02,98.23,-8.72,12.62,6.81,8.72,13.72,25.31,2,1,PGR,MA Cross
124.46,2,50.0,1,1,129.21,4.75,129.21,-4.75,26.2,27.2,0.0,15.49,62.23,1,1,PLTR,MA Cross
283.25,9,33.3,3,6,136.88,21.23,241.26,-50.93,2.22,6.45,108.13,6.03,31.47,1,5,PH,MA Cross
53.47,8,50.0,4,4,18.88,5.51,63.12,-7.84,2.43,3.43,10.81,5.82,6.68,2,2,PHM,MA Cross
87.99,10,30.0,3,7,47.48,7.78,51.06,-14.82,1.62,6.1,30.08,6.05,8.8,1,4,PKG,MA Cross
-20.04,9,44.4,4,5,11.53,13.23,27.44,-23.4,-0.3,0.87,54.01,-0.19,-2.23,2,3,PLD,MA Cross
-10.02,13,23.1,3,10,21.52,7.46,47.11,-18.13,-0.13,2.89,65.73,-1.02,-0.77,1,7,PM,MA Cross
54.81,5,40.0,2,3,50.88,15.65,56.07,-35.97,1.17,3.25,35.97,5.82,10.96,1,1,PNC,MA Cross
-39.52,9,44.4,4,5,7.54,13.93,12.51,-29.9,-0.57,0.54,69.67,-4.27,-4.39,3,5,PNW,MA Cross
27.7,7,57.1,4,3,13.38,8.6,30.84,-13.16,1.07,1.56,18.56,4.94,3.96,2,2,PNR,MA Cross
284.46,6,66.7,4,2,73.68,5.12,147.35,-6.3,27.75,14.38,6.3,11.51,47.41,4,2,PODD,MA Cross
161.47,6,50.0,3,3,89.56,35.74,196.79,-59.39,1.51,2.51,107.22,8.56,26.91,3,3,POOL,MA Cross
-45.92,8,37.5,3,5,10.86,15.7,22.93,-21.4,-0.58,0.69,37.68,-6.32,-5.74,2,2,PPG,MA Cross
-22.43,10,30.0,3,7,24.45,13.68,33.84,-24.96,-0.23,1.79,40.02,0.01,-2.24,1,3,PRU,MA Cross
-13.58,10,30.0,3,7,3.01,3.23,7.87,-7.52,-0.6,0.93,20.61,-4.65,-1.36,1,4,PPL,MA Cross
31.69,6,33.3,2,4,47.56,15.86,86.86,-18.92,0.5,3.0,27.02,2.49,5.28,1,3,PSA,MA Cross
-7.31,8,25.0,2,6,14.07,5.91,18.41,-14.52,-0.21,2.38,24.39,-2.37,-0.91,1,4,PSX,MA Cross
54.18,7,42.9,3,4,48.11,22.54,52.79,-27.28,0.6,2.13,53.7,6.92,7.74,2,2,PTC,MA Cross
96.3,4,75.0,3,1,37.05,14.85,85.5,-14.85,6.48,2.49,14.85,11.2,24.08,2,1,PYPL,MA Cross
193.72,6,66.7,4,2,52.57,8.28,142.43,-14.46,11.71,6.35,14.46,7.65,32.29,2,1,PWR,MA Cross
116.07,8,37.5,3,5,96.94,34.95,233.41,-79.32,0.66,2.77,107.76,5.24,14.51,1,3,RCL,MA Cross
-66.14,11,27.3,3,8,25.46,17.81,37.52,-45.7,-0.46,1.43,89.97,-3.46,-6.01,1,4,QCOM,MA Cross
-1.0,9,33.3,3,6,10.14,5.24,19.72,-9.78,-0.03,1.94,17.74,1.11,-0.11,1,3,REG,MA Cross
-102.87,8,37.5,3,5,50.98,51.16,126.68,-83.51,-0.4,1.0,111.55,-2.01,-12.86,3,3,REGN,MA Cross
0.84,8,62.5,5,3,2.41,3.74,6.11,-6.07,0.07,0.64,7.08,2.43,0.11,2,2,RF,MA Cross
4.46,10,40.0,4,6,18.28,11.45,32.3,-18.43,0.06,1.6,27.87,2.44,0.45,2,3,RJF,MA Cross
172.65,10,60.0,6,4,35.7,10.38,87.67,-17.24,4.16,3.44,21.92,9.93,17.26,3,2,RMD,MA Cross
-71.91,10,30.0,3,7,12.11,15.46,17.04,-49.23,-0.66,0.78,74.79,-5.27,-7.19,1,4,RL,MA Cross
14.31,10,60.0,6,4,5.08,4.04,13.98,-5.95,0.88,1.26,14.56,5.23,1.43,2,2,ROL,MA Cross
-28.75,7,42.9,3,4,34.75,33.25,56.02,-71.08,-0.22,1.05,84.77,1.25,-4.11,2,3,ROK,MA Cross
3.01,9,33.3,3,6,62.42,30.71,90.52,-69.34,0.02,2.03,94.5,2.45,0.33,2,3,ROP,MA Cross
49.54,6,83.3,5,1,16.16,31.25,26.85,-31.25,1.59,0.52,31.25,7.86,8.26,3,1,ROST,MA Cross
77.35,7,57.1,4,3,30.59,15.0,94.98,-37.98,1.72,2.04,42.98,4.85,11.05,2,2,RTX,MA Cross
33.27,9,44.4,4,5,22.96,11.71,32.57,-29.32,0.57,1.96,37.12,3.1,3.7,2,2,RVTY,MA Cross
119.91,4,75.0,3,1,42.39,7.27,83.2,-7.27,16.49,5.83,7.27,17.34,29.98,2,1,RSG,MA Cross
-74.51,9,33.3,3,6,51.57,38.21,104.78,-55.49,-0.33,1.35,218.01,0.28,-8.28,3,5,SBAC,MA Cross
-26.39,2,0.0,0,2,0.0,13.2,-6.4,-19.99,-1.0,0.0,19.99,-33.17,-13.2,0,2,SOLV,MA Cross
31.28,6,50.0,3,3,18.27,7.85,24.52,-10.93,1.33,2.33,10.93,5.62,5.21,3,2,SBUX,MA Cross
5.88,7,42.9,3,4,21.05,14.32,24.86,-22.62,0.1,1.47,28.45,2.39,0.84,1,2,SCHW,MA Cross
-66.88,11,18.2,2,9,6.14,8.8,9.85,-18.64,-0.84,0.7,48.24,-13.23,-6.08,1,5,SJM,MA Cross
127.91,9,44.4,4,5,52.85,16.7,99.46,-31.55,1.53,3.17,45.03,7.46,14.21,2,2,SHW,MA Cross
-26.89,7,14.3,1,6,14.2,6.85,14.2,-11.74,-0.65,2.07,26.98,-1.07,-3.84,1,4,SLB,MA Cross
24.22,8,25.0,2,6,19.92,2.6,39.6,-12.81,1.55,7.65,12.81,5.45,3.03,2,5,SMCI,MA Cross
-1.64,11,27.3,3,8,50.13,19.0,72.86,-38.49,-0.01,2.64,106.62,-0.51,-0.15,1,6,SNA,MA Cross
46.11,8,50.0,4,4,91.32,79.79,155.49,-122.15,0.14,1.14,233.0,8.19,5.76,3,2,SNPS,MA Cross
3.19,7,42.9,3,4,20.78,14.79,42.88,-23.69,0.05,1.41,22.17,2.8,0.46,2,2,SPG,MA Cross
-13.98,12,25.0,3,9,8.95,4.54,11.76,-12.32,-0.34,1.97,18.52,-1.16,-1.16,1,4,SO,MA Cross
79.49,9,66.7,6,3,36.74,46.99,79.06,-89.24,0.56,0.78,122.96,8.24,8.83,5,2,SPGI,MA Cross
-15.74,11,18.2,2,9,7.86,3.5,8.46,-8.05,-0.5,2.25,19.48,-5.71,-1.43,1,6,SRE,MA Cross
60.72,11,45.5,5,6,22.86,8.93,66.92,-23.5,1.13,2.56,39.59,4.4,5.52,4,4,STE,MA Cross
39.88,9,55.6,5,4,15.16,8.98,29.56,-13.92,1.11,1.69,21.34,7.18,4.43,3,2,STLD,MA Cross
13.25,6,50.0,3,3,15.58,11.16,26.53,-17.15,0.4,1.4,21.73,2.68,2.21,1,2,STT,MA Cross
51.77,6,66.7,4,2,15.96,6.04,28.27,-6.94,4.28,2.64,6.94,11.37,8.63,2,1,STX,MA Cross
-7.31,8,37.5,3,5,27.21,17.79,42.4,-34.86,-0.08,1.53,68.47,1.01,-0.91,2,4,STZ,MA Cross
-31.37,10,30.0,3,7,8.78,8.24,14.51,-16.76,-0.54,1.06,44.64,-3.9,-3.14,1,4,SW,MA Cross
-56.39,9,33.3,3,6,25.25,22.02,41.65,-64.55,-0.43,1.15,86.13,-3.96,-6.27,1,3,SWK,MA Cross
-33.99,10,40.0,4,6,19.16,18.44,40.92,-22.23,-0.31,1.04,70.38,-1.98,-3.4,3,4,SWKS,MA Cross
-0.9,9,33.3,3,6,9.87,5.08,18.18,-6.93,-0.03,1.94,11.66,0.83,-0.1,1,2,SYF,MA Cross
188.43,6,66.7,4,2,57.09,19.96,90.09,-36.42,4.72,2.86,36.42,11.52,31.4,3,1,SYK,MA Cross
-74.22,10,20.0,2,8,6.26,10.84,6.44,-26.3,-0.86,0.58,80.66,-10.54,-7.42,1,7,SYY,MA Cross
-9.66,9,33.3,3,6,3.2,3.21,8.09,-4.55,-0.5,1.0,14.76,-2.37,-1.07,1,4,T,MA Cross
492.82,10,40.0,4,6,208.85,57.09,640.83,-125.45,1.44,3.66,165.74,3.98,49.28,2,2,TDG,MA Cross
-46.74,7,14.3,1,6,2.06,8.13,2.06,-14.47,-0.96,0.25,32.27,-18.73,-6.68,1,3,TAP,MA Cross
197.36,7,71.4,5,2,65.8,65.82,114.58,-82.52,1.5,1.0,122.09,8.27,28.19,3,1,TDY,MA Cross
-5.88,8,50.0,4,4,9.46,10.93,28.65,-14.75,-0.13,0.87,31.71,0.76,-0.74,3,3,TECH,MA Cross
76.34,9,44.4,4,5,35.31,12.98,62.63,-22.14,1.18,2.72,22.14,5.64,8.48,1,1,TEL,MA Cross
36.18,8,50.0,4,4,21.08,12.04,44.77,-44.39,0.75,1.75,46.5,8.35,4.52,3,2,TER,MA Cross
-11.99,9,44.4,4,5,5.33,6.66,10.29,-14.89,-0.36,0.8,21.64,-1.8,-1.33,2,3,TFC,MA Cross
93.84,8,50.0,4,4,31.98,8.52,104.82,-14.83,2.75,3.75,12.36,5.2,11.73,3,2,TGT,MA Cross
79.2,7,42.9,3,4,33.25,5.14,74.89,-12.04,3.85,6.47,12.04,7.11,11.31,1,2,TJX,MA Cross
153.76,6,83.3,5,1,33.28,12.65,89.17,-12.65,12.15,2.63,12.65,10.47,25.63,3,1,TKO,MA Cross
253.63,5,40.0,2,3,206.44,53.08,403.22,-65.68,1.59,3.89,159.24,7.11,50.73,2,3,TMO,MA Cross
125.24,7,42.9,3,4,50.4,6.49,80.54,-16.66,4.82,7.76,17.99,11.22,17.89,1,2,TMUS,MA Cross
59.26,9,44.4,4,5,74.64,47.86,165.63,-134.52,0.25,1.56,134.52,5.96,6.58,2,2,TPL,MA Cross
67.2,9,44.4,4,5,23.15,5.08,72.9,-10.55,2.65,4.56,20.52,5.64,7.47,2,4,TPR,MA Cross
120.56,7,42.9,3,4,46.3,4.58,90.47,-9.14,6.58,10.1,16.96,8.63,17.22,1,3,TRGP,MA Cross
-0.25,10,40.0,4,6,11.44,7.67,29.88,-16.1,-0.01,1.49,27.88,1.14,-0.03,2,3,TRMB,MA Cross
21.02,10,30.0,3,7,28.67,9.28,48.03,-17.93,0.32,3.09,45.6,2.08,2.1,2,4,TROW,MA Cross
28.82,5,40.0,2,3,23.85,6.29,37.2,-9.76,1.53,3.79,9.76,6.11,5.76,1,1,TRV,MA Cross
12.65,8,37.5,3,5,8.7,2.69,13.23,-7.03,0.94,3.23,7.03,5.09,1.58,2,3,TSCO,MA Cross
14.13,6,66.7,4,2,5.4,3.74,13.56,-6.21,1.89,1.44,7.49,5.93,2.36,4,2,TSN,MA Cross
70.81,11,36.4,4,7,58.01,23.03,197.84,-76.0,0.44,2.52,123.21,4.73,6.44,2,2,TSLA,MA Cross
210.64,7,71.4,5,2,55.28,32.88,189.46,-56.32,3.2,1.68,56.32,10.7,30.09,4,1,TT,MA Cross
15.61,8,50.0,4,4,13.01,9.11,22.33,-20.51,0.43,1.43,20.51,7.16,1.95,2,1,TTD,MA Cross
64.98,7,71.4,5,2,19.1,15.26,40.1,-17.23,2.13,1.25,13.29,6.95,9.28,4,1,TTWO,MA Cross
53.51,8,50.0,4,4,32.78,19.4,44.19,-47.47,0.69,1.69,47.47,6.05,6.69,2,1,TXN,MA Cross
48.86,5,60.0,3,2,25.25,13.45,45.68,-14.98,1.82,1.88,14.98,7.76,9.77,2,1,UBER,MA Cross
46.81,6,50.0,3,3,19.64,4.04,32.73,-9.43,3.86,4.86,9.43,9.51,7.8,2,1,TXT,MA Cross
396.97,4,75.0,3,1,139.86,22.61,212.56,-22.61,17.56,6.19,0.0,13.75,99.24,3,1,TYL,MA Cross
-38.26,11,27.3,3,8,13.19,9.73,17.52,-20.2,-0.49,1.36,43.86,-4.58,-3.48,2,5,UAL,MA Cross
1.17,7,42.9,3,4,5.31,3.69,10.17,-5.71,0.08,1.44,5.71,1.1,0.17,1,1,UDR,MA Cross
-5.69,1,0.0,0,1,0.0,5.69,-5.69,-5.69,-1.0,0.0,0.0,0.0,-5.69,0,1,VLTO,MA Cross
-62.22,9,33.3,3,6,16.19,18.47,26.99,-38.28,-0.56,0.88,53.23,-4.66,-6.91,1,2,UHS,MA Cross
86.66,6,50.0,3,3,94.46,65.57,146.73,-90.93,0.44,1.44,178.56,4.35,14.44,2,2,ULTA,MA Cross
331.04,5,80.0,4,1,90.41,30.59,205.38,-30.59,10.82,2.96,30.59,12.36,66.21,3,1,UNH,MA Cross
-44.29,10,30.0,3,7,25.16,17.11,31.34,-50.2,-0.37,1.47,88.43,0.48,-4.43,2,5,UNP,MA Cross
-20.67,10,30.0,3,7,20.36,11.68,57.11,-21.16,-0.25,1.74,52.26,-1.46,-2.07,1,4,UPS,MA Cross
-3.01,6,33.3,2,4,4.22,2.86,6.1,-5.42,-0.26,1.47,6.03,-1.72,-0.5,2,3,VICI,MA Cross
338.22,8,62.5,5,3,106.33,64.48,247.33,-96.86,1.75,1.65,96.86,7.63,42.28,3,2,URI,MA Cross
220.55,6,100.0,6,0,36.76,0.0,72.08,0.02,220.55,0.0,0.0,18.44,36.76,6,0,V,MA Cross
-10.36,9,44.4,4,5,5.57,6.53,14.06,-13.52,-0.32,0.85,17.43,-1.34,-1.15,2,3,USB,MA Cross
31.51,5,60.0,3,2,22.29,17.68,34.32,-35.21,0.89,1.26,35.21,6.61,6.3,2,1,VLO,MA Cross
86.89,6,33.3,2,4,53.55,5.05,105.21,-12.87,4.3,10.6,12.87,6.51,14.48,2,3,VST,MA Cross
88.45,9,55.6,5,4,36.09,23.0,74.38,-47.6,0.96,1.57,47.6,5.35,9.83,3,3,VMC,MA Cross
78.59,9,55.6,5,4,23.23,9.39,64.7,-15.99,2.09,2.47,28.18,5.73,8.73,2,2,VRSK,MA Cross
109.05,7,42.9,3,4,60.46,18.08,105.41,-40.03,1.51,3.34,72.34,6.51,15.58,2,4,VRSN,MA Cross
119.17,8,37.5,3,5,85.23,27.31,181.07,-62.89,0.87,3.12,100.21,5.87,14.9,2,2,VRTX,MA Cross
1.18,9,44.4,4,5,7.55,5.8,17.87,-11.78,0.04,1.3,26.86,1.26,0.13,2,4,VTR,MA Cross
-22.8,10,20.0,2,8,0.32,2.93,0.44,-6.38,-0.97,0.11,23.24,-20.98,-2.28,1,7,VTRS,MA Cross
-15.74,7,28.6,2,5,2.46,4.13,4.68,-8.73,-0.76,0.6,16.4,-9.16,-2.25,1,2,VZ,MA Cross
32.69,8,50.0,4,4,26.0,17.83,67.08,-37.42,0.46,1.46,51.35,2.34,4.09,2,1,WAB,MA Cross
-116.0,12,33.3,4,8,47.9,38.45,134.46,-91.67,-0.38,1.25,214.02,-0.42,-9.67,2,3,WAT,MA Cross
-9.5,11,27.3,3,8,7.17,3.88,14.85,-9.92,-0.31,1.85,24.08,1.38,-0.86,1,4,WBD,MA Cross
57.64,7,42.9,3,4,58.2,29.24,84.86,-59.9,0.49,1.99,67.65,5.63,8.23,2,2,WDAY,MA Cross
24.53,5,60.0,3,2,15.85,11.5,21.84,-12.37,1.07,1.38,23.01,7.92,4.91,2,2,WDC,MA Cross
24.91,4,50.0,2,2,17.48,5.03,21.09,-5.51,2.48,3.48,4.55,8.87,6.23,2,2,WELL,MA Cross
-6.83,9,33.3,3,6,11.98,7.13,18.38,-11.32,-0.16,1.68,33.08,0.8,-0.76,2,5,WEC,MA Cross
7.9,9,33.3,3,6,13.15,5.26,16.21,-9.53,0.25,2.5,17.87,2.45,0.88,2,4,WFC,MA Cross
44.26,9,44.4,4,5,34.52,18.76,49.14,-25.05,0.47,1.84,51.76,5.86,4.92,2,3,WM,MA Cross
-7.17,6,33.3,2,4,5.78,4.69,9.02,-6.15,-0.38,1.23,17.52,-1.05,-1.2,1,3,WMB,MA Cross
58.99,7,71.4,5,2,14.94,7.86,60.14,-12.75,3.75,1.9,15.72,7.33,8.43,4,2,WMT,MA Cross
37.45,5,80.0,4,1,10.27,3.64,25.58,-3.64,10.29,2.82,3.64,12.54,7.49,2,1,WRB,MA Cross
72.93,8,25.0,2,6,63.99,9.17,93.22,-17.81,1.32,6.97,21.39,3.98,9.12,1,4,WSM,MA Cross
112.74,7,57.1,4,3,82.21,72.03,266.49,-108.81,0.52,1.14,216.1,5.93,16.11,4,3,WST,MA Cross
0.21,9,44.4,4,5,24.92,19.89,55.7,-38.0,0.0,1.25,59.9,2.1,0.02,3,3,WTW,MA Cross
-26.97,12,33.3,4,8,1.68,4.21,5.19,-9.74,-0.8,0.4,28.48,-9.16,-2.25,3,7,WY,MA Cross
-33.02,1,0.0,0,1,0.0,33.02,-33.02,-33.02,-1.0,0.0,0.0,0.0,-33.02,0,1,ARM,MA Cross
437.02,1,100.0,1,0,437.02,0.0,437.02,437.02,437.02,0.0,0.0,0.0,437.02,1,0,APP,MA Cross
-107.07,9,22.2,2,7,27.31,23.1,44.49,-97.21,-0.66,1.18,148.7,-4.51,-11.9,1,3,WYNN,MA Cross
28.89,10,20.0,2,8,83.14,17.17,120.9,-31.92,0.21,4.84,85.46,4.35,2.89,1,5,XYZ,MA Cross
6.99,6,33.3,2,4,14.08,5.29,14.49,-9.74,0.33,2.66,20.58,3.43,1.16,1,3,XEL,MA Cross
36.88,11,45.5,5,6,16.26,7.4,29.81,-18.53,0.83,2.2,39.16,5.31,3.35,2,4,XYL,MA Cross
8.16,7,28.6,2,5,29.08,10.0,57.72,-12.82,0.16,2.91,25.24,3.39,1.17,1,3,XOM,MA Cross
23.7,8,50.0,4,4,13.35,7.42,20.0,-10.54,0.8,1.8,27.12,6.93,2.96,3,3,YUM,MA Cross
-104.56,9,11.1,1,8,3.34,13.49,3.34,-28.98,-0.97,0.25,94.65,-21.67,-11.62,1,5,ZBH,MA Cross
178.71,6,50.0,3,3,98.68,39.11,167.86,-52.45,1.52,2.52,103.98,7.96,29.78,2,2,ZBRA,MA Cross
34.16,8,50.0,4,4,25.51,16.96,37.1,-44.68,0.5,1.5,66.27,6.3,4.27,4,3,ZTS,MA Cross
6.74,3,66.7,2,1,7.79,8.84,9.23,-8.84,0.76,0.88,8.84,6.92,2.25,1,1,GFS,MA Cross
614.46,4,100.0,4,0,153.61,0.0,454.43,23.16,614.46,0.0,0.0,14.14,153.61,4,0,ASML,MA Cross
76.84,5,40.0,2,3,55.64,11.48,92.95,-16.58,2.23,4.85,34.45,8.09,15.37,2,3,PDD,MA Cross
-6.97,10,50.0,5,5,11.79,13.18,32.49,-23.28,-0.11,0.89,38.2,-0.7,-0.7,1,1,AZN,MA Cross
23.18,7,71.4,5,2,8.63,9.98,24.23,-15.42,1.16,0.86,4.55,5.3,3.31,5,1,CCEP,MA Cross
1355.6,7,57.1,4,3,507.7,225.07,1225.59,-509.28,2.01,2.26,509.28,11.15,193.66,1,1,MELI,MA Cross
192.98,3,100.0,3,0,64.33,0.0,133.9,26.2,192.98,0.0,0.0,14.73,64.33,3,0,ZS,MA Cross
42.77,5,60.0,3,2,18.27,6.02,32.6,-11.88,3.56,3.04,11.88,12.74,8.55,2,1,MRVL,MA Cross
325.0,7,28.6,2,5,167.18,1.87,303.11,-4.29,34.72,89.31,8.11,7.26,46.43,2,5,MSTR,MA Cross
147.73,5,100.0,5,0,29.55,0.0,70.85,11.8,147.73,0.0,0.0,15.67,29.55,5,0,SHOP,MA Cross
249.48,4,75.0,3,1,92.84,29.03,157.0,-29.03,8.59,3.2,29.03,12.83,62.37,3,1,TEAM,MA Cross
51.5,6,83.3,5,1,14.83,22.64,28.52,-22.64,2.27,0.65,22.64,10.85,8.58,5,1,TRI,MA Cross
