ticker,total_trades,winning_trades,losing_trades,win_rate,total_profit,avg_win,avg_loss,best_trade,worst_trade,avg_trade,profit_factor
ABNB,17,12,5,70.6,5.14,5.03,11.04,10.54,-25.54,0.3,0.09
A,32,20,12,62.5,-4.8,3.53,6.28,8.25,-14.75,-0.15,-0.06
ABT,34,22,12,64.7,-20.25,1.6,4.62,6.43,-9.91,-0.6,-0.37
ABBV,34,23,11,67.6,22.62,3.47,5.2,11.16,-23.16,0.67,0.4
AAPL,38,24,13,63.2,21.04,4.44,6.57,18.87,-20.87,0.55,0.25
ACGL,32,23,9,71.9,-1.0,1.22,3.24,5.36,-10.03,-0.03,-0.03
ACN,34,28,6,82.4,120.12,5.77,6.92,21.16,-16.42,3.53,2.89
ADBE,34,22,12,64.7,55.89,9.32,12.43,50.01,-32.42,1.64,0.37
ADI,42,29,13,69.0,-31.81,4.32,12.08,21.44,-60.51,-0.76,-0.2
ADM,30,22,8,73.3,9.77,1.38,2.56,4.99,-4.51,0.33,0.48
ADP,31,18,13,58.1,-40.75,4.21,8.97,16.48,-24.13,-1.31,-0.35
ADSK,37,23,14,62.2,-13.74,7.2,12.81,24.23,-38.28,-0.37,-0.08
AEE,35,24,11,68.6,-2.96,1.44,3.42,3.78,-14.67,-0.08,-0.08
AEP,32,20,12,62.5,-10.83,1.73,3.79,3.7,-12.91,-0.34,-0.24
AES,29,21,7,72.4,7.78,0.62,0.76,2.05,-1.61,0.27,1.47
AFL,36,27,8,75.0,15.52,1.39,2.76,4.32,-6.67,0.43,0.7
AIG,35,23,12,65.7,-1.71,1.47,2.96,3.96,-6.3,-0.05,-0.05
AIZ,31,24,7,77.4,34.16,3.34,6.56,8.9,-27.68,1.1,0.74
AKAM,35,24,11,68.6,6.91,2.46,4.74,8.25,-17.73,0.2,0.13
ALB,45,29,16,64.4,-4.47,5.8,10.79,34.42,-39.98,-0.1,-0.03
AJG,26,21,5,80.8,68.77,4.29,4.25,35.39,-17.34,2.65,3.23
ALGN,32,20,12,62.5,-110.79,12.5,30.06,86.49,-87.73,-3.46,-0.31
ALL,39,26,13,66.7,-40.49,2.77,8.65,8.34,-18.9,-1.04,-0.36
ALLE,28,19,9,67.9,47.88,4.25,3.65,17.57,-9.18,1.71,1.46
AMAT,36,32,4,88.9,117.59,4.37,5.56,23.02,-19.65,3.27,5.29
AME,33,25,8,75.8,33.27,2.54,3.77,8.22,-6.83,1.01,1.1
AMD,31,21,9,67.7,56.38,5.58,6.77,24.77,-25.28,1.82,0.93
AMCR,66,21,17,31.8,-5.47,1.26,1.88,5.05,-5.9,-0.08,-0.17
AMP,38,29,9,76.3,157.04,8.58,10.19,36.43,-24.71,4.13,1.71
AMGN,34,24,10,70.6,41.34,4.18,5.91,16.42,-17.04,1.22,0.7
AON,33,28,5,84.8,70.27,4.86,13.18,20.61,-46.55,2.13,1.07
AMT,29,19,10,65.5,9.01,5.42,9.39,21.39,-33.83,0.31,0.1
AMZN,40,27,13,67.5,21.4,4.31,7.31,17.13,-23.16,0.53,0.23
ANET,37,27,9,73.0,55.57,2.99,2.78,16.26,-6.89,1.5,2.22
APA,41,30,11,73.2,7.31,1.24,2.71,4.77,-5.78,0.18,0.24
AOS,44,27,17,61.4,-9.95,1.44,2.88,5.9,-5.95,-0.23,-0.2
APD,38,21,17,55.3,-148.19,3.9,13.53,16.06,-38.74,-3.9,-0.64
APO,33,21,12,63.6,2.26,2.62,4.4,8.07,-24.95,0.07,0.04
APH,39,26,11,66.7,10.26,0.67,0.66,3.76,-3.32,0.26,1.41
ARE,35,17,18,48.6,-28.76,3.37,4.78,12.98,-15.14,-0.82,-0.33
ATO,32,20,12,62.5,-8.62,2.07,4.16,5.05,-18.22,-0.27,-0.17
APTV,40,23,16,57.5,-47.5,3.77,8.39,12.67,-16.88,-1.19,-0.35
AWK,28,21,7,75.0,-0.24,2.65,8.0,6.26,-22.34,-0.01,-0.0
AVGO,38,30,8,78.9,93.34,3.98,3.27,37.58,-17.78,2.46,3.57
AVY,31,18,13,58.1,-37.48,4.44,9.03,12.57,-20.42,-1.21,-0.32
AXON,34,24,10,70.6,86.51,13.38,23.47,143.66,-109.47,2.54,0.37
AXP,37,26,11,70.3,97.24,5.78,4.81,17.12,-19.42,2.63,1.84
AZO,38,26,12,68.4,463.29,52.76,75.71,277.46,-262.36,12.19,0.51
BA,37,24,13,64.9,-15.9,6.92,14.01,23.04,-37.93,-0.43,-0.09
BAC,36,26,10,72.2,9.33,0.76,1.04,2.08,-2.59,0.26,0.9
BALL,32,22,10,68.8,-10.06,1.63,4.59,4.3,-12.97,-0.31,-0.22
BAX,25,20,5,80.0,1.36,1.14,4.3,3.46,-12.66,0.05,0.06
BBY,38,21,17,55.3,-81.15,2.01,7.26,4.77,-14.82,-2.14,-0.66
BDX,35,24,11,68.6,-20.35,3.22,8.87,10.42,-14.01,-0.58,-0.21
BG,32,19,13,59.4,10.22,2.89,3.44,7.81,-12.51,0.32,0.23
BEN,27,18,9,66.7,9.31,1.12,1.21,3.66,-3.07,0.34,0.86
BIIB,30,17,13,56.7,-173.22,9.31,25.5,22.25,-102.99,-5.77,-0.52
BLDR,32,22,10,68.8,2.83,3.93,8.35,18.55,-38.26,0.09,0.03
BKNG,40,26,14,65.0,13.51,2.7,4.05,8.0,-8.74,0.34,0.24
BKR,34,20,14,58.8,-17.22,1.43,3.27,8.23,-20.43,-0.51,-0.38
BLK,33,25,8,75.8,284.0,17.19,18.21,58.34,-56.05,8.61,1.95
CARR,19,10,9,52.6,-4.66,2.25,3.02,6.44,-5.2,-0.25,-0.17
BR,30,24,6,80.0,53.06,3.08,3.49,9.23,-8.56,1.77,2.53
BMY,30,21,9,70.0,6.13,1.71,3.32,4.87,-6.88,0.2,0.21
BRO,31,18,13,58.1,-37.38,0.98,4.23,3.82,-9.46,-1.21,-0.68
BXP,26,14,12,53.8,-14.47,3.49,5.28,14.63,-16.83,-0.56,-0.23
C,39,28,11,71.8,19.44,1.71,2.58,5.53,-9.66,0.5,0.68
BSX,24,16,8,66.7,-11.11,0.75,2.9,1.86,-7.32,-0.46,-0.48
BX,39,24,15,61.5,10.34,2.52,3.34,7.69,-15.18,0.27,0.21
CAG,29,22,7,75.9,12.56,0.9,1.04,1.9,-1.92,0.43,1.73
CAH,37,26,11,70.3,55.86,3.58,3.37,32.88,-6.95,1.51,1.51
CAT,37,25,12,67.6,82.07,7.49,8.77,25.87,-36.1,2.22,0.78
CB,33,23,10,69.7,43.99,4.63,6.26,14.77,-19.45,1.33,0.7
CEG,13,11,2,84.6,162.63,18.3,19.36,59.0,-35.87,12.51,4.2
CBOE,21,15,6,71.4,-1.4,2.7,6.98,5.28,-12.7,-0.07,-0.03
CBRE,33,22,11,66.7,33.37,2.55,2.08,7.83,-6.62,1.01,1.46
CCI,36,25,11,69.4,-20.25,2.75,8.09,8.03,-27.74,-0.56,-0.23
CCL,40,30,10,75.0,20.69,1.34,1.96,2.84,-6.64,0.52,1.06
CDNS,41,26,15,63.4,-110.57,4.74,15.58,17.98,-40.88,-2.7,-0.47
CDW,37,29,8,78.4,26.7,3.16,8.11,11.34,-15.25,0.72,0.41
CFG,28,22,6,78.6,22.67,1.31,1.04,3.49,-3.98,0.81,3.63
CF,37,25,12,67.6,-8.46,2.47,5.84,10.23,-16.68,-0.23,-0.12
CHD,32,24,8,75.0,13.32,2.03,4.42,5.11,-11.55,0.42,0.38
CHRW,31,21,10,67.7,-0.78,1.99,4.26,4.95,-14.72,-0.03,-0.02
CHTR,31,19,12,61.3,-128.65,11.04,28.2,26.18,-64.56,-4.15,-0.38
CI,35,15,20,42.9,-175.05,8.55,15.17,36.32,-63.9,-5.0,-0.58
CINF,30,24,6,80.0,17.27,2.72,8.0,7.4,-23.87,0.58,0.36
CLX,31,19,12,61.3,-0.36,4.2,6.69,13.46,-16.06,-0.01,-0.0
CL,34,22,12,64.7,2.62,1.88,3.22,4.48,-11.48,0.08,0.07
CMCSA,26,20,5,76.9,16.86,1.15,1.23,4.74,-2.48,0.65,2.73
COIN,17,13,4,76.5,125.9,16.62,22.53,69.93,-40.47,7.41,1.4
CME,34,25,9,73.5,5.14,4.07,10.74,12.27,-51.32,0.15,0.05
CMG,43,30,13,69.8,9.39,0.86,1.26,6.0,-5.73,0.22,0.57
CMI,31,20,11,64.5,-27.36,7.69,16.47,15.79,-78.35,-0.88,-0.15
CNC,29,20,9,69.0,-8.25,1.82,4.95,4.55,-13.61,-0.28,-0.19
CMS,31,19,12,61.3,-4.0,1.13,2.13,2.88,-9.46,-0.13,-0.16
CNP,32,20,11,62.5,-2.36,0.53,1.18,1.63,-2.66,-0.07,-0.18
COF,39,25,14,64.1,56.9,4.14,3.33,11.74,-9.76,1.46,1.22
COP,41,27,14,65.9,18.33,3.21,4.89,10.74,-13.35,0.45,0.27
CRWD,22,17,4,77.3,13.03,2.57,7.66,8.02,-11.87,0.59,0.42
COO,27,20,7,74.1,12.35,2.0,3.94,5.01,-8.26,0.46,0.45
COST,30,26,4,86.7,203.02,9.7,12.31,43.39,-20.71,6.77,4.12
CPRT,33,26,7,78.8,12.03,0.64,0.67,4.06,-2.05,0.36,2.55
CPB,33,22,11,66.7,-0.49,1.15,2.34,2.76,-4.8,-0.01,-0.02
CPAY,38,26,12,68.4,-12.79,4.83,11.54,16.13,-32.8,-0.34,-0.09
CRL,35,25,9,71.4,54.54,7.15,13.81,24.57,-24.59,1.56,0.44
COR,36,24,12,66.7,29.8,3.94,5.4,14.31,-19.95,0.83,0.46
CPT,30,20,10,66.7,-23.42,1.66,5.67,6.89,-12.65,-0.78,-0.41
CRM,33,24,9,72.7,43.25,6.47,12.44,20.05,-28.14,1.31,0.39
CSCO,40,24,14,60.0,4.88,1.64,2.47,3.63,-4.54,0.12,0.14
CTVA,21,16,5,76.2,3.98,1.35,3.53,3.81,-7.72,0.19,0.23
DASH,12,8,4,66.7,32.94,8.58,8.93,16.48,-25.96,2.74,0.92
CSX,35,26,9,74.3,8.87,0.64,0.87,2.39,-2.03,0.25,1.14
CSGP,33,20,13,60.6,-11.76,2.37,4.54,8.15,-14.53,-0.36,-0.2
CTSH,35,23,12,65.7,27.53,2.31,2.13,8.2,-4.84,0.79,1.07
CTAS,38,30,8,78.9,23.71,1.99,4.5,10.54,-15.1,0.62,0.66
CVS,44,27,17,61.4,-29.89,2.07,5.04,4.59,-11.44,-0.68,-0.35
CVX,31,22,9,71.0,46.24,4.14,4.97,14.52,-14.85,1.49,1.03
CZR,35,25,10,71.4,16.71,2.08,3.52,9.7,-8.34,0.48,0.47
DAL,38,30,8,78.9,10.82,1.23,3.24,5.4,-6.32,0.28,0.42
D,37,19,18,51.4,-27.58,1.29,2.89,5.91,-17.72,-0.75,-0.53
DDOG,18,12,6,66.7,15.53,6.45,10.31,11.79,-20.88,0.86,0.25
DD,31,20,11,64.5,-9.0,1.89,4.25,5.59,-9.43,-0.29,-0.19
DELL,28,22,6,78.6,4.34,0.75,2.03,2.0,-4.33,0.16,0.36
DE,42,26,15,61.9,29.26,11.14,17.35,50.9,-52.17,0.7,0.11
DECK,33,27,6,81.8,29.78,1.83,3.25,8.89,-7.98,0.9,1.53
DG,32,23,9,71.9,12.15,4.44,9.99,15.06,-24.28,0.38,0.14
DGX,35,27,8,77.1,10.0,2.73,7.98,6.31,-15.75,0.29,0.16
DHI,35,26,9,74.3,38.51,3.72,6.48,12.53,-16.2,1.1,0.66
DIS,31,22,9,71.0,-18.82,2.59,8.42,8.7,-14.76,-0.61,-0.25
DHR,37,17,20,45.9,-69.51,5.67,8.29,16.73,-22.48,-1.88,-0.42
DLR,36,21,15,58.3,-32.26,3.93,7.65,13.15,-27.08,-0.9,-0.28
DLTR,23,16,7,69.6,22.7,3.03,3.68,7.21,-9.63,0.99,0.88
DOC,29,19,10,65.5,-3.7,0.58,1.48,1.94,-4.9,-0.13,-0.25
DOW,24,13,11,54.2,-6.51,1.42,2.27,2.36,-4.77,-0.27,-0.26
DOV,36,32,4,88.9,91.41,3.32,3.71,9.53,-9.78,2.54,6.16
DRI,34,25,9,73.5,38.35,4.13,7.21,18.43,-13.93,1.13,0.59
DPZ,34,20,14,58.8,10.51,9.48,12.79,81.56,-45.47,0.31,0.06
DTE,30,21,9,70.0,9.02,1.74,3.05,4.59,-11.09,0.3,0.33
DUK,33,22,11,66.7,-23.63,1.35,4.86,4.34,-21.17,-0.72,-0.44
DVA,36,19,16,52.8,-17.23,3.01,4.66,9.42,-18.9,-0.48,-0.23
DVN,40,27,13,67.5,26.66,1.9,1.89,6.71,-3.91,0.67,1.09
DXCM,29,25,4,86.2,62.8,3.1,3.67,11.42,-8.07,2.17,4.28
EBAY,34,26,8,76.5,17.25,1.65,3.21,4.4,-8.11,0.51,0.67
ECL,37,22,15,59.5,-81.9,3.29,10.29,11.85,-39.28,-2.21,-0.53
ED,32,21,11,65.6,-2.18,1.93,3.89,4.84,-15.42,-0.07,-0.05
EFX,33,25,8,75.8,69.08,6.49,11.65,18.22,-27.4,2.09,0.74
EG,33,22,11,66.7,1.9,7.06,13.95,24.82,-34.49,0.06,0.01
EIX,32,22,10,68.8,9.8,1.71,2.79,4.77,-6.26,0.31,0.35
EL,37,28,9,75.7,118.81,6.81,7.99,44.92,-25.5,3.21,1.65
ELV,38,21,17,55.3,-146.57,9.7,20.6,35.57,-72.38,-3.86,-0.42
EMN,39,20,19,51.3,-7.2,2.99,3.52,7.66,-10.1,-0.18,-0.11
EMR,39,28,11,71.8,17.91,2.5,4.75,7.59,-11.46,0.46,0.34
ENPH,33,23,10,69.7,-34.01,7.36,20.34,55.35,-54.39,-1.03,-0.17
EOG,39,27,12,69.2,31.46,4.12,6.65,12.08,-15.72,0.81,0.39
EPAM,39,28,11,71.8,104.43,8.28,11.58,37.31,-34.46,2.68,0.82
EQIX,29,18,11,62.1,-292.92,15.39,51.82,41.27,-103.06,-10.1,-0.51
EQT,35,24,11,68.6,4.91,1.31,2.42,3.31,-5.9,0.14,0.18
ERIE,22,17,5,77.3,21.91,6.28,16.98,32.03,-30.85,1.0,0.26
ES,28,15,13,53.6,-20.41,1.94,3.81,5.95,-15.92,-0.73,-0.41
EXE,16,13,3,81.2,5.44,2.71,9.94,8.17,-13.73,0.34,0.18
ESS,30,18,12,60.0,14.85,6.96,9.2,22.57,-23.6,0.49,0.13
ETR,40,27,13,67.5,2.32,1.16,2.24,3.78,-8.37,0.06,0.08
ETN,29,27,2,93.1,81.88,4.86,24.66,18.06,-45.75,2.82,1.66
EW,28,23,5,82.1,5.89,1.42,5.35,3.59,-8.42,0.21,0.22
EVRG,33,17,16,51.5,-28.16,1.02,2.84,2.4,-10.73,-0.85,-0.62
EXC,30,16,13,53.3,-7.63,0.52,1.22,1.58,-3.3,-0.25,-0.48
EXPD,34,27,7,79.4,28.43,2.02,3.74,13.64,-7.07,0.84,1.08
EXPE,32,25,7,78.1,49.93,5.37,12.06,18.59,-37.7,1.56,0.59
F,38,26,12,68.4,2.25,0.44,0.77,0.97,-1.73,0.06,0.24
EXR,37,30,7,81.1,77.89,3.58,4.2,11.02,-11.59,2.11,2.65
FANG,38,28,10,73.7,73.47,5.89,9.15,14.0,-20.63,1.93,0.8
FAST,33,22,11,66.7,10.61,0.78,0.6,2.36,-1.6,0.32,1.6
FCX,35,23,11,65.7,-1.54,1.26,2.77,4.39,-9.64,-0.04,-0.05
FDS,29,23,6,79.3,191.81,9.41,4.1,31.95,-8.79,6.61,7.8
FOXA,15,12,3,80.0,8.45,1.43,2.91,4.24,-4.27,0.56,0.97
FDX,33,21,12,63.6,-37.16,4.45,10.89,13.77,-35.08,-1.13,-0.28
FOX,13,8,5,61.5,-0.45,0.97,1.64,2.12,-4.1,-0.03,-0.06
FE,43,21,22,48.8,-18.77,0.56,1.39,1.73,-9.98,-0.44,-0.61
FICO,34,23,11,67.6,-235.3,14.3,51.28,81.86,-282.79,-6.92,-0.42
FFIV,31,22,9,71.0,49.67,4.81,6.24,10.28,-16.04,1.6,0.88
FIS,38,25,13,65.8,-3.49,2.23,4.56,7.8,-17.07,-0.09,-0.06
FITB,32,22,10,68.8,-1.57,0.98,2.31,3.7,-3.99,-0.05,-0.07
GEV,7,5,2,71.4,208.18,57.65,40.04,93.89,-77.27,29.74,2.6
GEHC,10,7,3,70.0,-5.04,1.78,5.83,2.89,-6.66,-0.5,-0.29
FRT,31,20,11,64.5,-5.71,2.28,4.66,6.45,-17.79,-0.18,-0.11
FSLR,32,22,10,68.8,80.23,6.36,5.96,49.74,-39.93,2.51,1.35
FTV,34,24,10,70.6,4.7,1.33,2.71,2.78,-4.28,0.14,0.17
FTNT,33,26,7,78.8,7.25,1.23,3.55,4.29,-10.6,0.22,0.29
GD,37,25,12,67.6,34.32,4.12,5.72,11.85,-18.05,0.93,0.5
GDDY,32,22,10,68.8,25.33,2.05,1.98,8.32,-7.24,0.79,1.28
GE,35,24,10,68.6,19.04,4.21,8.2,13.32,-31.77,0.54,0.23
GEN,40,28,12,70.0,10.07,0.85,1.14,2.48,-3.5,0.25,0.74
GILD,34,19,15,55.9,-26.21,1.88,4.13,5.49,-14.27,-0.77,-0.42
GIS,37,18,19,48.6,-18.35,1.57,2.45,4.3,-6.89,-0.5,-0.39
GL,27,19,8,70.4,6.93,2.19,4.34,8.02,-14.56,0.26,0.2
GLW,35,28,7,80.0,34.0,1.42,0.81,7.53,-2.66,0.97,6.0
GM,39,25,14,64.1,14.75,1.56,1.73,4.31,-7.67,0.38,0.61
GNRC,31,23,8,74.2,80.42,5.03,4.4,16.78,-23.68,2.59,2.29
GOOGL,38,27,11,71.1,12.45,3.83,8.27,35.52,-42.86,0.33,0.14
GOOG,41,30,11,73.2,16.18,3.6,8.35,32.92,-44.09,0.39,0.18
GPC,40,26,14,65.0,-12.72,3.37,7.16,9.92,-27.3,-0.32,-0.13
GRMN,41,28,13,68.3,74.45,4.16,3.23,24.79,-7.09,1.82,1.77
GPN,37,23,14,62.2,7.95,3.43,5.06,15.7,-13.55,0.21,0.11
GS,37,30,7,81.1,70.67,6.43,17.46,20.02,-30.46,1.91,0.58
GWW,28,22,6,78.6,387.12,21.09,12.79,93.29,-23.06,13.83,5.04
HAL,34,24,10,70.6,2.94,0.99,2.08,2.24,-4.67,0.09,0.14
HBAN,29,19,9,65.5,-0.93,0.38,0.9,0.96,-2.25,-0.03,-0.12
HAS,33,23,10,69.7,15.4,2.62,4.48,8.97,-8.94,0.47,0.34
HCA,40,21,18,52.5,-159.88,6.46,16.42,25.63,-72.66,-4.0,-0.54
HD,37,27,10,73.0,-17.26,6.4,19.01,23.79,-44.29,-0.47,-0.09
HIG,30,20,10,66.7,22.74,2.38,2.5,7.3,-7.34,0.76,0.91
HII,29,19,10,65.5,45.34,7.69,10.08,38.86,-30.0,1.56,0.45
HLT,36,21,15,58.3,-9.08,3.0,4.8,9.67,-12.28,-0.25,-0.13
HON,30,23,7,76.7,22.2,3.95,9.81,17.58,-22.31,0.74,0.32
HPE,38,28,10,73.7,4.31,0.55,1.11,1.88,-2.43,0.11,0.39
HPQ,34,19,15,55.9,-8.34,0.75,1.51,2.39,-5.06,-0.25,-0.37
HSIC,32,22,10,68.8,29.92,2.43,2.35,7.46,-4.84,0.94,1.28
HRL,31,20,11,64.5,12.86,1.36,1.3,4.42,-4.75,0.41,0.9
HST,34,22,10,64.7,-2.95,0.46,1.3,1.41,-2.52,-0.09,-0.23
HSY,31,23,8,74.2,11.07,3.27,8.02,12.02,-28.08,0.36,0.17
HUBB,35,27,8,77.1,85.1,7.11,13.36,36.74,-49.86,2.43,0.8
HWM,22,18,4,81.8,14.73,1.35,2.4,5.62,-5.24,0.67,1.53
HUM,38,28,10,73.7,-86.26,8.59,32.67,29.56,-79.29,-2.27,-0.26
IBM,43,34,9,79.1,-14.95,3.11,13.4,14.02,-39.37,-0.35,-0.12
IDXX,32,20,12,62.5,-108.3,8.41,23.04,33.7,-74.95,-3.38,-0.39
IEX,27,20,7,74.1,90.35,5.45,2.68,16.69,-13.19,3.35,4.82
IFF,32,23,9,71.9,7.94,2.85,6.4,7.05,-20.11,0.25,0.14
INCY,34,26,8,76.5,46.2,3.99,7.2,10.14,-17.23,1.36,0.8
INTC,38,23,15,60.5,-20.33,1.64,3.87,8.57,-24.74,-0.53,-0.35
ICE,33,26,7,78.8,37.08,2.56,4.21,8.61,-13.97,1.12,1.26
INVH,23,14,9,60.9,-4.02,0.66,1.47,1.54,-3.28,-0.17,-0.3
INTU,39,27,12,69.2,-43.33,11.18,28.78,33.44,-67.09,-1.11,-0.13
IP,36,23,13,63.9,10.16,1.4,1.7,3.03,-7.08,0.28,0.46
IR,31,20,11,64.5,5.11,1.67,2.57,4.84,-9.57,0.16,0.18
IQV,27,17,10,63.0,4.8,4.59,7.33,13.53,-19.37,0.18,0.07
IRM,28,21,7,75.0,-8.92,1.46,5.67,7.71,-14.55,-0.32,-0.22
ISRG,32,19,13,59.4,-10.13,7.13,11.2,26.73,-32.96,-0.32,-0.07
ITW,34,21,13,61.8,15.43,5.59,7.84,22.15,-19.67,0.45,0.15
IT,33,26,7,78.8,86.31,5.66,8.71,18.2,-23.72,2.62,1.42
IVZ,33,21,12,63.6,-6.36,0.74,1.82,1.81,-4.05,-0.19,-0.29
J,33,23,10,69.7,2.3,2.86,6.36,12.72,-18.34,0.07,0.04
JCI,33,24,9,72.7,20.71,1.75,2.37,7.62,-5.25,0.63,0.97
JBL,35,25,9,71.4,16.28,3.3,7.36,30.36,-26.48,0.47,0.25
JBHT,30,18,12,60.0,-16.18,3.8,7.05,23.02,-17.64,-0.54,-0.19
JKHY,30,25,5,83.3,23.34,2.93,9.96,10.55,-31.07,0.78,0.47
JPM,41,31,10,75.6,45.22,3.73,7.03,12.17,-24.73,1.1,0.64
JNJ,30,19,11,63.3,1.28,2.6,4.38,7.66,-7.23,0.04,0.03
KDP,30,19,11,63.3,-103.79,0.95,11.07,2.8,-101.49,-3.46,-0.85
KEY,34,25,9,73.5,3.26,0.48,0.96,1.69,-2.13,0.1,0.38
KEYS,39,26,13,66.7,-22.73,3.63,9.01,19.31,-44.68,-0.58,-0.19
KHC,30,19,11,63.3,-5.0,1.24,2.59,4.57,-7.82,-0.17,-0.18
KVUE,9,8,1,88.9,4.25,0.53,0.03,1.39,-0.03,0.47,141.67
KIM,30,17,13,56.7,-2.24,0.47,0.78,0.96,-1.63,-0.07,-0.22
KKR,41,25,16,61.0,14.05,2.37,2.83,12.1,-11.67,0.34,0.31
KLAC,35,25,10,71.4,2.59,1.58,3.68,9.64,-20.96,0.07,0.07
KMB,31,22,9,71.0,7.68,2.93,6.3,7.15,-18.79,0.25,0.14
KMI,33,27,6,81.8,13.58,0.66,0.72,2.75,-2.34,0.41,3.16
KMX,29,24,5,82.8,39.99,2.22,2.65,7.45,-7.24,1.38,3.02
KR,34,22,12,64.7,2.95,1.32,2.18,6.75,-6.05,0.09,0.11
KO,34,24,10,70.6,12.93,1.36,1.98,3.73,-7.06,0.38,0.65
L,40,27,13,67.5,9.54,1.5,2.37,5.22,-5.31,0.24,0.31
LDOS,30,23,7,76.7,52.84,3.62,4.35,10.51,-13.71,1.76,1.74
LEN,36,19,17,52.8,-36.38,3.21,5.73,13.35,-15.05,-1.01,-0.37
LH,24,17,7,70.8,21.13,3.81,6.24,10.91,-22.18,0.88,0.48
LHX,33,27,6,81.8,29.37,5.22,18.6,21.52,-27.77,0.89,0.26
LII,32,21,11,65.6,6.08,10.56,19.61,42.04,-64.18,0.19,0.03
LIN,40,30,10,75.0,106.93,6.89,9.98,26.75,-25.44,2.67,1.07
LLY,33,21,12,63.6,87.63,12.81,15.12,44.58,-108.03,2.66,0.48
LKQ,38,24,14,63.2,-1.39,0.94,1.71,2.95,-3.41,-0.04,-0.06
LMT,33,21,12,63.6,-195.53,10.28,34.28,35.4,-90.65,-5.93,-0.48
LOW,36,23,13,63.9,-32.06,3.81,9.21,11.22,-24.09,-0.89,-0.27
LNT,36,22,14,61.1,-0.51,1.14,1.84,3.85,-9.68,-0.01,-0.02
LRCX,38,33,5,86.8,52.79,2.4,5.27,14.47,-11.02,1.39,2.0
LW,25,19,6,76.0,-24.5,1.64,9.26,5.23,-19.71,-0.98,-0.44
LULU,39,17,22,43.6,-164.43,11.99,16.74,45.14,-75.65,-4.22,-0.45
LVS,39,20,19,51.3,-38.92,2.12,4.28,5.57,-8.92,-1.0,-0.48
LUV,30,19,11,63.3,6.26,1.45,1.93,4.06,-5.88,0.21,0.29
LYB,32,24,8,75.0,63.57,3.76,3.34,11.46,-8.71,1.99,2.38
LYV,35,30,5,85.7,71.83,2.75,2.1,11.89,-2.86,2.05,6.83
MA,33,18,15,54.5,-58.84,8.11,13.65,29.75,-38.03,-1.78,-0.29
MAA,30,15,15,50.0,-52.99,2.77,6.31,7.99,-27.39,-1.77,-0.56
MAR,39,22,17,56.4,-26.75,3.94,6.68,14.41,-20.73,-0.69,-0.24
MAS,36,22,14,61.1,-8.5,1.84,3.5,6.21,-6.15,-0.24,-0.17
MCD,33,21,12,63.6,19.08,3.53,4.59,15.69,-14.56,0.58,0.35
MCHP,36,27,9,75.0,36.4,2.56,3.63,8.34,-12.81,1.01,1.11
MCO,40,31,9,77.5,21.19,4.42,12.89,18.26,-58.73,0.53,0.18
MCK,38,29,9,76.3,233.52,11.52,11.19,111.29,-29.43,6.15,2.32
MDLZ,35,25,10,71.4,-8.78,0.94,3.22,3.31,-10.5,-0.25,-0.27
MDT,35,25,10,71.4,17.41,1.98,3.22,5.4,-9.0,0.5,0.54
MET,31,23,8,74.2,12.27,1.39,2.46,4.9,-5.45,0.4,0.62
META,37,27,10,73.0,249.3,14.12,13.2,79.55,-41.47,6.74,1.89
MGM,43,29,14,67.4,2.88,1.4,2.7,3.45,-5.04,0.07,0.08
MKC,30,23,7,76.7,16.17,1.36,2.17,4.1,-6.89,0.54,1.06
MHK,38,24,14,63.2,-14.63,4.18,8.21,11.4,-17.73,-0.38,-0.13
MKTX,35,21,14,60.0,-40.54,10.64,18.85,34.25,-61.64,-1.16,-0.15
MLM,29,20,9,69.0,162.67,15.06,15.38,57.92,-39.53,5.61,1.18
MMM,38,21,17,55.3,-4.55,4.53,5.86,23.12,-17.53,-0.12,-0.05
MNST,23,17,6,73.9,5.84,0.58,0.68,1.52,-1.62,0.25,1.44
MO,34,22,12,64.7,-3.18,1.58,3.15,6.75,-7.51,-0.09,-0.08
MRNA,23,19,4,82.6,186.99,12.61,13.16,110.71,-16.01,8.13,3.55
MOH,38,24,14,63.2,-13.71,7.54,13.91,43.4,-32.94,-0.36,-0.07
MOS,35,19,16,54.3,-6.99,1.4,2.09,3.12,-7.77,-0.2,-0.21
MPC,26,16,10,61.5,-20.16,4.17,8.69,9.45,-23.34,-0.78,-0.23
MPWR,37,27,10,73.0,127.35,20.55,42.76,132.91,-266.13,3.44,0.3
MRK,36,24,12,66.7,1.68,1.69,3.25,5.48,-12.45,0.05,0.04
MS,40,22,18,55.0,-22.13,1.27,2.79,4.41,-11.69,-0.55,-0.44
MSCI,37,26,11,70.3,-166.32,8.87,36.09,25.85,-94.07,-4.5,-0.42
MSFT,38,28,10,73.7,-22.91,4.33,14.4,33.55,-47.08,-0.6,-0.16
MSI,33,24,9,72.7,47.55,4.51,6.73,18.33,-21.2,1.44,0.78
MTB,40,24,16,60.0,-85.68,3.04,9.91,7.73,-19.3,-2.14,-0.54
MTCH,30,18,11,60.0,-2.26,3.4,5.77,12.25,-16.16,-0.08,-0.04
MTD,31,23,8,74.2,125.68,27.11,62.23,100.88,-135.72,4.05,0.25
MU,42,24,18,57.1,-258.91,3.65,19.25,35.72,-229.71,-6.16,-0.75
NCLH,33,21,11,63.6,-2.65,1.63,3.36,5.01,-7.15,-0.08,-0.07
NDAQ,37,26,11,70.3,-3.2,0.72,1.98,5.04,-5.68,-0.09,-0.15
NEE,34,20,14,58.8,-24.97,1.03,3.26,4.79,-10.24,-0.73,-0.55
NDSN,32,24,8,75.0,17.06,5.5,14.36,22.38,-39.08,0.53,0.15
NFLX,34,25,9,73.5,3.7,1.61,4.06,10.9,-14.14,0.11,0.1
NEM,31,21,10,67.7,2.63,1.85,3.61,5.22,-11.07,0.08,0.07
NI,36,22,14,61.1,-8.96,0.48,1.39,1.61,-5.84,-0.25,-0.46
NKE,42,22,20,52.4,-60.02,2.37,5.61,8.75,-18.34,-1.43,-0.54
NOC,32,21,11,65.6,-25.5,8.1,17.78,30.4,-69.91,-0.8,-0.13
NOW,47,28,18,59.6,-6.56,3.65,6.04,20.95,-21.18,-0.14,-0.06
NRG,33,24,9,72.7,11.38,1.79,3.5,10.45,-13.08,0.34,0.36
NSC,30,22,7,73.3,78.36,5.88,7.27,23.27,-21.76,2.61,1.54
NTRS,28,19,9,67.9,2.21,1.76,3.47,3.53,-11.17,0.08,0.07
NTAP,37,26,11,70.3,5.22,2.11,4.5,4.57,-13.94,0.14,0.11
NVDA,40,30,9,75.0,1.83,1.64,5.25,14.43,-22.49,0.05,0.04
NUE,30,21,9,70.0,27.5,3.23,4.48,10.86,-21.36,0.92,0.68
NWS,35,26,9,74.3,4.74,0.63,1.29,2.54,-2.65,0.14,0.41
NVR,28,20,8,71.4,306.22,113.5,245.46,514.49,-605.1,10.94,0.16
NWSA,32,23,9,71.9,-0.18,0.45,1.17,1.56,-2.24,-0.01,-0.02
NXPI,39,27,12,69.2,94.79,7.73,9.49,21.44,-25.05,2.43,0.83
O,36,24,12,66.7,1.86,1.15,2.14,2.51,-6.65,0.05,0.07
OTIS,16,11,5,68.8,2.6,1.8,3.44,2.94,-5.62,0.16,0.15
ODFL,34,22,12,64.7,-30.56,5.14,11.96,26.36,-27.9,-0.9,-0.21
OKE,37,26,11,70.3,32.74,2.13,2.06,5.94,-8.04,0.88,1.44
OMC,33,20,13,60.6,-17.82,2.03,4.5,6.39,-12.3,-0.54,-0.3
ON,40,26,13,65.0,-12.97,1.97,4.94,6.77,-12.45,-0.32,-0.2
ORLY,29,21,8,72.4,5.46,1.24,2.57,5.0,-8.45,0.19,0.27
ORCL,44,31,13,70.5,150.6,6.44,3.76,86.82,-24.76,3.42,3.08
OXY,39,22,17,56.4,4.12,2.32,2.75,8.04,-9.35,0.11,0.09
PANW,33,23,9,69.7,41.92,3.47,4.21,13.74,-17.7,1.27,1.11
PAYX,36,21,15,58.3,-15.35,2.01,3.84,6.4,-10.66,-0.43,-0.27
PAYC,36,28,8,77.8,-102.85,5.03,30.47,33.31,-63.6,-2.86,-0.42
PCG,32,24,8,75.0,6.17,0.91,1.97,3.4,-3.31,0.19,0.39
PCAR,35,22,13,62.9,-3.59,1.47,2.77,4.26,-11.64,-0.1,-0.1
PEG,32,24,8,75.0,1.01,1.07,3.08,3.41,-5.55,0.03,0.04
PEP,33,22,11,66.7,-18.01,2.34,6.31,5.3,-27.05,-0.55,-0.26
PFE,39,25,14,64.1,-0.01,0.93,1.66,3.61,-4.01,-0.0,-0.0
PFG,37,26,11,70.3,25.01,1.86,2.11,9.01,-4.79,0.68,1.08
PG,31,22,9,71.0,8.65,2.29,4.64,6.74,-17.72,0.28,0.21
PGR,33,21,12,63.6,28.63,3.67,4.03,17.24,-12.33,0.87,0.59
PLTR,18,15,3,83.3,40.47,2.84,0.71,14.38,-1.22,2.25,19.0
PH,39,31,8,79.5,247.53,10.29,8.92,40.44,-14.45,6.35,3.47
PHM,30,21,9,70.0,-4.72,1.8,4.72,10.72,-10.83,-0.16,-0.11
PKG,29,18,11,62.1,5.39,2.86,4.2,5.55,-19.42,0.19,0.12
PM,32,20,12,62.5,13.96,3.12,4.03,12.92,-16.49,0.44,0.29
PLD,35,18,17,51.4,-39.53,1.87,4.31,5.59,-16.6,-1.13,-0.54
PNC,28,18,10,64.3,-32.17,3.38,9.3,13.23,-16.61,-1.15,-0.35
PNR,32,20,12,62.5,-3.6,1.58,2.93,4.69,-13.35,-0.11,-0.1
PNW,39,23,16,59.0,-27.66,1.37,3.69,3.52,-20.16,-0.71,-0.47
PODD,32,25,7,78.1,180.18,8.64,5.12,57.45,-20.62,5.63,5.03
POOL,22,14,8,63.6,-50.95,8.15,20.63,15.66,-64.56,-2.32,-0.31
PPG,37,26,11,70.3,14.18,2.82,5.37,7.41,-13.04,0.38,0.24
PPL,35,25,10,71.4,5.99,0.71,1.18,1.51,-2.3,0.17,0.51
PRU,33,20,13,60.6,-25.34,2.25,5.41,6.4,-10.8,-0.77,-0.36
PSA,35,19,16,54.3,-91.38,6.23,13.11,31.18,-28.52,-2.61,-0.44
PTC,35,23,12,65.7,5.95,3.75,6.69,20.15,-29.26,0.17,0.07
PSX,31,24,7,77.4,48.58,3.34,4.51,7.86,-10.24,1.57,1.54
PWR,31,26,5,83.9,157.74,7.6,7.96,64.33,-38.93,5.09,3.96
PYPL,31,18,13,58.1,-36.27,2.09,5.69,4.84,-14.08,-1.17,-0.49
RCL,40,31,9,77.5,63.3,3.74,5.86,9.81,-13.53,1.58,1.2
QCOM,35,25,10,71.4,0.1,3.1,7.75,9.44,-25.38,0.0,0.0
REG,32,20,12,62.5,-9.02,1.63,3.47,5.13,-10.42,-0.28,-0.22
REGN,26,19,7,73.1,32.62,14.97,35.97,34.14,-116.81,1.25,0.13
RF,32,19,13,59.4,0.6,0.56,0.77,1.11,-2.14,0.02,0.06
RJF,34,27,7,79.4,39.04,2.49,4.04,8.91,-8.07,1.15,1.38
RL,37,22,15,59.5,12.78,5.43,7.11,15.85,-16.17,0.35,0.12
RMD,35,19,16,54.3,-130.99,3.52,12.36,17.3,-42.87,-3.74,-0.66
ROK,27,16,11,59.3,-29.8,7.23,13.23,28.68,-34.47,-1.1,-0.2
ROL,37,29,8,78.4,6.97,0.92,2.45,5.24,-6.02,0.19,0.36
ROP,28,18,10,64.3,-38.71,6.71,15.94,19.95,-39.89,-1.38,-0.24
ROST,32,25,7,78.1,28.41,2.71,5.62,9.76,-19.68,0.89,0.72
RSG,33,26,7,78.8,24.41,2.9,7.28,9.68,-16.97,0.74,0.48
RTX,35,24,11,68.6,31.71,3.44,4.63,14.6,-9.05,0.91,0.62
RVTY,34,15,19,44.1,-77.2,3.98,7.21,12.91,-23.28,-2.27,-0.56
SBAC,28,17,11,60.7,-35.62,5.57,11.84,20.77,-46.53,-1.27,-0.27
SOLV,8,7,1,87.5,13.5,3.04,7.76,5.1,-7.76,1.69,1.74
SCHW,33,20,13,60.6,-18.0,1.8,4.15,5.26,-9.46,-0.55,-0.33
SBUX,36,22,14,61.1,4.12,2.56,3.73,16.63,-9.78,0.11,0.08
SJM,34,21,13,61.8,-49.92,2.23,7.44,7.37,-21.32,-1.47,-0.52
SHW,37,23,14,62.2,-74.37,5.3,14.01,16.74,-30.71,-2.01,-0.38
SLB,38,29,9,76.3,25.9,1.73,2.69,4.5,-4.72,0.68,1.07
SNA,29,23,6,79.3,106.84,5.54,3.43,15.94,-7.4,3.68,5.19
SNPS,31,26,5,83.9,145.4,7.76,11.27,36.06,-24.59,4.69,2.58
SO,31,20,10,64.5,4.97,1.42,2.33,3.25,-9.62,0.16,0.21
SMCI,30,23,7,76.7,16.79,2.45,5.64,14.07,-20.85,0.56,0.43
SPG,31,26,5,83.9,53.86,3.23,6.01,9.69,-13.23,1.74,1.79
SPGI,34,23,11,67.6,9.42,7.72,15.28,25.45,-50.66,0.28,0.06
SRE,35,21,14,60.0,-19.1,1.15,3.09,4.66,-6.08,-0.55,-0.44
STE,34,21,13,61.8,-6.6,4.09,7.12,16.97,-20.44,-0.19,-0.07
STLD,32,20,12,62.5,25.0,1.91,1.11,5.05,-3.78,0.78,1.88
STT,30,19,11,63.3,3.6,2.66,4.26,5.7,-11.19,0.12,0.08
STZ,35,18,17,51.4,-23.37,5.5,7.2,29.71,-16.0,-0.67,-0.19
STX,37,25,12,67.6,77.66,5.48,4.94,78.68,-11.47,2.1,1.31
SW,106,39,48,36.8,-54.3,1.54,2.38,4.6,-7.81,-0.51,-0.47
SWK,32,26,6,81.2,62.5,4.18,7.72,17.29,-21.85,1.95,1.35
SWKS,43,24,19,55.8,-36.34,3.16,5.9,12.84,-17.56,-0.85,-0.32
SYF,29,23,6,79.3,10.51,1.18,2.78,3.89,-5.18,0.36,0.63
SYY,29,18,11,62.1,1.98,2.0,3.09,3.99,-7.45,0.07,0.06
SYK,35,22,13,62.9,-20.73,4.1,8.54,18.78,-32.11,-0.59,-0.19
T,34,27,7,79.4,5.64,0.53,1.23,1.68,-4.42,0.17,0.66
TAP,35,17,17,48.6,-43.9,1.62,4.2,4.16,-9.43,-1.25,-0.61
TDG,32,20,12,62.5,11.49,16.3,26.21,59.76,-127.57,0.36,0.04
TDY,37,25,12,67.6,-12.08,6.97,15.53,30.76,-61.89,-0.33,-0.06
TECH,27,17,10,63.0,13.82,2.35,2.62,8.56,-8.45,0.51,0.53
TEL,44,29,15,65.9,-11.46,2.49,5.58,12.8,-22.2,-0.26,-0.14
TFC,37,28,9,75.7,6.4,1.16,2.9,4.05,-5.84,0.17,0.25
TER,33,23,10,69.7,0.12,3.76,8.65,15.23,-46.03,0.0,0.0
TGT,32,20,12,62.5,52.39,6.59,6.62,26.62,-13.68,1.64,0.66
TJX,37,25,12,67.6,17.5,1.62,1.92,5.53,-5.32,0.47,0.76
TMO,36,23,13,63.9,40.32,7.3,9.81,19.77,-42.32,1.12,0.32
TKO,30,22,8,73.3,15.46,2.54,5.04,11.28,-17.33,0.52,0.38
TMUS,32,28,4,87.5,62.07,3.39,8.24,19.8,-12.24,1.94,1.88
TPL,37,23,14,62.2,16.41,7.23,10.7,26.21,-45.03,0.44,0.11
TRGP,31,20,10,64.5,15.58,2.29,3.01,6.71,-8.73,0.5,0.52
TRMB,29,15,14,51.7,-11.03,1.79,2.7,3.12,-7.22,-0.38,-0.29
TPR,37,25,12,67.6,-19.44,1.15,4.02,4.8,-14.86,-0.53,-0.4
TROW,26,17,9,65.4,-6.86,2.63,5.73,8.57,-25.12,-0.26,-0.13
TRV,34,23,11,67.6,12.49,3.2,5.55,14.12,-15.33,0.37,0.2
TSLA,35,23,12,65.7,104.56,10.58,11.57,53.05,-66.28,2.99,0.75
TSCO,39,25,14,64.1,-2.62,1.1,2.14,4.31,-5.0,-0.07,-0.09
TSN,35,24,11,68.6,-0.25,1.82,3.99,6.09,-9.34,-0.01,-0.01
TTD,26,19,7,73.1,79.56,5.66,4.01,23.25,-15.07,3.06,2.84
TT,32,22,10,68.8,-3.58,6.04,13.64,30.74,-39.33,-0.11,-0.03
UBER,26,19,7,73.1,25.37,2.92,4.31,11.06,-10.26,0.98,0.84
TXN,43,26,17,60.5,-95.76,3.74,11.36,8.94,-46.85,-2.23,-0.5
TTWO,30,23,7,76.7,24.03,5.07,13.21,17.54,-33.87,0.8,0.26
TYL,29,18,11,62.1,34.16,7.9,9.82,19.42,-43.74,1.18,0.32
TXT,34,24,10,70.6,-1.64,2.01,4.99,4.82,-9.88,-0.05,-0.03
UAL,37,29,8,78.4,11.41,2.42,7.35,9.14,-13.37,0.31,0.19
VLTO,4,3,1,75.0,-2.62,1.3,6.51,3.06,-6.51,-0.65,-0.4
UHS,32,16,16,50.0,-46.93,3.81,6.75,15.06,-16.7,-1.47,-0.43
UDR,36,22,14,61.1,-2.12,1.01,1.73,5.36,-8.08,-0.06,-0.09
ULTA,30,20,10,66.7,104.44,14.33,18.21,53.86,-65.67,3.48,0.57
UNP,33,20,13,60.6,34.63,6.19,6.87,14.88,-20.13,1.05,0.39
UNH,38,26,12,68.4,28.27,10.36,20.09,33.5,-64.38,0.74,0.12
VICI,25,17,7,68.0,7.58,0.74,0.71,1.91,-1.48,0.3,1.53
UPS,38,21,17,55.3,-27.94,3.5,5.97,8.49,-29.51,-0.74,-0.28
URI,35,24,11,68.6,141.77,17.29,24.84,63.43,-84.3,4.05,0.52
V,28,19,9,67.9,5.11,3.82,7.49,13.07,-15.81,0.18,0.08
USB,33,26,7,78.8,17.3,1.3,2.35,3.24,-4.31,0.52,1.05
VLO,26,22,4,84.6,70.64,4.82,8.86,24.36,-15.16,2.72,1.99
VMC,32,20,12,62.5,61.67,7.66,7.63,22.75,-27.61,1.93,0.67
VRSN,23,18,5,78.3,36.94,4.06,7.24,15.55,-22.58,1.61,1.02
VRSK,33,22,11,66.7,1.71,3.12,6.09,9.22,-21.26,0.05,0.03
VST,25,15,10,60.0,-6.37,3.46,5.82,22.33,-30.06,-0.25,-0.11
VRTX,26,20,6,76.9,86.76,9.93,18.66,22.58,-41.26,3.34,0.78
VTR,32,24,8,75.0,31.32,2.02,2.14,6.48,-4.83,0.98,1.83
VTRS,28,14,14,50.0,-20.02,1.03,2.46,6.33,-12.51,-0.72,-0.58
VZ,38,24,14,63.2,-11.73,0.73,2.09,1.99,-6.12,-0.31,-0.4
WBD,36,18,18,50.0,-11.65,1.12,1.77,3.63,-4.05,-0.32,-0.37
WAT,29,20,9,69.0,116.74,10.28,9.88,37.02,-27.75,4.03,1.31
WAB,40,26,14,65.0,38.14,3.54,3.85,13.63,-10.48,0.95,0.71
WDAY,40,28,12,70.0,62.57,9.67,17.35,28.39,-39.99,1.56,0.3
WEC,31,21,10,67.7,1.47,1.49,2.99,6.02,-12.57,0.05,0.05
WDC,38,31,7,81.6,118.55,4.66,3.69,58.6,-6.7,3.12,4.59
WM,31,20,11,64.5,-3.71,3.73,7.12,12.93,-22.55,-0.12,-0.05
WELL,34,21,13,61.8,1.11,3.3,5.25,8.09,-22.78,0.03,0.02
WMB,33,25,8,75.8,-6.12,0.76,3.13,2.3,-8.16,-0.19,-0.24
WMT,34,25,9,73.5,10.59,0.98,1.54,4.48,-3.94,0.31,0.77
WRB,36,21,14,58.3,7.49,1.03,1.01,2.44,-4.46,0.21,0.53
WFC,37,24,13,64.9,9.22,1.5,2.06,5.65,-7.59,0.25,0.34
WSM,34,24,10,70.6,36.79,3.67,5.14,14.51,-18.78,1.08,0.72
WST,29,15,14,51.7,-132.45,5.43,15.28,21.4,-61.26,-4.57,-0.62
WY,38,24,13,63.2,8.84,0.95,1.08,2.26,-2.59,0.23,0.63
WTW,24,14,10,58.3,-50.47,5.48,12.72,18.86,-45.01,-2.1,-0.4
ARM,7,6,1,85.7,35.7,9.25,19.81,35.31,-19.81,5.1,1.8
APP,14,8,6,57.1,-92.88,8.54,26.87,30.78,-121.76,-6.63,-0.58
WYNN,40,24,16,60.0,-20.6,5.61,9.7,22.11,-27.86,-0.51,-0.13
XOM,35,25,10,71.4,28.57,2.56,3.54,9.04,-12.59,0.82,0.81
XEL,33,18,15,54.5,-10.57,1.52,2.53,3.65,-10.84,-0.32,-0.28
XYL,35,22,13,62.9,-24.72,2.17,5.57,8.78,-20.5,-0.71,-0.34
XYZ,30,18,12,60.0,-41.76,3.73,9.07,19.77,-27.7,-1.39,-0.38
YUM,34,22,12,64.7,10.1,2.8,4.28,9.82,-9.99,0.3,0.2
ZBRA,35,27,8,77.1,31.61,7.4,21.02,24.61,-49.7,0.9,0.19
ZBH,34,20,14,58.8,-27.94,2.6,5.71,8.8,-14.37,-0.82,-0.35
ZTS,31,13,18,41.9,-87.9,2.96,7.02,7.46,-23.34,-2.84,-0.7
GFS,15,10,5,66.7,8.46,3.2,4.71,8.79,-8.85,0.56,0.36
ASML,51,33,18,64.7,7.04,15.73,28.44,64.41,-189.7,0.14,0.01
AZN,45,34,11,75.6,38.59,3.27,6.61,15.04,-15.68,0.86,0.53
PDD,28,17,11,60.7,-11.12,5.51,9.53,13.4,-20.77,-0.4,-0.11
CCEP,38,27,11,71.1,-5.09,1.0,2.91,3.91,-6.73,-0.13,-0.16
MELI,40,26,14,65.0,-392.88,42.28,106.58,124.57,-334.06,-9.82,-0.26
MRVL,34,20,14,58.8,-10.05,2.2,3.86,12.15,-15.06,-0.3,-0.19
MSTR,32,24,8,75.0,-57.93,5.41,23.48,22.98,-67.58,-1.81,-0.31
ZS,25,18,7,72.0,79.01,8.35,10.19,16.47,-30.82,3.16,1.11
SHOP,29,23,6,79.3,29.74,3.33,7.81,12.89,-20.05,1.03,0.64
TEAM,26,18,8,69.2,61.68,11.02,17.08,52.91,-44.1,2.37,0.45
TRI,34,26,8,76.5,33.55,2.68,4.5,10.06,-9.99,0.99,0.93
