ticker,entry_date,exit_date,entry_price,exit_price,shares,entry_value,exit_value,entry_commission,exit_commission,net_pnl
CL,2015-01-30,2015-03-11,68.38417347335815,68.23586164474487,14.652870921999888,1002.0244670127656,999.8512729318896,1.0020244670127656,0.9998512729318897,-4.175069820820681
VZ,2015-02-09,2015-03-11,49.074524236679075,47.54621469497681,21.14041287823795,1037.4557041664907,1005.1466094491542,1.0374557041664907,1.0051466094491541,-34.351697030952096
AMD,2015-01-27,2015-03-12,2.5812899236679074,2.7586199904680253,387.40320908200846,1000.0,1068.6982369450925,1.0,1.0686982369450926,66.62953870814749
TRMB,2015-02-06,2015-03-26,26.36317538166046,24.627679389953613,40.21444235555424,1060.1803966951513,990.3883931783608,1.0601803966951513,0.9903883931783609,-71.84257230666401
ESS,2015-03-17,2015-04-02,234.65726328277586,226.5266793899536,4.254312095645857,998.3052335150678,963.7151921151708,0.9983052335150678,0.9637151921151708,-36.55206182552729
UDR,2015-03-17,2015-04-10,33.62680561065674,33.08344847488404,29.68778078637041,998.3052335150678,982.1741659795377,0.9983052335150678,0.9821741659795378,-18.111546935024762
TPR,2015-04-10,2015-04-29,43.04151045799255,39.05046469497681,23.27745409030212,1001.8967836631801,908.9953991422864,1.0018967836631802,0.9089953991422864,-94.81227670369924
HAL,2015-03-26,2015-05-20,44.05201377868652,45.25735877990723,22.617034932926746,996.3259344983234,1023.5872644971607,0.9963259344983234,1.0235872644971606,25.241416799841886
BG,2015-04-02,2015-06-30,83.01148622131348,88.36579866027833,11.973722585888803,993.9565074563383,1058.0675592386772,0.9939565074563383,1.0580675592386772,62.05902771564388
UPS,2015-04-29,2015-06-30,101.46070866394042,98.21087213516236,9.930919483206674,1007.5981284506821,975.3242635498034,1.007598128450682,0.9753242635498034,-34.25678729287927
MSCI,2015-03-17,2015-07-01,57.83890637397766,62.08893893241883,17.26009871383419,998.3052335150678,1071.6612150107717,0.9983052335150678,1.0716612150107716,71.2860150471779
PNR,2015-06-30,2015-07-10,45.455894536972046,43.779307891845704,21.609115594880027,982.2616795181044,946.0321248987373,0.9822616795181044,0.9460321248987373,-38.157848423784
TTWO,2015-05-20,2015-08-21,28.35417015266418,28.935525762557987,35.517978237817616,1007.0827984337042,1027.7313743343454,1.0070827984337043,1.0277313743343455,18.61376172787334
VLO,2015-07-01,2015-08-24,63.12154515266418,55.68214408493042,15.578659677515818,983.3490702523035,867.4531728135314,0.9833490702523034,0.8674531728135314,-117.74669968183787
CME,2015-07-10,2015-08-24,98.40918061065673,88.41576908493043,9.914022081567824,975.630789603047,876.555887066802,0.975630789603047,0.8765558870668021,-100.9270892129149
ERIE,2015-07-02,2015-08-25,84.25210408401489,83.10842652511597,11.707545079712188,986.3853066242077,972.9956500467434,0.9863853066242078,0.9729956500467435,-15.349037534135277
KEYS,2015-08-21,2015-09-25,32.33615969467163,31.36430916118622,30.777940090967032,995.2403858545462,965.328828357558,0.9952403858545462,0.9653288283575581,-31.87212671120028
HCA,2015-08-25,2015-09-29,85.94295152664183,74.01297805023194,10.757854034454521,924.5617278138131,796.2208145196815,0.9245617278138132,0.7962208145196815,-130.0616958364651
BBY,2015-08-26,2015-09-29,33.94696530532837,35.452266220092774,27.006955497139483,916.8041812639414,957.457776078787,0.9168041812639414,0.957457776078787,38.779332857502936
KKR,2015-08-27,2015-09-29,20.009999999999998,16.591700381278994,46.79117972544804,936.2915063062152,776.3452344912101,0.9362915063062152,0.7763452344912102,-161.65890855580255
PEG,2015-10-01,2015-10-29,42.181079847335816,41.17940076255798,20.805084219481046,877.5809186924763,856.7409009727808,0.8775809186924763,0.8567409009727808,-22.574339539360835
AEP,2015-10-01,2015-10-30,56.94845816802978,56.411778627395634,15.410090929997125,877.5809186924764,869.3106381710351,0.8775809186924765,0.869310638171035,-10.017172078304839
WEC,2015-09-25,2015-11-09,50.325149236679074,49.3153301525116,18.125717126622963,912.1794194191305,893.8757243504452,0.9121794194191305,0.8938757243504453,-20.109750212454742
ZBH,2015-10-30,2015-11-30,101.74987752914429,98.11596416854859,8.679715706258344,883.1600100995767,851.618675228432,0.8831600100995767,0.851618675228432,-33.27611355647264
STE,2015-09-25,2015-12-10,67.74385408401488,72.48373664474488,13.465124353389452,912.1794194191303,976.0025275198218,0.9121794194191304,0.9760025275198219,61.9349261537526
WST,2015-10-29,2016-01-04,59.419694389343256,59.25035877990723,14.952142589772603,888.4517431501714,885.9198129723579,0.8884517431501714,0.885919812972358,-4.3063017339360385
CFG,2015-11-09,2016-01-08,25.742864542007446,24.797594466209414,35.15715057528679,905.0457649425671,871.8127625534229,0.905045764942567,0.8718127625534229,-35.00986091664015
HSY,2015-12-15,2016-01-08,90.295125,85.93701335525513,9.719399961248941,877.6144344259683,835.2562042749165,0.8776144344259683,0.8352562042749165,-44.07110078975268
ESS,2015-11-30,2016-01-19,234.68729232788084,231.07440744018555,3.8460659029861834,902.6227928864134,888.7273995084345,0.9026227928864134,0.8887273995084345,-15.686743570373778
NRG,2016-01-04,2016-01-26,11.575784694671631,9.175410305023194,75.77231281718409,877.1239789890307,695.2420598582319,0.8771239789890307,0.6952420598582318,-183.45428516964614
CMG,2016-01-19,2016-03-18,9.571983306884766,9.394900228977203,86.21615991942498,825.2596435324433,809.9922205685409,0.8252596435324433,0.8099922205685409,-16.902674828003455
XEL,2016-01-08,2016-04-21,36.598291831970215,39.670153627395635,23.298854736168988,852.698284984994,924.2691467261981,0.852698284984994,0.9242691467261981,69.793894309493
BALL,2016-03-18,2016-05-02,35.942961736679074,35.667158872604375,24.53860953370723,881.9903035413473,875.2224847515402,0.8819903035413473,0.8752224847515402,-8.525031578100084
HAS,2016-01-19,2016-06-27,72.67631938934326,81.83905725479127,11.35527570007148,825.2596435324433,929.30505816209,0.8252596435324433,0.92930505816209,102.29084992795208
PHM,2016-04-21,2016-06-28,19.139564160346985,18.250870228767397,47.62599173767124,911.5407245633141,869.2157947205861,0.9115407245633141,0.8692157947205862,-44.105686362011966
EQT,2016-01-11,2016-07-28,29.530272130966186,40.26836892700196,28.79179212722676,850.229456655216,1159.3985074487177,0.8502294566552161,1.1593985074487179,307.1594228293977
KDP,2016-06-28,2016-08-24,95.68781938934326,93.09342938995361,9.598663651504927,918.4751938642574,893.5725168792882,0.9184751938642575,0.8935725168792882,-26.714724695712903
MNST,2016-05-02,2016-08-31,12.040184373378754,12.824418018341065,74.3603372930507,895.3121710749625,953.6280494309185,0.8953121710749625,0.9536280494309185,56.466938135450164
TSN,2016-06-28,2016-09-12,64.81238877868653,72.34380725479126,14.17129056916194,918.4751938642574,1025.2051134870924,0.9184751938642575,1.0252051134870923,104.7862393154835
TER,2016-08-24,2016-09-12,21.070529465675353,20.099945610046387,44.91533875750891,946.3899687508817,902.7958660827376,0.9463899687508818,0.9027958660827375,-45.44328850297779
WYNN,2016-09-13,2016-10-03,103.11152755737304,100.23985591506958,9.00360455557151,928.3754192475011,902.5200233667523,0.9283754192475011,0.9025200233667523,-27.68629132336298
NSC,2016-10-03,2016-10-27,96.63829133605957,90.60467652511598,9.611533271598041,928.8421524869212,870.8498629835302,0.9288421524869213,0.8708498629835303,-59.79198151886146
AMCR,2016-07-29,2016-12-12,56.278124999999996,54.17290076255799,16.786323189448773,944.7027947461967,909.3638203102342,0.9447027947461967,0.9093638203102342,-37.19304105101878
MET,2016-08-31,2016-12-20,38.62893158340454,48.371523574829105,24.444246670181563,944.2551322303078,1182.4054540756254,0.9442551322303079,1.1824054540756255,236.02366125901153
LKQ,2016-12-12,2016-12-23,34.11704847335815,30.9944952287674,29.542165928349537,1007.8915069854908,915.6445209136845,1.0078915069854908,0.9156445209136844,-94.17052209970552
CPT,2016-12-20,2017-03-08,82.28111786270141,80.76959255981446,11.84705914940947,974.7892701989556,956.8821405298248,0.9747892701989556,0.9568821405298249,-19.838801079859536
AMCR,2017-03-08,2017-03-10,53.67682652664184,52.823573474884036,18.643416460698763,1000.7194312248665,984.8118792345836,1.0007194312248666,0.9848118792345836,-17.893083300742433
HIG,2016-09-13,2017-03-22,41.57077423667908,47.426275762557985,22.3324062708548,928.375419247501,1059.142858243039,0.928375419247501,1.0591428582430389,128.77992071804738
TKO,2017-03-24,2017-05-04,21.760875,20.439775762557986,45.61953223105342,992.7209384384245,932.4530091955185,0.9927209384384245,0.9324530091955184,-62.19310319054
ICE,2017-03-10,2017-05-09,60.36016683197021,59.200384542465216,16.492916106437,995.5151677302259,976.3869757276887,0.995515167730226,0.9763869757276886,-21.100094145995172
PCG,2016-12-23,2017-05-18,61.42069438934326,65.53721469497681,15.80861097068444,970.975863150428,1036.052331215112,0.970975863150428,1.036052331215112,63.06943987031832
ROL,2016-10-27,2017-06-28,13.357786967754363,18.395241518974306,69.6500671773396,930.3707596446827,1281.229807539947,0.9303707596446827,1.2812298075399469,348.64744732807947
CL,2017-05-18,2017-06-30,74.00698622131347,74.27284255981446,13.98085890765564,1034.6812325409987,1038.398132499287,1.0346812325409989,1.038398132499287,1.6438205932479377
DRI,2017-06-28,2017-07-14,93.20658366394042,88.68563835525514,11.426277918356172,1065.0043287646995,1013.346751213973,1.0650043287646995,1.013346751213973,-53.735928630705075
EBAY,2017-07-14,2017-08-11,36.928454847335814,35.142419847488405,28.577571203781506,1055.3255478453696,1004.2850054647843,1.0553255478453696,1.0042850054647843,-53.1001529338954
ALL,2017-05-04,2017-08-25,85.15255561065673,91.76409255981446,11.72232756018263,998.1861494547854,1075.6887512490628,0.9981861494547855,1.0756887512490627,75.42872689357341
PNC,2017-06-30,2017-08-30,126.06299999999999,126.48672805023195,8.40649860366541,1059.7484334738724,1063.3105027364813,1.0597484334738725,1.0633105027364813,1.439010326398602
GILD,2017-08-30,2017-10-17,75.85790969467163,79.96000000000001,13.973334485769625,1059.987945554953,1117.3078254821394,1.059987945554953,1.1173078254821394,55.14258415614927
ZTS,2017-10-17,2017-10-27,65.68282652664185,63.72811832237244,17.456057671796604,1146.563207895672,1112.4417087504112,1.146563207895672,1.1124417087504113,-36.38050406190678
TTD,2017-05-09,2017-11-13,4.032015209913253,5.104446374177933,247.3065474519817,997.1437608375239,1262.363009451731,0.997143760837524,1.2623630094517309,262.95974184391775
MRVL,2017-08-28,2017-12-07,17.07853469467163,22.088950381278995,62.01994827434401,1059.2098383651241,1369.9555600814747,1.059209838365124,1.3699555600814748,308.31655631790386
PM,2017-12-07,2017-12-21,107.52373622131347,104.44775,10.662335560145968,1146.4541562722657,1113.656959002236,1.1464541562722657,1.1136569590022358,-35.05730838530417
INVH,2017-08-14,2018-01-10,22.33115969467163,22.75861545753479,48.20748960457343,1076.5291488389519,1097.1357180835926,1.076529148838952,1.0971357180835926,18.43290437771816
DVN,2017-12-21,2018-02-01,39.86992347335815,41.65916030502319,28.93731387617167,1153.7284897675095,1205.5041975642077,1.1537284897675095,1.2055041975642078,49.41647510936673
WM,2017-10-27,2018-02-05,81.71083316802978,86.05694847488404,13.863643321682394,1132.8098465590604,1193.062839008192,1.1328098465590604,1.193062839008192,57.927119763564406
GIS,2017-11-13,2018-02-05,53.046510457992554,55.80208683013916,20.823307603623682,1104.6038045656196,1161.9840189881056,1.1046038045656197,1.1619840189881057,55.11362659893234
BSX,2018-01-10,2018-02-06,27.71385076332092,25.85706583881378,42.24684268706586,1170.8226934508389,1092.3793928414705,1.170822693450839,1.0923793928414705,-80.70650269566067
PEG,2018-02-01,2018-02-06,51.925951526641846,48.24586545753479,22.453600019210416,1165.9245461961245,1083.2933655641264,1.1659245461961245,1.0832933655641264,-84.88039854375825
HAS,2018-02-08,2018-03-14,101.06050713729857,89.68513835525513,11.0107014285123,1112.747070302831,987.496281004531,1.112747070302831,0.9874962810045311,-127.3510326496073
SWKS,2018-02-07,2018-03-23,103.55175,105.26733969497681,10.7455107119236,1112.7164388634346,1131.1513263080737,1.1127164388634347,1.1311513263080737,16.191019679467672
CDW,2018-03-14,2018-03-26,76.05800664138793,70.70462786483765,16.458441194593828,1251.7962296853102,1163.6879598990706,1.2517962296853102,1.1636879598990706,-90.52375397582409
ENPH,2018-02-08,2018-04-09,2.5212599809169767,4.157919847488404,441.3456282672314,1112.747070302831,1835.0797473745604,1.112747070302831,1.8350797473745604,719.384850254052
SW,2018-04-10,2018-04-25,42.41119438934326,42.978500000000004,29.295385472731095,1242.452287994741,1259.0717245397734,1.242452287994741,1.2590717245397733,14.11791253249794
TPR,2018-02-07,2018-05-02,48.95446530532837,46.9765,22.72962092269697,1112.7164388634346,1067.7580372750742,1.1127164388634347,1.0677580372750743,-47.138876064498845
YUM,2018-03-27,2018-05-03,84.28211786270141,80.44975286483765,15.494358338153827,1305.8973356632112,1246.517299103712,1.305897335663211,1.2465172991037121,-61.93245119426615
ARE,2018-05-02,2018-05-17,128.81437499999998,122.57867938995362,9.709573923142168,1250.7326964258561,1190.186748937898,1.2507326964258563,1.190186748937898,-62.986866933321835
TGT,2018-05-17,2018-05-24,75.21759030532837,71.214375,16.606887369963122,1249.1300504406183,1182.6491047473176,1.2491300504406184,1.1826491047473175,-68.91272484848878
COP,2018-03-26,2018-05-29,58.399183931350706,64.76760305023194,22.06174469087916,1288.387886049152,1428.8863227344234,1.288387886049152,1.4288863227344235,137.7811624764879
CDNS,2018-04-25,2018-06-28,39.97997908401489,42.698641220092775,31.784214289977676,1270.7322225151547,1357.1427624303026,1.2707322225151547,1.3571427624303025,83.78266493020237
LOW,2018-05-24,2018-07-03,93.89692347335814,95.202375,13.262560297465313,1245.3136093118985,1262.6272388994043,1.2453136093118986,1.2626272388994044,14.80568873929451
AMCR,2018-06-28,2018-07-05,52.52625,51.974000000000004,23.719700799572323,1245.9069341235356,1232.807729356972,1.2459069341235356,1.2328077293569721,-15.577919430043949
KDP,2018-07-03,2018-07-11,123.69181225204467,21.83907538127899,10.082398092198405,1247.1100918705786,220.19025195958446,1.2471100918705786,0.22019025195958447,-1028.3871402548243
DGX,2018-05-29,2018-07-25,106.12303469467163,105.697125,11.628806882587407,1234.0842762584596,1229.1314546697015,1.2340842762584596,1.2291314546697014,-7.416037319686211
AVY,2018-07-25,2018-08-23,115.5077219467163,106.07693225479126,9.157048867850522,1057.7098544801713,971.3516524087928,1.0577098544801713,0.9713516524087928,-88.3872635782675
BX,2018-07-05,2018-09-10,34.287135457992555,35.40228816986084,36.22015539598024,1241.8853743715144,1282.2763788856325,1.2418853743715144,1.2822763788856326,37.86684276086089
ACGL,2018-07-11,2018-09-26,28.074029465675352,29.735125,37.60024042663208,1055.5902576537464,1118.0478491159581,1.0555902576537464,1.1180478491159582,60.28395335544201
LOW,2018-08-23,2018-10-04,106.98346530532837,111.694125,9.845942993888134,1053.353100684872,1099.7339875022153,1.053353100684872,1.0997339875022154,44.227799729156004
CDW,2018-05-03,2018-10-08,76.14805561065674,85.04745133972169,16.088851396276816,1225.1347508352794,1368.315806236866,1.2251347508352795,1.3683158062368659,140.58760484451432
CPAY,2018-09-26,2018-10-08,226.88338927459716,218.58065744018555,4.755138204599883,1078.8618723287443,1039.3812349803861,1.0788618723287444,1.0393812349803861,-41.59888045566731
AVGO,2018-09-10,2018-10-11,23.477732603073118,23.18540200328827,44.973567987256004,1055.8774034109258,1042.7302533067466,1.0558774034109257,1.0427302533067466,-15.245757760896822
AAPL,2018-10-04,2018-10-11,57.72384719467163,53.60318606758118,18.528526748087945,1069.5378467490145,993.1880668359129,1.0695378467490146,0.9931880668359129,-78.41250582668658
FE,2018-10-08,2018-10-29,38.019,36.83157347488404,27.366255464569168,1040.437666507455,1007.9422488757261,1.040437666507455,1.0079422488757261,-34.543797547112035
KDP,2018-10-11,2018-11-21,23.50174477100372,26.25686545753479,43.44877958509151,1021.1221284204175,1140.828759859832,1.0211221284204175,1.140828759859832,117.54468055113409
CBOE,2018-10-11,2018-12-06,102.36115255737305,103.52821183013917,9.975680254753701,1021.1221284204177,1032.7643385638778,1.0211221284204177,1.0327643385638778,9.588323676475966
ERIE,2018-10-29,2018-12-14,131.15554133605957,130.12490744018555,7.838449319501394,1028.0560637344731,1019.9774921747044,1.0280560637344731,1.0199774921747045,-10.12660511567799
PNW,2018-10-08,2018-12-26,82.05100713729858,84.95750000000001,12.680376546340954,1040.437666507455,1077.2930904357618,1.040437666507455,1.0772930904357618,34.73769317136362
WEC,2018-11-21,2018-12-26,72.00598622131348,67.70612786483765,14.860425291878817,1070.0395788098845,1006.1418549378146,1.0700395788098844,1.0061418549378147,-65.97390530581754
HSY,2018-12-14,2018-12-26,109.70482652664184,103.45824713516235,9.722366997189647,1066.590584855038,1005.8590475339928,1.066590584855038,1.0058590475339928,-62.80398695343433
KMX,2018-12-27,2019-01-24,61.98097576332092,59.14041316986084,16.128919615104426,999.6861757523388,953.8709700207487,0.9996861757523389,0.9538709700207487,-47.7687628773632
RMD,2019-01-02,2019-01-28,112.04599286270141,94.12291316986085,8.908601395084206,998.1730883302567,838.503515574412,0.9981730883302568,0.8385035155744119,-161.50624935974952
JBL,2018-12-28,2019-03-08,24.392189160346984,26.766610686302187,41.34773854538054,1008.5618599514922,1106.7388204032115,1.0085618599514923,1.1067388204032116,96.06165977136459
TPL,2018-12-31,2019-03-11,62.35783111953735,78.84944105529786,16.118110717219004,1005.0904260703477,1270.9040209201246,1.0050904260703477,1.2709040209201246,263.53760040278644
NVDA,2019-03-13,2019-05-08,4.102800344467163,4.297850190639496,286.7849655509489,1176.6214554504365,1232.558818865687,1.1766214554504366,1.232558818865687,53.52818314093429
ZS,2018-12-07,2019-06-04,42.63130561065674,67.96600000000001,25.037701257648884,1067.3898941031541,1701.7124036773641,1.067389894103154,1.701712403677364,631.5534072764294
CPAY,2019-05-09,2019-06-04,265.7227913360596,252.58365171051028,4.60408090216913,1223.4092288614247,1162.9155670404996,1.2234092288614247,1.1629155670404996,-62.879986616826955
AMT,2019-01-28,2019-06-27,167.02347244262694,206.82652767944336,6.175100507151549,1031.3867293866783,1277.1745959657246,1.0313867293866783,1.2771745959657246,243.47930525369384
COP,2019-06-27,2019-08-05,62.61129183197021,55.52222423744202,20.208492740241375,1265.279836443504,1122.0204654244008,1.265279836443504,1.1220204654244008,-145.64667132097134
COO,2019-06-04,2019-08-26,76.23309719467163,80.80957347488403,16.300649249568092,1242.6489785785755,1317.248513221286,1.2426489785785755,1.317248513221286,72.03963715091072
SW,2019-08-26,2019-09-04,30.425204847335813,29.13542461872101,42.58184505304003,1295.561358516256,1240.6401366689058,1.295561358516256,1.240640136668906,-57.45742334253532
EXR,2019-03-12,2019-09-10,99.0495,117.55119561004639,11.844343217534105,1173.1762735251443,1392.316706436878,1.1731762735251443,1.392316706436878,216.5749399317715
AMT,2019-08-05,2019-09-10,214.7373198852539,222.71858683013917,5.968185288859394,1281.5921135082663,1329.2257934751904,1.2815921135082662,1.3292257934751903,45.022862059940735
YUM,2019-06-04,2019-09-13,105.0525,113.11341316986085,11.828837758059784,1242.6489785785755,1338.0002126466668,1.2426489785785755,1.3380002126466668,92.77058487686622
MDLZ,2019-09-04,2019-09-16,55.857916831970215,53.86305438995362,23.350186483530415,1304.292774608037,1257.7123645779586,1.304292774608037,1.2577123645779587,-49.14241516926427
GOOGL,2019-09-16,2019-10-03,61.552760358810424,59.13741631698609,20.448410870665843,1258.6561340405885,1209.2661866793499,1.2586561340405886,1.20926618667935,-51.85786968195862
TAP,2019-09-10,2019-10-29,55.82789923667907,54.63266984748841,22.915376179625145,1279.3173123267084,1251.9281812524607,1.2793173123267083,1.2519281812524607,-29.92037656782668
DOC,2019-10-04,2019-11-05,36.33815969467163,35.76210877990723,34.17241405256003,1241.7626389943673,1222.0775886196823,1.2417626389943672,1.2220775886196824,-22.148890602298934
TER,2019-09-10,2019-11-22,57.41869438934326,62.198884542465215,22.28050160200344,1279.3173123267084,1385.8223466912232,1.2793173123267083,1.3858223466912232,103.83989470549704
QCOM,2019-10-29,2019-11-27,82.791375,85.11742366027832,15.279440940978294,1265.0059247348868,1300.546647865451,1.2650059247348868,1.300546647865451,32.97517055796379
MGM,2019-11-05,2020-01-22,30.004994771003723,32.61368606758118,42.48058138227898,1274.629622244479,1385.4483451699803,1.2746296222444788,1.3854483451699804,108.15864495808682
BBY,2019-11-27,2020-02-03,82.3311459159851,85.34730438995362,15.644245548946484,1288.0086630358135,1335.1941868171127,1.2880086630358134,1.3351941868171127,44.56232093144649
JNJ,2019-11-22,2020-02-25,136.7183188934326,145.91701049041748,9.378455600542539,1282.2066835228738,1368.4762042482803,1.2822066835228738,1.3684762042482803,83.61883783763528
IBM,2020-02-03,2020-02-25,137.9752641906738,139.99689158630372,9.58488533948115,1322.477086952228,1341.8541537384945,1.3224770869522282,1.3418541537384945,16.712735545575697
BXP,2019-09-13,2020-02-26,133.55675049591065,137.1713854904175,9.444933721049932,1261.4346564326786,1295.5746443815835,1.2614346564326786,1.2955746443815837,31.58297864809083
SJM,2020-01-22,2020-03-02,107.87390969467162,103.44825,12.459443051074697,1344.0488345375356,1288.907579608338,1.3440488345375357,1.288907579608338,-57.774211343343495
CME,2020-02-27,2020-03-02,220.51019389343261,198.36077671051027,5.997722342043965,1322.5589165630875,1189.7128622618216,1.3225589165630875,1.1897128622618216,-135.35832608009082
ES,2020-03-03,2020-03-12,93.07651377868652,83.67814122009278,13.832475002023253,1287.478550119154,1157.475796642705,1.2874785501191541,1.1574757966427052,-132.44770782321098
AEE,2020-03-03,2020-03-13,84.21208316802978,75.62217366027832,15.288525134216506,1287.478550119154,1156.1515027092505,1.2874785501191541,1.1561515027092506,-133.770677462732
DG,2020-03-11,2020-03-13,163.17154133605956,148.63565171051027,7.419865764200385,1210.7109332512364,1102.8565834664275,1.2107109332512365,1.1028565834664275,-110.16791730152659
MRNA,2020-02-26,2020-03-16,29.064524236679077,23.748120228767398,45.36090152390276,1318.3930217390846,1077.236143074921,1.3183930217390847,1.077236143074921,-243.55250782897747
SJM,2020-03-18,2020-03-24,114.99747244262694,96.79157633972169,10.37281350931879,1192.847335690396,1004.0009706449262,1.192847335690396,1.0040009706449262,-191.0432133518052
ERIE,2020-03-18,2020-05-14,168.9844438934326,158.44074427032473,7.0589180175818225,1192.847335690396,1118.420224448869,1.192847335690396,1.118420224448869,-76.73837880166639
CPB,2020-05-15,2020-05-20,53.0265,49.52522423744202,23.46123230206622,1244.0670346655145,1161.9227906465476,1.2440670346655145,1.1619227906465477,-84.55023384427886
MCK,2020-05-20,2020-06-12,140.1700561065674,150.35477767944337,8.804982365945772,1234.1948722519553,1323.871166103196,1.2341948722519553,1.3238711661031959,87.1182278128856
SW,2020-06-17,2020-06-22,33.25662167930603,31.9040400762558,37.48366045008311,1246.5799147439798,1195.880205204216,1.2465799147439798,1.1958802052042161,-53.14216965971195
FTNT,2020-03-25,2020-07-14,19.905947908401487,26.548719274520874,54.37580770660317,1082.4019956848988,1443.6080541279362,1.082401995684899,1.4436080541279361,358.6800483932245
INCY,2020-06-22,2020-08-06,104.89241633605957,97.75110305023193,11.946145194738143,1253.0600353774907,1167.7488699838814,1.2530600353774908,1.1677488699838814,-87.73197429897073
CLX,2020-03-03,2020-08-12,173.1665418319702,223.40824427032473,7.434915177600772,1287.478550119154,1661.021346126578,1.2874785501191541,1.6610213461265781,370.5942961111782
HRL,2020-03-18,2020-09-09,45.842909694671626,50.60468606758118,26.020323396467177,1192.847335690396,1316.7502968551591,1.192847335690396,1.3167502968551592,121.39336353221756
RVTY,2020-07-14,2020-09-09,104.47220816802978,112.63365744018556,11.898256274503932,1243.0371063465413,1340.1441213580144,1.2430371063465413,1.3401441213580145,94.52383378376862
ERIE,2020-09-15,2020-09-24,224.96243110656738,204.3677662200928,5.660262706403315,1273.3464591343284,1156.7752455265424,1.2733464591343284,1.1567752455265425,-119.0013353124466
MSTR,2020-08-12,2020-09-25,13.508750854969025,14.609691126346588,95.33873210756968,1287.9071788697947,1392.8694284690953,1.2879071788697947,1.3928694284690952,102.28147299196166
JBL,2020-09-25,2020-10-29,34.48723622131347,31.484250000000003,36.171079945257794,1247.44057845212,1138.8193237664827,1.24744057845212,1.1388193237664828,-111.0075145878559
VMC,2020-09-15,2020-11-05,130.97545866394043,132.9335,9.72202328683198,1273.3464591343284,1292.382582600079,1.2733464591343284,1.2923825826000792,16.470394424016376
POOL,2020-09-29,2020-11-10,325.7727903442383,322.5186526794434,3.8609996758562026,1257.8086379218746,1245.24441345291,1.2578086379218747,1.2452444134529101,-15.067277520339303
BIIB,2020-11-05,2020-11-10,348.174,241.1193854904175,3.72673785640359,1297.5532264154633,898.5887418199094,1.2975532264154634,0.8985887418199094,-401.16062656378926
CBRE,2020-10-30,2021-01-05,50.52525,59.10043606758118,25.66731000690539,1296.8472549263965,1516.9492140898985,1.2968472549263965,1.5169492140898986,217.28816269448566
AIZ,2020-08-06,2021-01-26,121.62077755737305,133.40326622009277,10.765601038921293,1309.3207692260708,1436.1663414145246,1.3093207692260709,1.4361663414145247,124.10008507781322
BKNG,2020-11-10,2021-01-26,83.22519318008422,81.29413331985474,14.649618725584327,1219.2173484513348,1190.9280577626928,1.219217348451335,1.1909280577626928,-30.699436094856082
HWM,2020-11-10,2021-01-26,22.561274236679075,26.126929389953613,54.040269873994426,1219.2173484513348,1411.9063152118897,1.219217348451335,1.4119063152118898,190.0578430968917
CLX,2021-01-26,2021-02-05,210.36512450408935,191.904,6.048824920329397,1272.461807468532,1160.7936975108926,1.272461807468532,1.1607936975108926,-114.10136546261879
WST,2021-01-05,2021-02-22,284.8123484344482,280.67959732055664,4.495317078155935,1280.321813987074,1261.7437873250292,1.280321813987074,1.2617437873250292,-21.12009226335681
MRNA,2021-01-26,2021-02-25,145.22256889343262,150.70460877990723,8.762149142274788,1272.461807468532,1320.4962585577216,1.272461807468532,1.3204962585577216,45.441493023163275
ALGN,2021-02-05,2021-03-04,622.4010718688965,523.4381622009278,2.0757582829702312,1291.954180261412,1086.5311008112913,1.2919541802614118,1.0865311008112912,-207.80156473119337
STT,2021-03-04,2021-04-19,79.41968725204467,80.12991316986084,15.808958727333154,1255.5425579052812,1266.7704901271195,1.2555425579052812,1.2667704901271195,8.705619173805871
RCL,2021-02-22,2021-04-21,79.60978469467163,81.10942652511598,15.94862450741785,1269.6665632116985,1293.5837876610722,1.2696665632116986,1.2935837876610723,21.353974098500885
PWR,2021-02-25,2021-05-19,84.042,92.28383683013917,15.382165476316992,1292.7479509606326,1419.5252489106372,1.2927479509606326,1.4195252489106371,124.06502475013349
FRT,2021-04-22,2021-07-07,109.71483366394042,116.15189408493043,11.595586432493368,1272.2078366768542,1346.849327159626,1.272207836676854,1.346849327159626,72.02243331893533
APO,2021-04-19,2021-07-16,51.51574667930603,59.28034637260437,24.920888017138907,1283.818154114281,1477.31887356888,1.283818154114281,1.47731887356888,190.73958242691583
TGT,2021-05-20,2021-08-19,218.38913877868652,244.40773377990723,5.928051796025722,1294.6221263695031,1448.8617051965555,1.2946221263695032,1.4488617051965555,151.49609499548637
DUK,2021-07-16,2021-09-14,104.15204847335815,102.94850000000001,13.276488419207807,1382.7734653933096,1366.7945680248151,1.3827734653933097,1.3667945680248152,-18.728465401912445
TRI,2021-01-26,2021-09-24,86.2424786567688,117.40751443481446,14.754467024686587,1272.461807468532,1732.2853001788844,1.272461807468532,1.7322853001788845,456.8187456027051
WM,2021-07-07,2021-09-29,142.84138927459716,150.42475000000002,9.712045741352089,1387.2821063931674,1460.9320526314527,1.3872821063931675,1.4609320526314529,70.80173207926077
NWS,2021-09-24,2021-10-28,23.591789923667907,22.6586650762558,60.97183738034767,1438.4347787372044,1381.5404422852318,1.4384347787372045,1.381540442285232,-59.71431167299511
DOC,2021-10-28,2021-11-09,35.68783316802978,33.983000000000004,42.06757872307719,1501.3007312521381,1429.5825277463323,1.5013007312521383,1.4295825277463323,-74.64908676480422
VTRS,2021-11-09,2021-11-22,14.727360267162322,13.023484733104706,101.45630394228556,1494.1835395327603,1321.3146254695866,1.4941835395327603,1.3213146254695867,-175.68441222817592
TSN,2021-09-30,2021-12-01,80.76036122131347,79.51022805023194,17.542245255134635,1416.7180634375454,1394.787920748854,1.4167180634375454,1.394787920748854,-24.741648672878
LOW,2021-08-19,2022-01-18,198.84937499999998,239.08039694976807,7.163932474056301,1424.543495008299,1712.7558196187144,1.4245434950082991,1.7127558196187145,285.07502529578846
GILD,2021-11-23,2022-01-20,69.90493774795532,69.03546469497681,21.587285848429847,1509.0578733818052,1490.2883100496513,1.5090578733818052,1.4902883100496513,-21.768909515585392
PDD,2022-01-20,2022-01-27,69.25461122131347,53.87305152511597,22.071756620779432,1528.570923743531,1189.07288168107,1.528570923743531,1.18907288168107,-342.21568586788567
PCG,2021-09-14,2022-02-11,9.80490019083023,11.424285305023194,148.2270843750117,1453.351767874761,1693.3885018318792,1.453351767874761,1.6933885018318793,236.8899936874118
PGR,2021-12-03,2022-02-25,96.17806225204467,102.58867938995363,15.438446020278882,1484.8398224132136,1583.8097890534957,1.4848398224132136,1.5838097890534957,95.90131702881536
LVS,2022-01-18,2022-03-02,42.601291831970215,42.388794847488406,36.35829919704059,1548.9105146072145,1541.1844856669559,1.5489105146072146,1.5411844856669559,-10.816123940532862
GLW,2022-01-27,2022-03-02,40.24011122131348,38.910535305023195,36.071040406464874,1451.502677824639,1403.5434912246697,1.4515026778246392,1.4035434912246696,-50.814232769018645
DDOG,2022-02-11,2022-03-08,176.50820816802977,129.9250104904175,8.249378775033675,1456.0830660805702,1071.8006238856776,1.4560830660805704,1.0718006238856777,-386.8103258848587
LHX,2022-02-25,2022-03-17,228.11399999999998,246.01692938995362,6.046501476805838,1379.2916378800867,1487.541726875592,1.3792916378800868,1.4875417268755922,105.38325563074977
SCHW,2022-03-17,2022-04-04,87.76386122131348,83.03846183013917,15.496246778108421,1360.0104516851336,1286.7844965943732,1.3600104516851337,1.2867844965943733,-75.87275003904006
CHRW,2022-03-02,2022-04-06,104.31213213729858,101.06944274520875,13.335144970894069,1391.0174042739347,1347.7756711348366,1.3910174042739347,1.3477756711348365,-45.98052621450688
BDX,2022-04-07,2022-04-25,212.09499291229247,200.1357371749878,6.542094515584661,1387.545489914476,1309.3069085449808,1.3875454899144761,1.3093069085449809,-80.93543376795469
KR,2022-03-02,2022-04-27,48.11404515266418,56.05196183013916,28.910838817652625,1391.0174042739347,1620.5092338843706,1.3910174042739347,1.6205092338843705,226.4803029722775
AMGN,2022-03-08,2022-04-29,233.97693061065672,236.38175,6.060069630664021,1417.9164914696237,1432.489864418215,1.4179164914696236,1.432489864418215,11.722966592703415
KO,2022-04-04,2022-05-03,62.63129847335815,63.688141220092774,21.970561112049936,1376.044770635955,1399.2641987889149,1.376044770635955,1.399264198788915,20.444119183535122
WM,2022-04-27,2022-05-13,165.08249999999998,157.41126049041748,8.233513570770116,1359.2090040466576,1296.047749439882,1.3592090040466576,1.2960477494398819,-65.81651136026221
MPC,2022-05-04,2022-06-14,94.10702755737304,104.64764694976807,13.994627122569467,1316.992760278805,1464.5047983162983,1.316992760278805,1.4645047983162984,144.73054047889832
IFF,2022-05-16,2022-06-14,131.34563877868652,119.67013835525513,10.082794329732915,1324.3310619128881,1206.6093924467198,1.324331061912888,1.2066093924467198,-120.25260992052813
CCEP,2022-04-26,2022-06-17,51.58578137397766,50.0649551525116,26.64992083108608,1374.7569896262196,1334.2270912263093,1.3747569896262197,1.3342270912263094,-43.23888248076264
CHRW,2022-04-29,2022-06-21,110.39516633605956,100.45974713516236,12.317479516824266,1359.7902001008213,1237.4108776027076,1.3597902001008213,1.2374108776027077,-124.97652357581728
BMY,2022-06-22,2022-07-08,76.50823622131347,74.74260877990723,16.981648779276778,1299.235996232287,1269.2527311472734,1.299235996232287,1.2692527311472734,-32.551753812393144
FICO,2022-07-08,2022-07-27,421.33055511474606,429.2252824401856,3.185393158389523,1342.103467682972,1367.251278092778,1.342103467682972,1.367251278092778,22.438455664030243
INCY,2022-06-22,2022-08-03,72.54625713729858,71.52421755981446,17.909069985146132,1299.2359962322873,1280.9322179115352,1.2992359962322875,1.2809322179115352,-20.88394653489604
WBD,2022-08-03,2022-08-08,16.198095534324644,14.692649809360505,79.23276877333886,1283.4199580395973,1164.139325012702,1.2834199580395973,1.1641393250127021,-121.72819230994742
MMM,2022-07-27,2022-08-23,116.79749767684936,117.83402836608887,11.398308766671587,1331.2939416953363,1343.1086385374192,1.3312939416953364,1.3431086385374191,9.140294261850158
VRTX,2022-06-23,2022-09-07,275.1375,279.75006964111327,4.743512767080215,1305.1182439525328,1326.9980269342002,1.3051182439525328,1.3269980269342003,19.24766671078055
CME,2022-06-22,2022-09-14,206.70330610656737,195.6321307296753,6.285511444903823,1299.2359962322873,1229.647996692295,1.2992359962322875,1.229647996692295,-72.11688353291697
CSGP,2022-09-07,2022-09-19,75.71784030532837,69.87504866027832,16.502662086454734,1249.5459324749766,1153.1243163151548,1.2495459324749765,1.1531243163151548,-98.8242864086119
IRM,2022-08-08,2022-09-21,52.75636454200745,50.98449332237244,24.435462954477867,1289.1261913791527,1245.829697831656,1.2891261913791527,1.2458296978316559,-45.831449436707544
LULU,2022-09-07,2022-09-23,329.36461221313476,302.34875,3.7938074891493936,1249.5459324749766,1147.0529520849577,1.2495459324749765,1.1470529520849577,-104.88957927457886
APA,2022-08-24,2022-09-26,39.06952423667907,32.97350667762757,32.538256446528244,1271.2541988569144,1072.9004162179574,1.2712541988569144,1.0729004162179574,-200.69793725403179
TSLA,2022-09-20,2022-09-26,307.0634586639404,271.6940715789795,4.139169476982488,1270.9876955984562,1124.5878081568073,1.2709876955984563,1.1245878081568073,-148.7954629454041
WYNN,2022-09-21,2022-10-12,67.53375,59.79008969497681,18.313224992556894,1236.760758341089,1094.9493649092676,1.2367607583410891,1.0949493649092676,-144.14310355507178
BIIB,2022-09-29,2022-12-16,269.4246535491943,280.41971755981444,4.220311877120385,1137.0560653627097,1183.4586645964287,1.1370560653627098,1.1834586645964287,44.082084503759916
AMGN,2022-10-12,2022-12-16,244.4821806106567,264.81753720092775,4.488348786745065,1097.3212987246288,1188.5934718046,1.0973212987246288,1.1885934718046,88.98625830944206
LLY,2022-09-29,2023-01-23,334.13698622131346,346.43668035888675,3.4029637910530144,1137.0560653627097,1178.9114791538987,1.1370560653627098,1.1789114791538986,39.53944624667247
ACGL,2022-09-30,2023-02-03,45.752864542007444,61.339313932418825,24.492959434996585,1120.623055262282,1502.3813279172552,1.120623055262282,1.5023813279172553,379.13526827179385
GOOG,2023-01-23,2023-02-10,99.17956225204468,95.69212786483766,12.648582038826975,1254.480829719934,1210.36972976832,1.2544808297199341,1.21036972976832,-46.57595051110229
SW,2023-02-03,2023-02-14,44.092034694671625,40.39978816986084,29.10497406998058,1283.2975264811018,1175.834787116508,1.283297526481102,1.175834787116508,-109.92187167819134
NKE,2022-12-22,2023-02-23,114.3471459159851,120.69962213516236,10.903418635581096,1246.7748017058627,1316.0385092961258,1.2467748017058629,1.3160385092961258,66.70089427926109
L,2022-12-28,2023-03-09,58.779374999999995,58.89053816986085,21.311472383847,1252.6750270522866,1255.044077876877,1.2526750270522866,1.255044077876877,-0.13866828033860656
EQT,2023-02-27,2023-03-16,34.767375,28.435775762557984,35.79112614834893,1244.3635044719529,1017.7484374438758,1.244363504471953,1.0177484374438759,-228.87717896999288
SMCI,2023-02-10,2023-04-26,8.604300381660462,9.459267748355867,144.25345099514527,1241.200023453367,1364.5320165874111,1.241200023453367,1.364532016587411,120.72626109400335
TRI,2023-02-14,2023-05-04,127.90400030136108,128.95936806488038,9.712513693713447,1242.2693544076983,1252.5196282627833,1.2422693544076984,1.2525196282627833,7.755484872414627
PODD,2023-03-15,2023-05-19,309.75480610656734,302.8185162200928,3.8468204148251384,1191.5711117209457,1164.8884501825103,1.1915711117209458,1.1648884501825103,-29.039121100339116
CHD,2023-03-16,2023-05-31,86.4932219467163,91.8840353050232,13.512477910812992,1168.7377509900496,1241.5809974154872,1.1687377509900496,1.2415809974154872,70.43292767703224
F,2023-05-31,2023-07-18,12.486239542007446,13.943024809360505,112.33665896920753,1402.6624332383246,1566.312823008331,1.4026624332383246,1.566312823008331,160.68141451375982
HUBB,2023-04-26,2023-07-26,259.92491093444823,321.19930535888676,4.704282403601752,1222.7601847666774,1511.012240248917,1.2227601847666774,1.511012240248917,285.5182830572239
TTWO,2023-05-19,2023-08-07,140.2700969467163,142.23884255981446,9.104122661097406,1277.03616828693,1294.959869837073,1.27703616828693,1.294959869837073,15.351705512018953
SMCI,2023-05-04,2023-08-10,13.2886405878067,26.528728816986085,92.83349111146269,1233.6308978915756,2462.754510830082,1.2336308978915755,2.462754510830082,1225.4272275297847
MU,2023-07-27,2023-08-11,70.51524335861205,64.86755152511597,23.407291710503006,1650.5708713321421,1518.3737010944737,1.650570871332142,1.5183737010944738,-135.36611481009504
DIS,2023-08-11,2023-08-25,91.36565969467162,83.0284646949768,16.646509736903052,1520.9193437259219,1382.1341459850428,1.5209193437259219,1.382134145985043,-141.6882512305899
GEN,2023-08-07,2023-09-14,20.240114542007444,19.080455152511597,82.11810819008986,1662.0799157403783,1566.8508805301049,1.6620799157403783,1.566850880530105,-98.45796600654398
LIN,2023-07-18,2023-09-22,377.0784596557617,370.6745553588867,4.316783383668567,1627.7660289813305,1600.1217613219767,1.6277660289813305,1.6001217613219767,-30.872155449657157
ADSK,2023-08-28,2023-09-22,217.33861072540282,204.44772805023194,6.805108396747695,1479.0128047849173,1391.2889508506225,1.4790128047849174,1.3912889508506225,-90.59415568993018
CPAY,2023-08-10,2023-09-27,262.75130511474606,262.52867366027834,5.794740540054444,1522.5756397006335,1521.285548185938,1.5225756397006336,1.5212855481859382,-4.3339527025818825
RSG,2023-09-14,2023-09-28,151.36563828277588,145.11740744018556,9.674247744850067,1464.3486848049356,1403.9017516667036,1.4643486848049356,1.4039017516667036,-63.315183574703724
PKG,2023-09-28,2023-10-23,152.31612549591063,144.75758683013916,9.310235812374426,1418.0990463941446,1347.7272690188622,1.4180990463941445,1.3477272690188622,-73.13760369069541
JBL,2023-09-29,2023-10-23,127.02347908401488,124.19787213516236,11.21949552652663,1425.139355346954,1393.4374708245805,1.425139355346954,1.3934374708245805,-34.52046134854527
HUM,2023-09-22,2023-11-02,493.97687599182126,484.2477452392578,2.894560238458238,1429.8458239637416,1401.6842689326102,1.4298458239637417,1.4016842689326101,-30.99308512402763
UNH,2023-09-22,2023-12-20,499.24949999999995,523.5880505981446,2.863990497664478,1429.8458239637416,1499.551201603754,1.4298458239637417,1.499551201603754,66.77598061444496
GRMN,2023-11-02,2024-01-04,114.51722908401489,123.87803244018555,12.421931202407528,1422.5251411719753,1538.804396461593,1.4225251411719753,1.538804396461593,113.31792575198415
MSTR,2023-10-24,2024-01-10,40.859420202255244,56.63966526794434,34.53924656503049,1411.2535888698817,1956.2913640503232,1.4112535888698818,1.9562913640503232,541.6702302275214
T,2023-10-23,2024-01-12,15.37768488550186,16.331830152511596,92.72397336655249,1425.8800437625111,1514.3521840885442,1.4258800437625112,1.514352184088544,85.53190809818193
DAL,2024-01-10,2024-01-16,42.25111454200744,38.120929389953616,36.83942853428836,1556.5069146643148,1404.353253921849,1.556506914664315,1.404353253921849,-155.11452091105207
KVUE,2023-12-20,2024-01-23,21.40069438934326,20.584701813697816,73.24399239179427,1567.472297032172,1507.7057430298364,1.5674722970321722,1.5077057430298364,-62.84173204239778
JBHT,2024-01-23,2024-02-21,208.00394389343262,200.21984732055665,7.319180935122303,1522.4185005750612,1465.4452893417167,1.5224185005750612,1.4654452893417167,-59.961075023261174
MELI,2024-01-16,2024-02-26,1659.4092460327147,1624.1975047607423,0.9132246102006794,1515.4133618716291,1483.2571331740448,1.5154133618716292,1.483257133174045,-35.154899192629955
CNC,2024-02-21,2024-03-15,79.63979847335816,75.43226622009277,19.2646257900964,1534.2309155879354,1453.1743812290167,1.5342309155879355,1.4531743812290168,-84.04393965573558
CRM,2024-01-12,2024-04-16,271.3656259918213,274.6426087799072,5.703894097151447,1547.8407922645567,1566.5323550459868,1.5478407922645567,1.5665323550459869,15.57718963411935
XYZ,2024-02-26,2024-04-16,77.55875664138793,72.33381774520875,19.76041669152236,1532.5933493102027,1429.3463795339592,1.5325933493102026,1.4293463795339592,-106.2089095050876
MPC,2024-01-04,2024-04-17,159.9099168319702,204.8775057296753,10.067293258584533,1609.860027703307,2062.561932267974,1.609860027703307,2.062561932267974,449.02948260469566
HAL,2024-03-15,2024-04-17,37.41870152664185,38.37080438995361,42.20458154250622,1579.2406397958578,1619.4237427273529,1.5792406397958578,1.619423742727353,36.984438548971866
GPC,2024-04-19,2024-05-22,161.0805,151.08442366027833,9.759560444560625,1572.0748761900477,1474.5175649440919,1.5720748761900478,1.4745175649440918,-100.60390368709
ELV,2024-04-19,2024-05-28,532.9563474426269,519.74,2.949725401965088,1572.0748761900477,1533.0902804173347,1.5720748761900478,1.5330902804173347,-42.08976092932039
UAL,2024-04-18,2024-05-29,49.24461122131348,49.455259542465214,31.465572290609515,1549.5098743071997,1556.1380442842953,1.5495098743071998,1.5561380442842954,3.522522058504137
UNH,2024-04-17,2024-05-30,478.83930610656734,482.0788473205567,3.2364141033395653,1549.7222835166258,1560.2067803899306,1.5497222835166258,1.5602067803899307,7.374567809398286
IR,2024-05-22,2024-06-04,95.44770152664184,89.87503816986084,16.64675524626494,1588.8945261325553,1496.127763162393,1.5888945261325553,1.496127763162393,-95.8517852594573
BBY,2024-05-31,2024-06-27,81.24059694671631,83.91801908493042,18.573489870981817,1508.9214045023516,1558.650477466814,1.5089214045023516,1.558650477466814,46.66150108249303
ASML,2024-05-29,2024-07-18,962.0307627868651,953.0232500000001,1.5823258176332535,1522.246113315069,1507.9932932797508,1.5222461133150689,1.5079932932797508,-17.283059441912883
ROST,2024-05-28,2024-07-19,141.35063877868652,144.9275,11.001337912677727,1555.0461413771784,1594.3964003396013,1.5550461413771783,1.5943964003396014,36.20081642070613
LHX,2024-06-04,2024-07-29,225.59273572540283,229.48520610046387,6.761082326422338,1525.2510584822862,1551.568371141234,1.5252510584822863,1.551568371141234,23.2404932293241
FDX,2024-06-27,2024-08-06,236.31470780181883,229.3775939178467,6.530593776839619,1543.275360146231,1497.9718873863349,1.543275360146231,1.4979718873863348,-48.34472000742858
CNC,2024-07-29,2024-09-05,73.42669438934325,73.22337213516236,21.058981923541868,1546.2914298506128,1542.0096701751636,1.5462914298506127,1.5420096701751635,-7.370060775475167
JNJ,2024-07-18,2024-09-26,155.67780610656737,160.15988549041748,10.008319973113629,1558.0732962268692,1602.931380845337,1.5580732962268693,1.602931380845337,41.69707994139549
KVUE,2024-08-07,2024-10-08,20.700345534324644,22.058964694976808,73.51280423221687,1521.7404488040522,1621.6163531872135,1.5217404488040522,1.6216163531872134,96.73254758117014
IP,2024-07-19,2024-10-10,45.72285076332092,47.07644847488404,33.820594646044135,1546.3740017278465,1592.1534812444356,1.5463740017278464,1.5921534812444356,42.64095203361694
HON,2024-10-10,2024-10-25,209.16614579772948,206.58594063568117,7.500356044587048,1568.820565956976,1549.4681085735324,1.568820565956976,1.5494681085735325,-22.47074605797411
APD,2024-10-08,2024-10-31,309.4146397705078,308.59562500000004,5.038008545774667,1558.8335993516084,1554.7073959386746,1.5588335993516085,1.5547073959386746,-7.239744408224169
WST,2024-10-25,2024-11-20,328.164,301.9489561004639,4.790969433215532,1572.2236930817419,1446.628219068661,1.572223693081742,1.4466282190686612,-128.61432592523124
HPQ,2024-09-26,2024-11-29,36.49823954200745,34.232875,43.481643780237675,1587.003450371353,1488.501676323404,1.587003450371353,1.488501676323404,-101.57727917464399
CMS,2024-11-29,2024-12-05,70.48522194671631,67.37629866027832,22.08703843722758,1556.8098063936402,1488.1428982676923,1.5568098063936402,1.4881428982676923,-71.71186083060911
EIX,2024-11-20,2024-12-09,85.77286835861206,83.71812213516236,18.16362534470407,1557.9462456064516,1520.6246050252657,1.5579462456064517,1.5206246050252659,-40.400211431817524
GRMN,2024-10-31,2024-12-19,204.60225,206.8965,7.536721315712741,1542.0301388177872,1559.3212616963613,1.5420301388177873,1.5593212616963612,14.18977147805981
FDS,2024-09-05,2025-01-07,431.7557785491943,466.6165811004639,3.637738063873657,1570.6144299258096,1697.428898303747,1.5706144299258096,1.697428898303747,123.54642504970775
AVGO,2024-12-09,2025-01-28,179.0394719467163,207.90598950958253,8.603178843298611,1540.308597167345,1788.6524103439033,1.540308597167345,1.7886524103439034,245.01485216904712
KLAC,2025-01-07,2025-01-28,69.51273582458495,69.69813520812988,23.19137727544958,1612.0960819566092,1616.3957490070356,1.6120960819566093,1.6163957490070358,1.0711752194627024
AMZN,2024-12-05,2025-02-21,218.13901377868652,223.16835877990724,7.0097010236482244,1529.089268182073,1564.34347298541,1.5290892681820731,1.56434347298541,32.16077206216937
WMT,2025-01-28,2025-02-21,97.27861835861205,96.48173377990723,16.33330887081551,1588.8817201773948,1575.8659582190194,1.5888817201773948,1.5758659582190193,-16.18050963677183
T,2025-01-28,2025-03-13,24.072029465675353,25.77710591506958,66.00530804612896,1588.8817201773948,1701.4258164618604,1.5888817201773948,1.7014258164618605,109.25378874782655
DRI,2024-12-20,2025-03-14,183.4616801147461,182.27881011962893,8.67495987534397,1591.522713658613,1581.2613639132232,1.591522713658613,1.5812613639132234,-13.434133822961485
BAX,2025-02-21,2025-03-21,33.52675332069397,33.203391220092776,47.710349500501195,1599.5731185473983,1584.145399712499,1.5995731185473983,1.584145399712499,-18.61143735315909
CVX,2025-02-21,2025-04-04,158.2090698852539,151.6841145095825,10.110502006664591,1599.5731185473983,1533.6025441282757,1.5995731185473983,1.5336025441282757,-69.10375008179835
LUV,2025-03-17,2025-04-04,31.715850763320923,27.986,49.781122514678906,1578.8506525061514,1393.1744946958038,1.5788506525061514,1.3931744946958038,-188.64818295754958
INTC,2025-03-17,2025-04-07,24.43221007633209,19.130429389953616,64.62168782821705,1578.8506525061514,1236.2406360573314,1.5788506525061514,1.2362406360573315,-345.42510773738354
PDD,2025-03-21,2025-04-07,127.53373622131348,98.50072805023194,12.533737554341705,1598.4743791225858,1234.5822742931914,1.5984743791225857,1.2345822742931913,-366.7251614828101
CCEP,2025-04-04,2025-04-07,89.41468774795531,82.33880725479126,16.274854701934693,1455.211051316833,1340.052124402334,1.455211051316833,1.340052124402334,-117.95419009021816
HUM,2025-04-09,2025-04-22,282.00091534423825,248.02591889953615,4.687857545864477,1321.980118937177,1162.7101754831615,1.321980118937177,1.1627101754831615,-161.75463374843594
CNC,2025-04-04,2025-04-28,64.29213213729858,57.92102576255799,22.63435669249805,1455.211051316833,1311.0051571051063,1.455211051316833,1.3110051571051062,-146.9721104201485
KDP,2025-04-04,2025-05-14,35.957968626022335,32.9835,40.469779215050394,1455.211051316833,1334.8349627396146,1.455211051316833,1.3348349627396148,-123.16613459127484
ROST,2025-04-10,2025-05-27,136.1180280532837,138.00097232055666,9.808626456941221,1335.1308912301058,1353.5999881870252,1.3351308912301059,1.3535999881870253,15.780366077502322
WM,2025-05-27,2025-06-26,236.92840255737303,229.75506011962892,5.381109269943269,1274.9376233143305,1236.3370838261083,1.2749376233143306,1.2363370838261083,-41.11181419536274
VRSN,2025-04-28,2025-07-30,275.0474586639404,276.90148854064944,4.68848747732268,1289.5565656153121,1298.2491614748446,1.289556565615312,1.2982491614748446,6.104790132442304
FIS,2025-04-22,2025-08-06,77.08852805328368,72.19388835525513,16.634649898279786,1282.3406753400939,1200.920057585167,1.2823406753400939,1.2009200575851668,-83.90387848785213
AXON,2025-08-06,2025-08-13,860.1898897705078,776.5914904785157,1.4847074155853996,1277.1303081538604,1153.0111447939705,1.2771303081538603,1.1530111447939706,-126.54930481283759
WM,2025-07-30,2025-08-19,235.11749999999998,224.34777671051026,5.633061183179502,1324.4312627362065,1263.7647525205978,1.3244312627362065,1.2637647525205977,-63.254706230865395
NEE,2025-08-19,2025-09-05,75.83790305328368,71.214375,16.506599755295984,1251.825911981493,1175.5071849485564,1.251825911981493,1.1755071849485565,-78.74606012986669
FOXA,2025-05-14,2025-09-11,54.97747576332092,57.071448474884036,23.501045164959486,1292.0281409692705,1341.2386882379078,1.2920281409692704,1.341238688237908,46.5772804394303
WYNN,2025-06-26,2025-10-09,92.90643061065673,121.75908969497681,13.799304073915078,1282.0440864185439,1680.1907024640848,1.2820440864185438,1.6801907024640848,395.18438125665807
PH,2025-08-13,2025-10-13,757.4485423278808,724.6874627990723,1.6825148186378265,1274.4183968222803,1219.2973950404876,1.2744183968222804,1.2192973950404875,-57.614717573655525
BKR,2025-09-05,2025-10-13,46.033003320693965,45.91702862739563,28.21826599905897,1298.9715324389072,1295.6989276942556,1.2989715324389073,1.2956989276942557,-5.867275204784619
ORCL,2025-09-11,2025-10-22,330.5051663360596,274.6825973205567,3.8991968794860843,1288.7047132315927,1071.0415263214472,1.2887047132315927,1.0710415263214472,-220.02293314969847
PSA,2025-10-13,2025-10-30,297.60872145080566,293.4532061004639,4.055064520402873,1206.8225673176235,1189.971684456463,1.2068225673176234,1.189971684456463,-19.247677112934525
PEP,2025-10-13,2025-11-04,148.7243188934326,144.62764694976806,8.11449382519858,1206.8225673176232,1173.5801481268932,1.2068225673176232,1.1735801481268933,-35.62282190617452
XYZ,2025-10-09,2025-11-05,81.13054133605957,72.84355725479126,15.45086485146453,1253.537029509613,1125.4959584436983,1.2535370295096129,1.1254959584436983,-130.42010405386782
TER,2025-10-30,2025-11-21,172.836375,155.25233683013917,6.953803334483359,1201.8701607950163,1079.5942175357554,1.2018701607950164,1.0795942175357554,-124.55740763759172
EXE,2025-11-04,2025-12-15,109.51472908401489,112.71361164474487,11.116596069186558,1217.4310068533907,1252.991692153791,1.2174310068533907,1.2529916921537911,33.090262601393306
CSCO,2025-10-09,2026-01-08,70.34515255737304,74.27284255981446,17.819806823039247,1253.537029509613,1323.5277066139015,1.2535370295096129,1.3235277066139015,67.4136123681651
BAC,2025-12-15,2026-01-15,55.437704847335816,52.69364122009278,22.145951910407586,1227.7207455724686,1166.9508444444457,1.2277207455724686,1.1669508444444456,-63.164572718039835
INTC,2026-01-08,2026-01-26,42.64130893135071,44.25785877990723,28.425670974493677,1212.1078176043138,1258.059331713249,1.2121078176043139,1.2580593317132491,43.48134695961767
HSIC,2025-11-05,2026-01-30,71.5257428627014,74.34280725479127,16.717633376800645,1195.7411461819574,1242.8357958877557,1.1957411461819574,1.2428357958877556,44.656072763728616
WMT,2025-11-21,2026-02-23,108.03399335861205,123.45823664474489,10.985201199811318,1186.775153463433,1356.2135693164412,1.186775153463433,1.3562135693164412,166.8954271302282
LUV,2026-01-30,2026-03-03,48.564270915985105,46.49674045753479,24.999739299556524,1214.0941121726628,1162.4063897175122,1.2140941121726627,1.1624063897175123,-54.06422295704078
FE,2026-01-15,2026-03-23,46.273125,48.865554389953616,26.860876997592857,1242.936718919239,1312.5716458877278,1.242936718919239,1.3125716458877277,67.07941860368169
AKAM,2026-03-24,2026-04-13,113.20657652664184,91.80407347488404,11.023006260659168,1247.8768018009641,1011.9568766676609,1.247876801800964,1.011956876667661,-238.17975881177176
DVN,2026-01-26,2026-04-14,39.28963545799255,46.60668606758118,30.967733848793802,1216.710973879245,1443.3034497151402,1.2167109738792452,1.4433034497151402,223.93246141230065
KMX,2026-04-13,2026-04-15,46.88343061065674,41.57919847488404,26.301879861853116,1233.1223594330204,1093.6110830385462,1.2331223594330205,1.0936110830385462,-141.83800983694573
CDW,2026-04-14,2026-05-07,132.28611122131346,109.45524713516237,9.493114196267904,1255.8071604041256,1039.0711604348216,1.2558071604041257,1.0390711604348217,-219.03087829014294
REG,2026-04-15,2026-05-11,79.47972244262695,77.80107633972169,15.152670814628307,1204.3300706111518,1178.8940987995697,1.2043300706111517,1.1788940987995697,-27.819195980992845
VRSN,2026-03-04,2026-06-09,233.6467637786865,283.3982385406494,5.296603778712747,1237.5343319141955,1501.04818113494,1.2375343319141956,1.50104818113494,260.7752667076952
GEN,2026-05-11,2026-06-12,22.691340305328367,23.958014313697817,54.831835125047895,1244.207830388119,1313.661890772216,1.244207830388119,1.3136618907722162,66.89619066293676
CPB,2026-06-10,2026-06-23,22.271130228996277,20.859565838813783,58.476045864086004,1302.3276327158185,1219.7849286953965,1.3023276327158184,1.2197849286953966,-85.06481658183316
TXN,2026-06-23,2026-06-29,314.0669586639404,280.1898215789795,3.9999650458229774,1256.2568567036915,1120.7494925112946,1.2562568567036916,1.1207494925112946,-137.88437054161182
DRI,2026-06-12,2026-07-14,213.35662499999998,197.7810648803711,5.999807612937104,1280.0987029455669,1186.6483387640578,1.2800987029455668,1.1866483387640578,-95.91711122321885
MAA,2026-06-29,2026-07-15,140.06000049591063,133.0634398803711,9.305029391916657,1303.26242124631,1238.1592190763881,1.30326242124631,1.2381592190763882,-67.64462381024441
MOH,2026-02-24,2026-07-24,157.80886072540284,198.23083683013917,8.100661535493774,1278.356168038365,1605.800915058651,1.278356168038365,1.6058009150586512,324.5605899371892
CI,2026-07-14,2026-08-03,304.65225,278.91046279907226,4.2654447223219005,1299.477331905992,1189.6771615466616,1.299477331905992,1.1896771615466617,-112.28932485278301
DOC,2026-05-07,2026-08-07,19.50975,21.0794551525116,64.1905071768659,1252.3407473938596,1353.1009172517188,1.2523407473938597,1.3531009172517188,98.15472819321349
JBL,2026-08-07,2026-08-20,347.4936673278808,320.0099284210205,3.506465985739306,1218.474724745024,1122.1039291071784,1.218474724745024,1.1221039291071784,-98.7113742916979
NTAP,2026-07-15,2026-09-03,175.50770816802978,161.86902194976807,7.347605382286428,1289.5613811681712,1189.349696903556,1.2895613811681712,1.189349696903556,-102.69059534268695
DGX,2026-07-24,2026-09-15,228.11399999999998,246.95646183013918,5.232696444510864,1193.6513167431513,1292.2481997675523,1.1936513167431513,1.2922481997675523,96.1109835078903
AMZN,2026-08-03,2026-09-15,278.4291535491943,248.29578816986086,4.342796417007858,1209.161130423972,1078.2980592222139,1.209161130423972,1.0782980592222138,-133.15053039140435
MRNA,2026-08-20,2026-09-15,150.21506938934326,143.69811927032472,7.995047155182724,1200.9765631868443,1148.8732396773175,1.2009765631868443,1.1488732396773176,-54.45317331239107
ULTA,2026-09-03,2026-09-15,559.5496545410156,544.0478473205567,2.042875101429644,1143.0900572753994,1111.4218012775616,1.1430900572753995,1.1114218012775616,-33.92276785639092
