date_index,equity
0,5000.0
1,5000.0
2,5000.0
3,5000.0
4,5000.0
5,5000.0
6,5000.0
7,5000.0
8,5000.0
9,5000.0
10,5000.0
11,5000.0
12,5000.0
13,5000.0
14,5000.0
15,5010.122335063828
16,5044.988682994247
17,5017.870484220461
18,5018.583505442896
19,4980.9615254637465
20,5041.241639932567
21,5079.038536758783
22,5114.051240543675
23,5299.311977793356
24,5191.6419669545285
25,5189.082742712344
26,5197.753282513573
27,5218.9721230145
28,5271.559714326411
29,5266.429026056552
30,5228.8848401640635
31,5214.904657800729
32,5206.110476694668
33,5213.046419200038
34,5204.809855258026
35,5240.539364834425
36,5240.26397807944
37,5229.532098348375
38,5235.378956973843
39,5282.151999316156
40,5249.878749263583
41,5204.060782276062
42,5192.037169013745
43,5112.636001047489
44,5114.995577632294
45,5053.505491134494
46,5019.274154277501
47,5016.057001957175
48,4987.504707999191
49,4991.260750476367
50,4986.113929916937
51,5030.125367888237
52,5009.629499996108
53,5108.762351478016
54,5109.990979938881
55,5073.807754650518
56,4967.243729537278
57,4965.345017783928
58,4963.084051910078
59,5020.742576013496
60,5000.020984476818
61,4970.566887409492
62,4994.7753067424965
63,5058.679914446545
64,4995.4127234792695
65,5013.866949317954
66,5007.515763752049
67,5017.665250661636
68,4980.639042089019
69,5013.110118401505
70,5064.667322684816
71,5083.8988655982685
72,5029.917894259418
73,5048.208544526455
74,5000.274638522798
75,5019.91189343674
76,5083.558780256703
77,5095.766833134181
78,5108.066859346449
79,5030.123638659577
80,5047.647405561356
81,5002.377394333785
82,5063.315718682498
83,5073.042894494018
84,5012.172383398411
85,4992.258595302348
86,4979.288896109199
87,5039.784519523177
88,5016.483740450581
89,5009.954650235496
90,5015.84396299227
91,5028.717829918576
92,5055.379776315287
93,5072.66151118733
94,5043.848677910598
95,5009.79094248788
96,5000.4794800268155
97,4983.467799194627
98,4971.713810065431
99,4994.365486323429
100,4972.484610688094
101,4957.825903127213
102,4948.16111207768
103,4952.982613021794
104,4995.592209023692
105,4959.580962843416
106,4965.153001463965
107,4931.916385883314
108,4942.189684238911
109,4984.225656899691
110,5005.55950447147
111,4984.951303495765
112,4952.427200838755
113,4957.964598224362
114,4957.1034811118025
115,4998.206238393552
116,4985.999202364204
117,4993.72928364923
118,5019.590994469431
119,5008.033489331576
120,4985.175410376584
121,4995.498593160614
122,4863.10499398727
123,4907.637003980304
124,4935.481449591329
125,4911.67396461239
126,4897.44007080495
127,4908.505559344241
128,4855.789227874679
129,4862.910260974294
130,4935.929921159721
131,4965.919111741015
132,4961.989133600524
133,4950.987598764901
134,5027.814301781764
135,5079.246848536029
136,5059.663017227311
137,5028.7426800625335
138,5052.002346456974
139,4997.681161957727
140,5005.591861219894
141,4942.378406891983
142,4980.795418748704
143,5001.3711294336745
144,4983.275396582011
145,5042.794403205064
146,5031.324666101038
147,5026.854672166882
148,5056.934814614433
149,5045.653997160987
150,5046.33701165067
151,5087.77891311463
152,5091.477326497269
153,5063.551785932523
154,5064.606394922482
155,5078.144624170954
156,5143.526910788687
157,5126.375401325511
158,5061.488485072005
159,4988.559413902342
160,4694.476778408544
161,4604.316996908008
162,4556.179125109919
163,4658.997261652226
164,4749.92304119259
165,4741.873419693227
166,4704.326167288852
167,4593.488386600392
168,4650.755855777655
169,4711.94403214615
170,4677.846945666369
171,4789.424398970181
172,4730.905520095992
173,4700.508457223314
174,4714.877773953416
175,4725.703999960526
176,4761.306641987971
177,4789.397057864928
178,4806.823485320972
179,4693.740880615818
180,4694.123661687376
181,4637.792460759766
182,4621.359947762692
183,4560.072073142357
184,4528.980521670995
185,4362.197072721751
186,4360.021786348136
187,4384.347721443972
188,4358.098200809791
189,4391.672956719853
190,4431.352040234836
191,4396.959986277809
192,4387.719343711454
193,4435.574842049006
194,4410.435548433885
195,4446.096604462199
196,4424.903902509457
197,4418.882021367489
198,4477.282299757771
199,4483.054800461189
200,4501.434805975316
201,4511.743897961301
202,4506.231475573937
203,4513.507377580605
204,4452.835645900215
205,4439.9894634097
206,4441.427307975202
207,4449.448976851205
208,4415.486791679899
209,4482.828474645522
210,4511.550476273878
211,4538.80994290542
212,4555.501053629362
213,4575.7873044967155
214,4523.871482213789
215,4496.9031367609605
216,4512.329398849034
217,4490.126479829445
218,4432.682094229453
219,4447.837280792099
220,4489.733887382109
221,4487.004841298329
222,4515.5191775954445
223,4478.377903084582
224,4471.5881362113
225,4456.499400266744
226,4487.8583292997
227,4499.5383397523
228,4508.914145890385
229,4489.915433728644
230,4523.529952673144
231,4490.549366567962
232,4417.68546173005
233,4484.550458265737
234,4480.259186795686
235,4448.158573987285
236,4412.3608910718685
237,4419.493792279825
238,4378.7128818976435
239,4383.451409378845
240,4421.796469033896
241,4486.359481995236
242,4441.004964563808
243,4376.678914115451
244,4385.702784002672
245,4400.948037878541
246,4428.626032379501
247,4442.556896785383
248,4452.896751314716
249,4480.816818945723
250,4458.959670098078
251,4399.458948521202
252,4347.083120464368
253,4383.555198296808
254,4291.195917797251
255,4262.21259056553
256,4253.477001568573
257,4154.116265310353
258,4098.996460844567
259,4085.5301414361247
260,4151.965730164038
261,4113.177491777658
262,4106.331084305804
263,4077.476970599113
264,4110.478755972081
265,4155.517324712162
266,4030.207697540945
267,4140.288324451925
268,4095.1862293952654
269,4147.123333818643
270,4212.048773143695
271,4218.944365677813
272,4212.68532561518
273,4246.33592706882
274,4250.13237688271
275,4222.170004074241
276,4200.852207065881
277,4122.573445737071
278,4160.8507751830175
279,4118.6570683649625
280,4184.706543942031
281,4236.135225351292
282,4319.098698814066
283,4318.020274768028
284,4269.322662241448
285,4350.8726291433195
286,4278.676968227317
287,4303.050894111904
288,4282.329941301989
289,4274.872232026173
290,4263.708316113364
291,4313.66923236354
292,4378.548202990967
293,4387.240728091888
294,4339.807131392526
295,4438.772343953344
296,4382.149217246156
297,4344.879412853148
298,4372.334467724679
299,4390.712802129774
300,4402.0083439760665
301,4412.295861615604
302,4450.030529672477
303,4405.438707189363
304,4397.35060135821
305,4346.188243507048
306,4356.275291175832
307,4353.167823010749
308,4367.709079587196
309,4388.930286517794
310,4427.67133295703
311,4425.43131366972
312,4468.45075384757
313,4456.689428087892
314,4438.664016746149
315,4368.138338370806
316,4397.721078702789
317,4384.471163386823
318,4427.096846758122
319,4396.681306000193
320,4484.205030080851
321,4479.556045752599
322,4457.106697025547
323,4469.813059279035
324,4578.841077974955
325,4601.18528406861
326,4558.717893591527
327,4533.833964419364
328,4570.28453302893
329,4542.396315416757
330,4572.817264214918
331,4623.6090969502
332,4510.299983515574
333,4474.040700060081
334,4496.249967719729
335,4448.399943100129
336,4448.92936860561
337,4454.394998386838
338,4486.825621354406
339,4507.387039805045
340,4558.040979360763
341,4501.696433263023
342,4517.34396022817
343,4486.114039267679
344,4511.139503907255
345,4524.080895382575
346,4491.33046147332
347,4462.125748468693
348,4468.101438411406
349,4461.533316584077
350,4552.545290316143
351,4567.881716246532
352,4603.596596566389
353,4613.340170740487
354,4606.941531949513
355,4618.925426171969
356,4630.481349538904
357,4616.2695246343865
358,4632.187187736928
359,4686.836925381962
360,4710.133574170309
361,4747.579444764906
362,4670.650570197944
363,4616.430891896061
364,4619.030202668154
365,4636.932508303126
366,4647.116034111861
367,4695.663006266611
368,4721.140829354243
369,4740.068067329505
370,4720.499993413652
371,4745.953725565084
372,4602.045752891307
373,4598.155494014374
374,4620.33905182985
375,4600.267101335702
376,4686.11105280186
377,4689.498849011757
378,4690.240585345966
379,4711.719116041626
380,4695.224311769401
381,4729.908821078565
382,4703.328891004798
383,4730.194719480789
384,4712.227995661422
385,4714.264081379998
386,4705.3608733080855
387,4667.189548325427
388,4703.534178574652
389,4699.286400833306
390,4699.308718928074
391,4743.932822940616
392,4732.087237729176
393,4709.475212280971
394,4682.912016098314
395,4722.097155596533
396,4743.408450411623
397,4750.938134370869
398,4719.068377503869
399,4699.0005596068
400,4717.530089710883
401,4739.081367649421
402,4714.95598283174
403,4721.3280427090185
404,4745.613661577167
405,4749.161117595826
406,4759.613689460804
407,4754.987062475178
408,4714.685611156813
409,4762.221144586004
410,4773.494490607178
411,4758.672892363529
412,4762.53383071843
413,4729.632253613984
414,4714.681000086169
415,4728.730132145757
416,4726.581328418974
417,4735.331792417779
418,4719.641595223024
419,4713.255780577229
420,4711.31031296729
421,4732.41614916544
422,4716.642254221731
423,4711.375472602379
424,4712.333209456652
425,4633.5983122404705
426,4657.918785917184
427,4644.89631856453
428,4671.289673266937
429,4707.667394871058
430,4684.263744670308
431,4650.731314542926
432,4646.2434898537085
433,4668.700490916779
434,4674.198747454192
435,4663.065625973481
436,4617.980490479518
437,4632.345103642076
438,4653.597040907147
439,4620.994062985384
440,4647.335163670847
441,4637.439987086607
442,4666.153657566003
443,4710.385074351666
444,4729.771641922741
445,4723.070352022715
446,4723.3458185102945
447,4695.371162366778
448,4692.621706318977
449,4675.717892568151
450,4691.495993299143
451,4681.9452182869245
452,4688.579775285066
453,4696.459323598708
454,4660.36214872896
455,4644.6670213652815
456,4658.212698596053
457,4648.973388474911
458,4647.6724745302445
459,4681.263450701788
460,4690.015928269109
461,4691.096993300839
462,4679.395644778379
463,4671.794082713704
464,4675.639745503184
465,4653.931442873881
466,4717.512316812531
467,4725.605630177307
468,4834.7895807072655
469,4898.860182108289
470,4902.883060717371
471,4945.009396022662
472,4951.510974965478
473,4913.104510751978
474,4940.9625499325875
475,4972.795076089955
476,4968.219013459397
477,4989.623952728965
478,5007.190565857263
479,5014.514428136585
480,4982.168424219618
481,4960.275895709628
482,4974.249103971957
483,5023.645424580251
484,5007.80171866134
485,5021.4632694792
486,5044.596089472097
487,5064.64596576433
488,5101.845550794904
489,5043.559033164744
490,4984.01505385343
491,4976.627051946673
492,4927.311953069963
493,4956.570655348541
494,4879.72337827199
495,4873.550692989118
496,4888.201929837229
497,4885.222279641709
498,4851.684137724483
499,4866.415284700616
500,4868.194881305902
501,4834.235882050594
502,4862.777979390571
503,4860.325296054624
504,4847.139404845884
505,4892.223386350149
506,4880.756150079574
507,4883.42855069459
508,4841.442871247151
509,4829.5893965513515
510,4842.017875953267
511,4820.241716025
512,4836.366422602766
513,4861.60857364164
514,4886.620697392361
515,4848.802341897777
516,4879.526979255728
517,4836.845919684017
518,4861.06793313816
519,4898.565348056423
520,4924.597361891229
521,4925.902876206567
522,4908.82719535964
523,4941.593957006713
524,4887.393934312905
525,4923.79989755351
526,4916.813680906697
527,4930.743768270825
528,4938.458178453525
529,4922.4834998598
530,4945.498152772238
531,4972.470670908227
532,4978.614962924661
533,4973.80773555114
534,4968.871886332348
535,4995.025264480127
536,4999.794388039165
537,5033.11223831374
538,5026.569239373765
539,5053.183896465112
540,5068.478950079003
541,5081.923028433042
542,5075.480834854674
543,5079.673229650962
544,5040.370719258208
545,5034.2777610488965
546,5010.95384370634
547,5002.0963270323255
548,4980.2049643907185
549,4971.629719755353
550,5006.056032797881
551,5006.379455624488
552,5009.010103603514
553,5044.009468226845
554,5025.247372379689
555,5032.352612541585
556,4998.987038850357
557,4962.297989243072
558,4961.495008691571
559,4961.659653076878
560,4977.206951423994
561,4965.2055147463225
562,5000.557444874492
563,4988.2333034552175
564,5007.116255579431
565,4999.263575357058
566,4940.250393707908
567,4965.875505898692
568,4981.325204465716
569,5001.265392626817
570,4998.170391232214
571,4992.330024698609
572,4991.245330950879
573,4969.286101254438
574,4936.753766931017
575,4988.487010691474
576,4959.055847246183
577,4976.6317075179795
578,5006.332140671202
579,4991.7818927357375
580,5021.099255418896
581,5025.88369350795
582,5025.723999698845
583,5051.3966481874695
584,5032.199396399185
585,5036.255765260583
586,5037.459872676237
587,4987.323694933368
588,5023.761312577198
589,5030.510796006565
590,4986.449053238408
591,4995.616137609478
592,4981.851330555019
593,4972.786995738453
594,5284.744244750505
595,5340.527284640762
596,5289.29699704517
597,5195.901493784866
598,5269.621186830103
599,5264.419688270492
600,5348.785378156479
601,5380.583424940489
602,5356.95419674544
603,5398.348194721639
604,5402.965862216889
605,5413.749024694522
606,5481.7598261766525
607,5475.701730702101
608,5544.27643432771
609,5506.1039843278995
610,5486.812573021247
611,5452.290713993277
612,5473.940325227304
613,5376.992391186311
614,5356.324683896558
615,5371.246885518322
616,5366.624687730589
617,5372.14215722444
618,5402.970800975134
619,5471.100061249307
620,5420.08798314984
621,5428.948336652312
622,5375.414510012855
623,5443.654978640048
624,5414.013165478427
625,5318.054038878654
626,5356.237002287449
627,5290.847935571108
628,5258.151421541402
629,5270.516539840373
630,5263.430165655141
631,5225.978926764707
632,5272.703327850768
633,5269.936478210473
634,5286.663136991926
635,5300.23230945552
636,5263.328214771659
637,5289.1107866966395
638,5267.953120498004
639,5237.96741355127
640,5375.991057739733
641,5378.916509048481
642,5301.795166982089
643,5353.959296632437
644,5414.639852313792
645,5391.601197776872
646,5326.380471491473
647,5336.9183833997395
648,5343.972647533601
649,5365.371497655641
650,5394.258489108226
651,5421.057438659523
652,5408.883410391863
653,5466.6389690967735
654,5459.456487097628
655,5438.795341929373
656,5284.442034488666
657,5361.748242017158
658,5423.248367955602
659,5350.385203533751
660,5357.00397584225
661,5275.427220182926
662,5287.09317272135
663,5292.109784117689
664,5311.266989753337
665,5299.275463130021
666,5293.776648328707
667,5293.220214382232
668,5302.520565741805
669,5297.232118376187
670,5452.259647850985
671,5502.22346158518
672,5522.6522612135705
673,5485.043728505043
674,5493.459444708793
675,5561.640676270608
676,5522.287178059777
677,5656.916449974696
678,5681.137669280677
679,5627.249633008617
680,5625.486910756328
681,5645.243367278118
682,5678.522545626769
683,5706.91033549129
684,5631.573104309614
685,5629.4371873606015
686,5614.779413811772
687,5535.204423616771
688,5529.197028460278
689,5601.001848554755
690,5564.901044430963
691,5651.593099319052
692,5685.702144285964
693,5689.585705572217
694,5683.302254377072
695,5705.791008176873
696,5740.373104988416
697,5754.061833452634
698,5784.126892265964
699,5793.449633617095
700,5771.741847355315
701,5799.9458692684975
702,5732.143802007048
703,5724.125620763933
704,5737.026065191478
705,5711.475493860913
706,5735.834723336038
707,5711.544012974234
708,5710.383996486321
709,5676.0927099707715
710,5657.359381028893
711,5715.729880667128
712,5697.955219433459
713,5745.073429487926
714,5701.9113735648825
715,5710.934454672222
716,5721.904519705402
717,5852.634482803305
718,5839.750316961268
719,5767.5344529743525
720,5708.331464686468
721,5526.776418159905
722,5523.976235953015
723,5547.255631872798
724,5478.412558801185
725,5522.196304747247
726,5492.704601072998
727,5587.901753155742
728,5703.54374771617
729,5738.171826483095
730,5745.687945935029
731,5721.46872333245
732,5726.689144041709
733,5726.914419717463
734,5736.356897993766
735,5716.3230486329385
736,5769.56703193295
737,5719.47203991388
738,5731.937460935065
739,5720.263785350871
740,5730.306155215527
741,5737.53819778456
742,5744.874346731873
743,5774.103119658863
744,5754.517557725968
745,5824.833457221909
746,5825.159395257626
747,5799.830268661197
748,5766.6228198224335
749,5817.765613284781
750,5845.429765678288
751,5877.406840312162
752,5861.39537094071
753,5858.580707471763
754,5841.441750435348
755,5853.62444903289
756,5878.195995671189
757,5896.782329952486
758,5902.404725895267
759,5914.345015686551
760,5863.341633962125
761,5814.144766308408
762,5837.4680967307195
763,5863.054728576907
764,5830.7577366223895
765,5866.870662801135
766,5848.781804678923
767,5859.972236748255
768,5941.285894289698
769,5937.125810414215
770,5938.0840643469965
771,5944.796232094384
772,5967.301514888423
773,5914.595324163804
774,5824.978175201892
775,5827.200469251715
776,5765.571508374958
777,5670.804269601464
778,5563.582194317173
779,5573.6804855525515
780,5578.134057120307
781,5351.362117711477
782,5412.996055028167
783,5599.190732331932
784,5670.905047472591
785,5623.578346119679
786,5670.629790686119
787,5697.7666920058455
788,5576.652222235422
789,5625.732271410037
790,5535.942229888853
791,5585.78303993197
792,5724.829153827945
793,5746.724317118145
794,5956.876480497131
795,5896.450486550877
796,6006.032627717647
797,6168.098113027228
798,6228.622817214136
799,6226.4261754839745
800,6187.594254720469
801,6236.588533018798
802,6317.236947665949
803,6251.014223996166
804,6354.54714318673
805,6402.510702648983
806,6561.077833562725
807,6512.758912946109
808,6561.0837441959
809,6520.883373822134
810,6445.634654658041
811,6426.108331791828
812,6524.274357558236
813,6590.934189165724
814,6357.724750937924
815,6377.160461011959
816,6276.983993555565
817,6213.853997959839
818,6321.635892009364
819,6355.51933333502
820,6179.230297355473
821,6208.933325076525
822,6276.308605191721
823,6265.554584854999
824,6271.770575634493
825,6328.125285541001
826,6374.908045669242
827,6408.976359916509
828,6456.183399461103
829,6473.035138380687
830,6419.9323445009395
831,6418.942248580204
832,6355.887313573196
833,6341.1301257761825
834,6443.592105669685
835,6406.427411421828
836,6402.739833570677
837,6258.196049958348
838,6123.031866511675
839,6110.590194608298
840,6181.347262685798
841,6213.755959835658
842,6219.11602196811
843,6299.891794734167
844,6332.6555121038145
845,6329.5990223793
846,6316.043220712304
847,6260.293392213156
848,6244.607264302577
849,6292.359876006962
850,6276.023359740968
851,6340.48961090665
852,6292.821129942329
853,6235.840990584569
854,6244.005976742775
855,6165.547048613512
856,6155.664881732746
857,6213.762428425532
858,6148.016499244959
859,6214.84498836058
860,6243.095020357716
861,6289.591663552711
862,6344.672036465467
863,6343.096471208102
864,6380.674725476761
865,6410.944134684605
866,6408.547826564079
867,6382.889862846789
868,6394.45849011179
869,6427.7940002380865
870,6406.972651511614
871,6391.578671224512
872,6397.855099189518
873,6398.1913324669395
874,6359.648006601253
875,6314.900043862881
876,6312.298867725305
877,6251.385822337139
878,6235.602233495945
879,6211.680640080354
880,6234.184256510447
881,6206.839934424009
882,6246.626604846395
883,6267.083167840397
884,6273.5281517106705
885,5283.136221399409
886,5266.422517025057
887,5304.759170979595
888,5338.458402035831
889,5334.466391621148
890,5358.066834157085
891,5409.011077076148
892,5410.092942792729
893,5401.055876832288
894,5409.0597510322095
895,5277.073412232856
896,5279.692039422874
897,5318.256634514627
898,5258.043398832704
899,5237.264360102406
900,5271.431042097678
901,5232.712979733411
902,5274.162196955772
903,5256.461832941062
904,5282.506804154262
905,5289.97465998249
906,5287.556915921792
907,5290.019671672126
908,5241.841642596676
909,5210.859562844917
910,5256.611920613981
911,5225.914201015248
912,5261.8087575102245
913,5280.048963893798
914,5307.576352289729
915,5302.829709330669
916,5251.302921301703
917,5279.042319588398
918,5308.3893330504925
919,5340.410273903429
920,5345.737377960494
921,5359.966587967327
922,5329.267168304716
923,5336.303337721632
924,5351.0869277388
925,5310.651389492341
926,5280.643048035058
927,5268.448954410691
928,5337.965039667308
929,5344.126310204103
930,5313.828520127041
931,5343.122176777641
932,5372.269856267647
933,5335.457882904645
934,5383.68584251048
935,5393.017594097193
936,5415.068718384324
937,5429.469143849014
938,5405.009602494474
939,5387.5557804480195
940,5362.344907913413
941,5370.943954606645
942,5385.717205829524
943,5366.991771987633
944,5331.376846430913
945,5352.0606836832485
946,5272.577157509494
947,5195.857334394539
948,5194.80169566625
949,5239.321569420749
950,5100.359806376717
951,5016.457093223803
952,5024.066756274576
953,5033.979619131649
954,5128.652378141887
955,5134.079999100048
956,5136.1840928363345
957,5207.206100344407
958,5186.128452718083
959,5181.460615626606
960,5221.966756757434
961,5188.611105983535
962,5131.213647094553
963,5159.963616433288
964,5223.480642221036
965,5264.301213769283
966,5269.42060520241
967,5288.049122641498
968,5306.6753905958285
969,5356.85595628913
970,5378.844920463098
971,5439.6453122685525
972,5447.98448232216
973,5432.550693810571
974,5437.107071702672
975,5411.89691847422
976,5418.674624580542
977,5425.859706914773
978,5425.655723981112
979,5352.308208380384
980,5287.304141367384
981,5296.671647078752
982,5306.1822006795755
983,5342.028845312964
984,5326.414580971771
985,5341.383669414181
986,5374.402978014223
987,5366.136103702525
988,5323.51863101203
989,5344.612575110912
990,5270.0587301099295
991,5281.668982391389
992,5275.973481092632
993,5289.661364451484
994,5334.8533629653475
995,5309.118756687716
996,5105.087619415196
997,5125.4204851714
998,5142.011564921325
999,5101.020668847288
1000,5032.896172790942
1001,4908.795862413911
1002,5007.254098004067
1003,5037.988893052943
1004,5000.251103429926
1005,5006.116645559139
1006,5049.279040995134
1007,4907.555819938048
1008,5107.277663902429
1009,5263.588713799582
1010,5254.225261274409
1011,5292.597579468586
1012,5326.546725457054
1013,5329.824981957963
1014,5305.839645061195
1015,5330.428357378544
1016,5341.170879591964
1017,5401.7465628702685
1018,5402.279760124899
1019,5302.413758544485
1020,5290.754344960086
1021,5302.9580129184515
1022,5158.289129333461
1023,5162.138599922512
1024,5197.820000021509
1025,5281.922491820069
1026,5387.052260065881
1027,5382.797411450009
1028,5450.387107582693
1029,5451.3441654854505
1030,5436.449333563152
1031,5429.027206382258
1032,5420.089296397635
1033,5411.229754627278
1034,5512.837302584826
1035,5530.684712283231
1036,5599.884676264293
1037,5633.661511728657
1038,5681.271284400728
1039,5695.812374601398
1040,5674.695067990266
1041,5672.83392590654
1042,5638.051472026847
1043,5632.56380880428
1044,5650.8900693947535
1045,5598.98913792356
1046,5906.158313719967
1047,5852.803368700778
1048,5824.696053403145
1049,5800.396963916377
1050,5756.865585946379
1051,5773.854197561255
1052,5862.819011379786
1053,5870.516573361687
1054,5958.224344980085
1055,5993.251170076384
1056,6032.958657264346
1057,6021.090127158345
1058,6089.023425233249
1059,6083.207720532584
1060,6248.486325411282
1061,6097.2787589245945
1062,6136.919101121233
1063,6241.072617528667
1064,6192.863072133545
1065,6255.0458946030185
1066,6271.688381810931
1067,6249.689489442137
1068,6286.003393995872
1069,6283.046488877636
1070,6106.037635201512
1071,6147.081007878351
1072,6146.321694040497
1073,6178.261670433648
1074,6297.482044560749
1075,6271.7569564036485
1076,6248.073246846745
1077,6202.429509167174
1078,6164.501179857127
1079,6052.8077887607615
1080,6074.744099545906
1081,6107.673983781655
1082,6169.227441076211
1083,6181.368645027062
1084,6197.069934719195
1085,6157.0177193421205
1086,6181.922299595107
1087,6226.628640208518
1088,6181.731558845446
1089,6193.601630872076
1090,6234.4206729071675
1091,6259.233626547721
1092,6083.342039595538
1093,6117.973812805669
1094,6152.960033947872
1095,6308.753918692699
1096,6170.080025702557
1097,6299.566719957675
1098,6385.492426904477
1099,6514.883276683767
1100,6508.980665331434
1101,6440.899832538498
1102,6440.983378066685
1103,6454.963998692783
1104,6374.671616248636
1105,6386.9607357509785
1106,6380.537265031049
1107,6252.581140425511
1108,6334.352137440803
1109,6256.730509658757
1110,6186.682963173847
1111,6240.620255241331
1112,6320.36080323418
1113,6354.8392469811
1114,6375.988433819015
1115,6353.32885442549
1116,6341.032385648372
1117,6385.967420112811
1118,6347.318409134871
1119,6364.777145718849
1120,6388.941307055856
1121,6379.39210187111
1122,6437.732094560533
1123,6443.204007871492
1124,6414.570021019234
1125,6409.537842756417
1126,6376.59167586023
1127,6327.936985387719
1128,6322.543546899932
1129,6345.87202020614
1130,6365.229012438211
1131,6328.028472392958
1132,6361.218682236553
1133,6330.030056833621
1134,6329.348836855216
1135,6357.958747075483
1136,6392.906610414995
1137,6406.711839434977
1138,6397.857290388842
1139,6403.294510557135
1140,6358.223618954777
1141,6373.75790405955
1142,6399.210048264113
1143,6363.127182362699
1144,6380.089923806644
1145,6396.427605876465
1146,6393.780293814552
1147,6381.425002037469
1148,6393.743923137763
1149,6411.298216053096
1150,6431.974275433596
1151,6405.534260844621
1152,6475.4097621406145
1153,6411.0517533954735
1154,6329.1294275786295
1155,6384.819565085405
1156,6418.279600777714
1157,6487.079308414873
1158,6524.705762815864
1159,6485.191883800983
1160,6513.476496049059
1161,6438.900277008916
1162,6527.347010049366
1163,6506.045385407136
1164,6542.380013573122
1165,6524.57681527721
1166,6542.136618798766
1167,6545.563909595672
1168,6475.863774271982
1169,6525.62287857853
1170,6501.260334433745
1171,6480.067336012887
1172,6488.306147937526
1173,6489.133343156951
1174,6515.07116734935
1175,6573.937614956304
1176,6516.5007463345155
1177,6504.210384779076
1178,6394.57617098721
1179,6318.801935002363
1180,6320.627733046426
1181,6304.714628297213
1182,6301.19800977693
1183,6309.495952602883
1184,6258.352504881337
1185,6250.480940442226
1186,6258.192612365691
1187,6265.9864450236055
1188,6282.261975331383
1189,6237.9138218385215
1190,6307.223660853917
1191,6343.662084545516
1192,6271.784146898985
1193,6274.57213830593
1194,6268.271063864184
1195,6163.678976100092
1196,6202.508410971954
1197,6251.406177649478
1198,6220.03819632816
1199,6165.721902807749
1200,6217.312165075808
1201,6219.787564802261
1202,6259.342723091334
1203,6255.2919325008725
1204,6303.35463357212
1205,6262.869401964177
1206,6278.611053114894
1207,6267.344264496965
1208,6318.097821279236
1209,6353.2755133927985
1210,6406.944505332512
1211,6449.1829769344395
1212,6367.463283075369
1213,6327.716309792212
1214,6311.073566523417
1215,6358.692967235086
1216,6317.48491744085
1217,6362.700443149308
1218,6361.890786552183
1219,6366.7704006814565
1220,6384.303387647866
1221,6469.144267280464
1222,6580.6221003671235
1223,6563.084084029344
1224,6527.543451590665
1225,6543.017611653399
1226,6554.103257983996
1227,6586.919128666144
1228,6570.526895850911
1229,6518.689489479191
1230,6474.37550113345
1231,6407.141032442617
1232,6437.1955047520805
1233,6439.160874924003
1234,6426.847748133538
1235,6433.795498235605
1236,6415.583105962978
1237,6376.48782164884
1238,6358.228617266355
1239,6397.72107873493
1240,6434.618728619354
1241,6481.080200985214
1242,6482.744124823687
1243,6485.8776509546915
1244,6493.20972530532
1245,6518.230891414203
1246,6518.577314633557
1247,6551.662967703684
1248,6571.557657714158
1249,6595.253350241944
1250,6643.183220363357
1251,6638.154913911153
1252,6648.665479325172
1253,6646.673318632648
1254,6660.490772167284
1255,6654.248463595072
1256,6637.779818914082
1257,6655.8391907132955
1258,6644.144290715974
1259,6620.554805849383
1260,6622.3620067096745
1261,6616.713318347122
1262,6627.498743613739
1263,6651.952343779325
1264,6664.022943080553
1265,6702.326995860729
1266,6690.76534411514
1267,6671.3997820451095
1268,6740.954020957825
1269,6790.273515045812
1270,6717.97928824466
1271,6678.801339749036
1272,6728.507000317322
1273,6710.518753778103
1274,6673.752791173783
1275,6687.698328336746
1276,6688.353729353619
1277,6684.916205528349
1278,6605.637102618812
1279,6646.381185206656
1280,6704.177798876504
1281,6832.485358212261
1282,6830.298875114408
1283,6774.179420847531
1284,6808.177534004451
1285,6815.313244789108
1286,6821.354422493772
1287,6786.297699328243
1288,6797.584843906345
1289,6786.3866782832365
1290,6774.107071548075
1291,6789.892968724291
1292,6784.9730724410765
1293,6686.853322552484
1294,6350.028724524816
1295,6609.491568678397
1296,6376.4407162815105
1297,6258.217241487788
1298,6435.627994963728
1299,6279.347411736593
1300,6439.5777139709135
1301,6457.113738973183
1302,6484.793546275453
1303,6145.771403890328
1304,6075.1857053700105
1305,5896.529686391584
1306,5608.325805244289
1307,5740.371377916509
1308,5791.82097733177
1309,6076.952979038448
1310,6024.32182604722
1311,5834.607978660045
1312,5736.744584332206
1313,5374.061931062637
1314,5413.649165318815
1315,5224.937469376484
1316,5532.107268577496
1317,5496.332452631792
1318,5673.381642837342
1319,5478.748669751292
1320,5507.320873426232
1321,5641.480756346904
1322,5671.092905805463
1323,5818.150206980116
1324,5762.976937312423
1325,5787.408703144816
1326,5717.920488766279
1327,5759.217190160172
1328,5904.969154194654
1329,5892.551709536239
1330,5981.1063625409515
1331,6060.107460311801
1332,6047.107685275889
1333,5874.612401066057
1334,5900.802879255461
1335,5776.201746536431
1336,5807.211090715156
1337,5870.2720795934565
1338,5891.033138863607
1339,5915.704128193455
1340,5864.226212697058
1341,5827.691431150777
1342,5917.047487226699
1343,6000.793006329395
1344,6025.418039197797
1345,6317.424741864295
1346,6255.910549244202
1347,6350.848455772743
1348,6324.790105928015
1349,6240.7684902706915
1350,6217.76557530704
1351,6325.064668254809
1352,6240.052653531316
1353,6209.009936715385
1354,6267.290911132106
1355,6150.670517053128
1356,6192.237200419174
1357,6092.560730909358
1358,6129.890313167687
1359,6243.151074605803
1360,6342.662878181835
1361,6390.750582856432
1362,6435.979951254317
1363,6377.38195333283
1364,6317.032415578156
1365,6296.425858923365
1366,6302.7795663766265
1367,6275.985708609832
1368,6275.002642965778
1369,6125.291579010561
1370,6107.164256548769
1371,6200.3030378800195
1372,6231.030015337016
1373,6247.212511897445
1374,6284.221380672387
1375,6270.110803228357
1376,6369.606569515245
1377,6231.013488157001
1378,6169.179598184339
1379,6250.010490254934
1380,6172.949698224866
1381,6194.082301607239
1382,6264.694692284226
1383,6250.0224738201205
1384,6323.083604783099
1385,6344.711549162418
1386,6357.995070267174
1387,6451.538760457062
1388,6487.905460991561
1389,6442.324601314867
1390,6214.27316896548
1391,6332.890546613688
1392,6329.530675593962
1393,6333.670135228724
1394,6378.012138585248
1395,6444.064389537228
1396,6422.718638234501
1397,6419.42110363641
1398,6397.650543093506
1399,6337.667557602215
1400,6447.789536973489
1401,6401.829585023656
1402,6475.752596183086
1403,6494.9752189314895
1404,6517.1549192269
1405,6551.990625577864
1406,6570.266918891777
1407,6552.714392922313
1408,6480.327320619183
1409,6541.027665016279
1410,6532.426517381369
1411,6436.364996249143
1412,6493.420566527289
1413,6496.60476713973
1414,6577.238596587704
1415,6567.09559073258
1416,6538.238733998347
1417,6512.020291440063
1418,6511.488799225441
1419,6510.416040246456
1420,6555.482068014965
1421,6514.377693448778
1422,6517.265397290635
1423,6492.453335420172
1424,6496.1512695074325
1425,6479.740679157677
1426,6550.940514582092
1427,6619.97792103616
1428,6463.223354470607
1429,6432.149329011632
1430,6339.761990024387
1431,6373.172130630335
1432,6327.349601289716
1433,6344.4526078061335
1434,6354.144876969919
1435,6445.984047716329
1436,6656.948557562223
1437,6573.647510714859
1438,6509.348494260911
1439,6354.28281773775
1440,6372.853643711433
1441,6248.379878048998
1442,6233.161728627079
1443,6216.72120995652
1444,6285.573884769357
1445,6272.125632994579
1446,6365.739241190165
1447,6356.163446801236
1448,6359.42428392407
1449,6483.149989486027
1450,6435.443113040223
1451,6550.029628446501
1452,6684.637298261946
1453,6682.45593965508
1454,6721.234869014467
1455,6594.606101894086
1456,6645.468308632893
1457,6656.290026748884
1458,6665.058332326894
1459,6606.686918205948
1460,6604.4231461008085
1461,6581.125408850039
1462,6584.6170256258365
1463,6670.515343006262
1464,6543.057307482764
1465,6517.74687459619
1466,6402.053305091422
1467,6502.825156222303
1468,6442.0792102273535
1469,6633.725060014006
1470,6609.361977375828
1471,6514.255154505209
1472,6480.39711336767
1473,6456.829837381875
1474,6108.593200529923
1475,6058.294751612469
1476,5981.72339138744
1477,5879.862714856425
1478,6076.700136834996
1479,6246.662728413745
1480,6277.900579709005
1481,6147.123018275461
1482,6149.142615891317
1483,6143.561050683388
1484,6232.908625456928
1485,6382.815130157739
1486,6311.776759141245
1487,6285.34954323407
1488,6159.532369619892
1489,6227.4260767084315
1490,6276.753554722582
1491,6386.113180390792
1492,6474.662386544273
1493,6488.611628509051
1494,6475.421890126889
1495,6462.653110340865
1496,6518.417404860447
1497,6517.603133902707
1498,6492.2263988161185
1499,6551.660459073493
1500,6557.996221720139
1501,6517.390721350353
1502,6485.694070146406
1503,6395.331810057873
1504,6398.152476493813
1505,6511.937504670079
1506,6490.094772938031
1507,6547.264878838516
1508,6556.8323646977715
1509,6613.137787178558
1510,6667.552712338897
1511,6403.734665067984
1512,6498.924136540846
1513,6618.0538018916595
1514,6656.103322994826
1515,6697.459715597557
1516,6646.725981534642
1517,6686.334777260524
1518,6627.157597903194
1519,6642.218348057558
1520,6584.802645182067
1521,6633.109427161497
1522,6624.162475417902
1523,6498.427659378636
1524,6435.765294376004
1525,6384.455859819564
1526,6424.994387327349
1527,6444.7425297497575
1528,6455.861309436694
1529,6571.342109795449
1530,6456.112122799965
1531,6438.694377282832
1532,6490.114697596575
1533,6443.448176471892
1534,6489.796628464777
1535,6540.857731430729
1536,6487.330848741836
1537,6463.155082226167
1538,6484.974307561488
1539,6522.997332525857
1540,6486.948580088441
1541,6430.92723570508
1542,6373.316979670576
1543,6335.264644987834
1544,6253.157702501317
1545,6339.199317164125
1546,6417.654098736788
1547,6347.702418663405
1548,6358.18863961921
1549,6370.258337573388
1550,6391.549269489534
1551,6274.723167131922
1552,6177.794016762851
1553,6138.497124600741
1554,6170.4047054487055
1555,6240.879254531041
1556,6257.300978667201
1557,6307.49184576187
1558,6372.043454271749
1559,6441.663208145409
1560,6347.086285495385
1561,6397.141205916485
1562,6327.317547721702
1563,6331.737734406286
1564,6264.370138779295
1565,6119.636059064587
1566,6071.524840175853
1567,6165.9228090072575
1568,6304.15195706614
1569,6223.589230436852
1570,6316.369459741903
1571,6289.543007657243
1572,6370.562671563211
1573,6471.022040960521
1574,6493.596902186858
1575,6470.915987379462
1576,6462.7955016502365
1577,6537.9923400061125
1578,6490.914717181126
1579,6488.5239471607965
1580,6492.804794887135
1581,6489.687269367518
1582,6419.158985741612
1583,6383.835374708573
1584,6299.73476006643
1585,6355.072663497054
1586,6362.710978019
1587,6408.994550379539
1588,6446.8822187550995
1589,6503.123594966373
1590,6495.059102093353
1591,6540.677757537959
1592,6495.5592347073825
1593,6510.580528989003
1594,6560.182418751827
1595,6552.456424666218
1596,6631.01288208096
1597,6730.762102008177
1598,6706.647067445989
1599,6654.301314123906
1600,6463.544267032044
1601,6513.343158606262
1602,6586.612558357586
1603,6582.827852973414
1604,6491.964693676512
1605,6475.496474635475
1606,6514.466188235583
1607,6547.0849330730725
1608,6564.925785498728
1609,6558.509445415499
1610,6601.383601098447
1611,6613.55103457596
1612,6623.487142343999
1613,6636.575509812562
1614,6683.809641489184
1615,6691.356278068697
1616,6697.856674672303
1617,6707.117178928485
1618,6765.381759036519
1619,6734.107616829164
1620,6738.26454827951
1621,6775.734617303873
1622,6775.788316646819
1623,6786.832770536255
1624,6761.898223833252
1625,6747.549621598739
1626,6666.972182793704
1627,6762.415934522656
1628,6757.961124811576
1629,6757.986375095854
1630,6780.4538854261455
1631,6871.713843795493
1632,6849.183103563565
1633,6890.247583163297
1634,6885.955830611704
1635,6926.3364011744425
1636,6983.963025286907
1637,6934.3299554534515
1638,6970.096242743968
1639,6875.584248839699
1640,6921.012001784271
1641,6944.675392916074
1642,6897.49255408426
1643,6928.815631442758
1644,6909.669326813608
1645,6935.267706708133
1646,6876.11140724768
1647,6940.388070789943
1648,6953.304455579987
1649,6957.377959726473
1650,7028.810866157865
1651,7023.290654946601
1652,7042.385631335694
1653,7012.866740467141
1654,7062.949390035574
1655,7077.803685804714
1656,7047.83778772818
1657,7104.9798813891975
1658,7099.145398995051
1659,7212.071383141205
1660,7186.82168859648
1661,7166.123679152783
1662,7214.596063425621
1663,7249.692788823788
1664,7231.5906537600995
1665,7248.337435525722
1666,7311.585263018555
1667,7253.498716571615
1668,7127.601638973832
1669,7163.848428725805
1670,7240.309533128948
1671,7205.543677845913
1672,7172.168797609175
1673,7206.37763656115
1674,7200.111555724818
1675,7222.167403188569
1676,7238.863270885962
1677,7239.481185713825
1678,7297.5359333726465
1679,7328.4193631420185
1680,7300.535668018738
1681,7224.179771717963
1682,7277.518158608339
1683,7245.203392530648
1684,7243.958483211934
1685,7269.025947828707
1686,7234.737887482833
1687,7272.1122793019695
1688,7236.632697932606
1689,7238.645143863153
1690,7148.987953753648
1691,7197.432722008158
1692,7235.946352127501
1693,7198.552620965888
1694,7225.627181334623
1695,7221.136559585435
1696,7117.303296978691
1697,7077.430818798253
1698,7012.475332110693
1699,7030.263638739472
1700,7046.087302133896
1701,7076.460550453507
1702,7109.18949799507
1703,7214.533724040542
1704,7236.837997662646
1705,7165.40871108218
1706,7210.1417929092495
1707,7256.510762295486
1708,7353.294685627929
1709,7433.656941847522
1710,7402.86599148634
1711,7455.779062688776
1712,7552.974883277442
1713,7582.973310591038
1714,7670.363621368105
1715,7675.985035432805
1716,7615.800402788084
1717,7503.83147512323
1718,7545.44108820237
1719,7503.594154826314
1720,7478.632756715792
1721,7481.292701170895
1722,7524.549850292786
1723,7508.830918203235
1724,7497.793681198054
1725,7464.6185474262675
1726,7534.2748697619345
1727,7571.991277090025
1728,7565.16572598218
1729,7511.6410916693
1730,7548.61454423506
1731,7599.030791203779
1732,7587.368733279014
1733,7517.440471759449
1734,7517.348915934304
1735,7545.1848528201435
1736,7571.5503459549445
1737,7583.889096641509
1738,7486.876353124618
1739,7531.680193883492
1740,7348.886503279776
1741,7334.989914703322
1742,7419.965267777214
1743,7365.2069369319925
1744,7514.193933665726
1745,7543.967423377151
1746,7546.116974622012
1747,7550.209842816474
1748,7548.584949464158
1749,7540.004187117336
1750,7494.459950422882
1751,7632.668300075102
1752,7641.325246077505
1753,7538.0136321500795
1754,7529.97561095898
1755,7533.345160311719
1756,7555.747834709284
1757,7559.528293007546
1758,7612.42624025559
1759,7639.574728770074
1760,7678.666039810742
1761,7661.823051646825
1762,7664.805769962163
1763,7643.222017433016
1764,7702.601963332674
1765,7591.003192286203
1766,7630.5506882392365
1767,7693.91028542027
1768,7703.09427002273
1769,7696.538452823279
1770,7767.442916409061
1771,7785.778091805616
1772,7757.136491421222
1773,7689.593406187258
1774,7533.072628918709
1775,7538.944312435847
1776,7429.320368284448
1777,7448.875173755889
1778,7443.36150052001
1779,7219.986894714457
1780,7208.406873151473
1781,7361.786010696636
1782,7397.88407144355
1783,7327.002382223664
1784,7390.291140341562
1785,7322.882782548053
1786,7318.9264861605625
1787,7377.392020043439
1788,7407.503810731041
1789,7460.32922599721
1790,7263.217765727292
1791,7122.498068531993
1792,7114.747035942862
1793,7231.5977527452205
1794,7282.266333546269
1795,7145.09104667987
1796,7121.7407596266385
1797,7035.880180461101
1798,6890.426634811643
1799,6897.231459669281
1800,6995.951019451893
1801,7021.5460375369885
1802,6965.899082511874
1803,6998.39258436566
1804,7038.511427646878
1805,7218.876050817415
1806,7090.485971728218
1807,6908.42886435569
1808,6862.039278552586
1809,6885.652454047584
1810,6837.354151203414
1811,6781.139977839892
1812,6862.147160416189
1813,6816.918022566446
1814,6901.233638734318
1815,6923.500357822437
1816,6909.869832683482
1817,6996.21050047158
1818,6922.095258897234
1819,6988.0254740081045
1820,7055.424244220219
1821,7080.691320467728
1822,7067.086360346045
1823,7023.161101425719
1824,6951.231431035637
1825,6884.092191420672
1826,6880.823255133984
1827,6860.119863514961
1828,6940.789632860583
1829,7006.630735830245
1830,7079.024512885214
1831,7014.3025319806275
1832,6966.550969883441
1833,6988.5130825939705
1834,7001.202769098958
1835,6901.781179174812
1836,6940.917134254087
1837,6991.4453113925865
1838,6997.104822508909
1839,6856.558328417425
1840,6891.444040648777
1841,6787.00800957112
1842,6836.161097867921
1843,6796.911654981617
1844,6622.120077351317
1845,6575.826115968288
1846,6563.256272615108
1847,6710.003636623041
1848,6542.814120002286
1849,6579.675106647953
1850,6503.751308334351
1851,6541.478288062726
1852,6510.2665163161255
1853,6526.741969064775
1854,6628.542052131438
1855,6611.628383427404
1856,6707.7618859400445
1857,6536.098109205746
1858,6518.987053770736
1859,6570.081126010173
1860,6636.882832682176
1861,6639.305630951121
1862,6673.437929800983
1863,6725.0889693067575
1864,6787.541282701969
1865,6768.306640350823
1866,6806.635452194285
1867,6830.35650911679
1868,6828.165075666997
1869,6918.705405250942
1870,6960.740557547299
1871,6893.3716095192785
1872,6832.099089613705
1873,6692.763554065061
1874,6516.086138940973
1875,6587.695573972882
1876,6559.0829394751545
1877,6505.18047368414
1878,6496.179981161437
1879,6513.559491401933
1880,6510.873807588949
1881,6601.759116500061
1882,6737.0041257407265
1883,6711.132568980108
1884,6584.655116084243
1885,6602.195657439787
1886,6579.608623675349
1887,6630.928578516401
1888,6652.658238590469
1889,6673.31744517994
1890,6716.436116428557
1891,6697.2245011362065
1892,6697.976377485716
1893,6618.425835534876
1894,6610.001412826425
1895,6586.564693494543
1896,6668.641987318364
1897,6596.861509573258
1898,6727.547774921456
1899,6760.894913751753
1900,6818.159569687383
1901,6766.002297166213
1902,6783.472685563743
1903,6665.242411434643
1904,6607.475044100467
1905,6581.475469824253
1906,6586.214941295139
1907,6527.6867374735775
1908,6400.120712573772
1909,6479.891520568353
1910,6598.566344355829
1911,6433.190333201646
1912,6508.428510016029
1913,6518.226517760403
1914,6509.826139685327
1915,6486.072559931199
1916,6555.109192829365
1917,6609.884823071823
1918,6597.128615091884
1919,6578.045680908194
1920,6559.392570973462
1921,6526.895081177729
1922,6414.437993839676
1923,6345.904538579294
1924,6455.516314777507
1925,6483.272359691695
1926,6386.508065114559
1927,6412.1992151565755
1928,6318.194200005848
1929,6306.857524961468
1930,6348.247364766992
1931,6275.843615743152
1932,6247.2895299415395
1933,6314.546094887122
1934,6376.463183424975
1935,6477.97724493786
1936,6581.0056607589295
1937,6391.075343557425
1938,6441.372122001081
1939,6373.364655187306
1940,6318.948051962107
1941,6361.972935265387
1942,6187.4429829888995
1943,5995.749403160857
1944,5771.689258986125
1945,5555.073285938963
1946,5686.012872579508
1947,5681.617597983745
1948,5714.15753953504
1949,5603.883973747708
1950,5561.423043833239
1951,5592.18714251189
1952,5803.925362053627
1953,5794.539111514154
1954,5838.349252939519
1955,5721.654882463743
1956,5558.9583659927575
1957,5489.808210776382
1958,5457.069701721874
1959,5623.038759884462
1960,5583.7952958195365
1961,5642.810101080052
1962,5663.696111462648
1963,5603.879074704175
1964,5562.820807095031
1965,5661.153065803855
1966,5784.246330847536
1967,5782.468219988355
1968,5853.156479912729
1969,5910.733879348142
1970,6101.7301273662715
1971,6110.149906334894
1972,6020.658160827132
1973,6027.124416645587
1974,6051.470748420757
1975,6065.831971041039
1976,6167.699290826464
1977,6241.492455828355
1978,6197.491093652974
1979,6278.124081563251
1980,6150.163128158712
1981,6194.7300631136195
1982,6165.672541859778
1983,6185.139819239825
1984,6237.007011020205
1985,6271.002234887587
1986,6255.39659214038
1987,6286.094545871082
1988,6265.383314103613
1989,6302.751467088034
1990,6226.184931001196
1991,6238.609241204044
1992,6363.515912778807
1993,6341.213640215137
1994,6362.483009738755
1995,6280.195925228678
1996,6298.526026913528
1997,6314.601936710613
1998,6310.30684084819
1999,6214.017175936484
2000,6247.976864534039
2001,6198.752049216483
2002,6211.1950302587275
2003,6142.723659126232
2004,6149.105193090549
2005,6129.991513428731
2006,6177.959129808341
2007,6248.250228339486
2008,6236.7109055876535
2009,6253.4903387896065
2010,6258.299682356803
2011,6190.998886055444
2012,6252.292691298346
2013,6229.2415525153065
2014,6243.024145161226
2015,6285.499656244969
2016,6267.727356103054
2017,6374.405369561874
2018,6271.187919992929
2019,6303.207998824322
2020,6363.619561329863
2021,6365.138543089133
2022,6408.259319897596
2023,6374.651615204272
2024,6305.99721678032
2025,6270.40713712346
2026,6272.4200474245945
2027,6344.663923408171
2028,6339.588858911358
2029,6334.398216575948
2030,6383.585423122701
2031,6382.880633245315
2032,6321.4605771331335
2033,6387.620776802659
2034,6406.816419347393
2035,6462.004145601373
2036,6351.766179360412
2037,6337.690139950934
2038,6419.050830006497
2039,6276.265079022854
2040,6218.563889933617
2041,6271.624422322666
2042,6204.945164940065
2043,6247.577076572706
2044,6283.252729948523
2045,6266.333623556558
2046,6205.136081444851
2047,6081.864335495862
2048,6048.076962377861
2049,6161.235337601132
2050,6219.23544913162
2051,6216.906952696124
2052,6156.390346263818
2053,6220.817211732828
2054,6178.179818562302
2055,6211.936993198451
2056,6165.396116960653
2057,6137.050144539997
2058,6151.679750947738
2059,6055.253618766176
2060,5920.953475157503
2061,5876.387979721004
2062,5968.262854654489
2063,5838.422770331627
2064,5955.564757298307
2065,5916.215765312917
2066,6013.649446822249
2067,6167.496750374847
2068,6182.369054903973
2069,6198.193350641001
2070,6176.676444033545
2071,6201.5156556812
2072,6079.108854504804
2073,6135.734806206281
2074,6126.940697393799
2075,6211.841747371316
2076,6315.677513238921
2077,6273.335906096108
2078,6245.906955189157
2079,6158.519890581873
2080,6224.98144144274
2081,6184.048238000422
2082,6243.223917667954
2083,6257.3676820107585
2084,6248.246123703286
2085,6295.6921113510925
2086,6370.725410027365
2087,6301.833432258181
2088,6280.640997951381
2089,6294.022491945328
2090,6169.12603902493
2091,6110.15589442787
2092,6076.510472389356
2093,6191.830069762499
2094,6209.136930040757
2095,6229.423673202966
2096,6237.8243226086615
2097,6176.794616602254
2098,6189.728859509516
2099,6232.93399767629
2100,6170.113137556031
2101,6124.938984347111
2102,6165.447466744026
2103,6184.260034132063
2104,6210.9190611884405
2105,6195.894548319261
2106,6244.029533417703
2107,6308.195602719098
2108,6378.076328602187
2109,6358.599123247104
2110,6371.139712442671
2111,6287.56034474182
2112,6334.296147573952
2113,6758.5387656138155
2114,6920.155238597027
2115,7023.565624083598
2116,6827.852189887324
2117,6927.101334244598
2118,6907.6846975162525
2119,6937.659876934106
2120,7063.564471796427
2121,7207.2147993046465
2122,7354.727221557188
2123,7454.49227313683
2124,7467.042502662537
2125,7399.634975249685
2126,7441.302113728909
2127,7465.037384704871
2128,7349.69051731637
2129,7256.271064664806
2130,7231.751414370872
2131,7311.905667573668
2132,7181.8510774905535
2133,7222.354794557603
2134,7389.796122553709
2135,7512.848406736952
2136,7551.442427490433
2137,7731.16680816768
2138,7736.158949987044
2139,7771.565635422085
2140,7662.818084950144
2141,7760.373575454266
2142,7905.296558618725
2143,7982.695458056256
2144,8020.816537781244
2145,8180.296321634639
2146,8161.074226234613
2147,8158.922385395805
2148,8352.844801795161
2149,8160.859332514061
2150,8182.854546662889
2151,8162.961289440016
2152,8224.452646498507
2153,8309.212533441309
2154,8177.816165620883
2155,8337.741435252312
2156,8440.79769458841
2157,8426.637020565146
2158,8460.333225186661
2159,8170.486719093163
2160,8182.5183812626265
2161,8297.231588992152
2162,8540.558006150954
2163,8362.63508126248
2164,7595.644362714197
2165,7609.640224578967
2166,7553.113627729368
2167,7575.433066368672
2168,7498.236703694753
2169,7452.333995612258
2170,7400.001575402556
2171,7413.7481277095085
2172,7433.000882081236
2173,7434.863711937553
2174,7465.92464395692
2175,7357.421923794805
2176,7383.931198900122
2177,7443.660576644689
2178,7495.615586335217
2179,7497.271267968095
2180,7490.138331774702
2181,7509.7587356421245
2182,7487.743216626708
2183,7496.628762035482
2184,7463.437083499476
2185,7449.717985730548
2186,7406.4737614610585
2187,7364.493736783696
2188,7316.93532629504
2189,7369.40458446607
2190,7331.402104820569
2191,7332.080070902206
2192,7330.200909909085
2193,7258.890002983468
2194,7152.024444541739
2195,7156.826089670493
2196,7196.466843148629
2197,7100.617869284887
2198,7085.109798389218
2199,7101.008213832789
2200,7078.552818217926
2201,7143.09141130687
2202,7089.470469591988
2203,7130.251120559969
2204,7134.518789264545
2205,7186.947949758133
2206,7267.399852715776
2207,7269.6804488122925
2208,7292.967410032418
2209,7297.22712665734
2210,7317.3820038475815
2211,7389.231866074602
2212,7379.861854294686
2213,7362.452631242152
2214,7263.390034175048
2215,7128.189015995276
2216,6947.425139446967
2217,7177.193671016924
2218,7208.012402539483
2219,7100.7303286779015
2220,7030.0047953836565
2221,7155.077947335145
2222,7211.51765903257
2223,7098.939873792566
2224,7230.368328473336
2225,7244.81315639393
2226,7268.156074389573
2227,7317.344522929901
2228,7317.000020339546
2229,7380.296426417873
2230,7455.393553768638
2231,7437.134112231859
2232,7380.227434510012
2233,7474.921605204442
2234,7435.421448868643
2235,7422.008106226963
2236,7521.1580914078295
2237,7479.5449933766795
2238,7553.93247876484
2239,7618.095912280523
2240,7527.644563456437
2241,7551.337170296874
2242,7545.972348885133
2243,7607.53975126662
2244,7727.384597486248
2245,7850.780229226151
2246,7957.698342620892
2247,7911.08654977665
2248,7920.413967964361
2249,8009.177218761538
2250,7820.939219990724
2251,7820.112683534362
2252,7945.742758481319
2253,7893.424238163655
2254,7837.7092620702
2255,7828.30278647952
2256,7840.870182190821
2257,7778.508584422549
2258,7852.936779370214
2259,8005.5013041753145
2260,7959.769748105626
2261,8207.550210564223
2262,8207.869938971979
2263,8088.001462070184
2264,8294.804591223878
2265,8027.355177238848
2266,8033.119440060208
2267,8001.274891212025
2268,7931.50613364803
2269,7783.515756071177
2270,7747.703151828869
2271,7737.738136201966
2272,7574.794067979348
2273,7517.8996244836435
2274,7456.934294000076
2275,7493.599929030436
2276,7583.8902301592425
2277,7607.467175714178
2278,7570.527199222302
2279,7572.123759641232
2280,7603.070948111051
2281,7694.205114252843
2282,7714.825997233416
2283,7764.763916241991
2284,7635.388337589429
2285,7709.363134367357
2286,7779.560236979201
2287,7830.564553505108
2288,7747.863690170022
2289,7818.256269366595
2290,7848.360937584319
2291,7872.286801080411
2292,7837.785454775276
2293,7784.178361850211
2294,7877.362730810835
2295,7939.852872284206
2296,7859.497625869638
2297,7662.88162797019
2298,7660.043527786722
2299,7825.355163716344
2300,7688.3328530040435
2301,7676.834225853795
2302,7722.306365938251
2303,7658.994439510296
2304,7752.973103195561
2305,7825.998074856523
2306,7780.746643213701
2307,7635.899535131137
2308,7690.030245629414
2309,7793.758324263466
2310,7856.184713263372
2311,7892.508322264037
2312,7872.828693118394
2313,8017.84203226976
2314,7902.697656116927
2315,7884.267446074116
2316,7928.684036979082
2317,7966.798276607
2318,8036.822626642324
2319,8126.005664935998
2320,8064.365018667017
2321,8105.89344009025
2322,8081.70967600117
2323,8062.096102583484
2324,8158.923853503782
2325,8154.251889251611
2326,8189.040607073574
2327,8277.247266604694
2328,8124.5328426694305
2329,8270.961914641364
2330,8259.790388221723
2331,8247.56742519086
2332,8199.260017958592
2333,8230.603562249442
2334,8053.553992854249
2335,7804.637895579997
2336,7714.861668106285
2337,7730.122033612717
2338,7826.021098211894
2339,7889.949516116116
2340,7947.652231331833
2341,7939.0353868692455
2342,7886.8361043433115
2343,7944.924523207089
2344,7910.400644631934
2345,7898.415646932297
2346,7777.124454423354
2347,7738.267291753036
2348,7796.601661017115
2349,7808.594954939906
2350,7889.57503115932
2351,7871.726372366233
2352,7875.510881316375
2353,7900.691508716372
2354,7923.316556023593
2355,7993.562985074862
2356,7990.957140877468
2357,8008.991631331386
2358,8017.99029615558
2359,8034.301974667482
2360,7972.0062585026635
2361,7938.7602586466455
2362,7936.884521788825
2363,7870.459718341524
2364,7782.249730613692
2365,7656.892030735501
2366,7508.279182370079
2367,7548.8448522652625
2368,7617.049067554234
2369,7631.878250887915
2370,7622.757500160993
2371,7806.481858730964
2372,7793.471233276311
2373,7751.220805112959
2374,7759.983563598294
2375,7740.127988693812
2376,7768.007009246102
2377,7782.943378736171
2378,7725.411399201805
2379,7910.238531561567
2380,7961.663368807047
2381,7918.058904835833
2382,7889.750593199787
2383,7814.569241735438
2384,7780.811757521892
2385,7730.217760155896
2386,7713.191354864633
2387,7728.937736069432
2388,7721.26515190401
2389,7743.47682975934
2390,7759.185335857295
2391,7779.173007685168
2392,7817.419423869904
2393,7776.390428864351
2394,7862.9697207834215
2395,7889.5192081999585
2396,7937.760499693126
2397,7918.617925759732
2398,8019.009534257543
2399,7797.837871327163
2400,7735.300273199412
2401,7701.074307453856
2402,7751.291218411964
2403,7690.919019932852
2404,7709.761519407292
2405,7784.369574514955
2406,7723.030974450055
2407,7695.957711241959
2408,7784.24615449518
2409,7771.775702116181
2410,7803.56178577382
2411,7788.743243472407
2412,7653.136225201289
2413,7618.917195920106
2414,7561.30903285451
2415,7655.694423757642
2416,7635.987864032913
2417,7632.189466240075
2418,7674.326199125602
2419,7707.885296538854
2420,7799.531414732983
2421,7808.225769563418
2422,7831.024945961367
2423,7820.677217758438
2424,7874.099118767352
2425,7862.053176612693
2426,7937.511629199706
2427,7925.958321348927
2428,7924.514395039741
2429,7906.189551742419
2430,7901.172814685169
2431,7954.045213331606
2432,7985.5822501472285
2433,7847.188010078982
2434,7817.620295897249
2435,7812.5377860892495
2436,7894.476725456949
2437,7915.589344001673
2438,7883.671686776192
2439,7917.0418577424
2440,7994.276615959438
2441,8077.82841710651
2442,8047.1300871878775
2443,8019.5633462405785
2444,8082.282220488412
2445,8028.559368642927
2446,8020.616673576313
2447,8011.21175776148
2448,7913.940023138747
2449,7982.964946012475
2450,7939.828369541259
2451,7948.794528743286
2452,7869.260176404851
2453,7846.677521562669
2454,7840.630374498918
2455,7861.514920144265
2456,7809.110468285188
2457,7815.239569880834
2458,7858.060541518911
2459,7861.787417195229
2460,7911.2526449993
2461,7978.760127170174
2462,7996.847169093806
2463,8040.900610908819
2464,8080.407924169953
2465,8099.0328019306935
2466,8047.343918694965
2467,8023.608061834046
2468,7968.561502173384
2469,7871.456562484846
2470,7753.68244098192
2471,7806.125279044815
2472,7816.797312131067
2473,7711.003443348038
2474,7593.69577809567
2475,7683.761896592134
2476,7689.339285810369
2477,7811.727258637159
2478,7931.0144141912715
2479,7909.509782492807
2480,7921.117618901126
2481,7989.465439924986
2482,7982.13351391042
2483,8066.619184218287
2484,8030.1886143186175
2485,7861.822671756496
2486,7871.53188454158
2487,7785.759899614459
2488,7747.483067566463
2489,7886.328884339897
2490,7900.739861907151
2491,8016.194447892922
2492,7997.018439279741
2493,7782.597708025336
2494,7762.390026312669
2495,7699.789950630804
2496,7655.6054022873395
2497,7644.064384449497
2498,7658.652683821693
2499,7704.222767307687
2500,7690.170958169976
2501,7642.464816964454
2502,7811.575209295818
2503,7739.302390417761
2504,8104.63902662987
2505,8349.720063426128
2506,8229.515816676289
2507,7923.115961041867
2508,7955.833992632994
2509,8001.920167726881
2510,8099.236127341073
2511,8213.713378027132
2512,8266.942590544582
2513,8185.013569533085
2514,8093.617087936646
2515,8038.628035353917
2516,8030.374745680729
2517,8068.3291373467155
2518,8047.672976758979
2519,7943.250177160877
2520,7936.673514047591
2521,7831.830467617992
2522,7879.143804435758
2523,7886.645822495156
2524,7978.487908897301
2525,8045.673926217426
2526,8181.432880711458
2527,8303.337538009671
2528,8342.18449947895
2529,8318.731709024281
2530,8339.442254349597
2531,7947.699801979023
2532,7980.292475317342
2533,7977.0761880889495
2534,7985.697983653882
2535,7971.621356077842
2536,8056.416632932029
2537,8116.752250525335
2538,8125.050040877821
2539,8148.832543226728
2540,8031.305947186527
2541,8092.737067948812
2542,8091.975433090997
2543,8103.161376659549
2544,8142.885588979416
2545,8110.691689023017
2546,8185.31260170086
2547,8169.190738322646
2548,7996.4007769393675
2549,7992.901158059186
2550,8103.101629374371
2551,8147.185578634065
2552,8064.856993612551
2553,8102.1081543686905
2554,8175.396562988768
2555,8117.174747096304
2556,7976.133521779169
2557,7996.0307764890995
2558,8046.856042699099
2559,8181.258450573718
2560,8211.152063762005
2561,8004.987551926855
2562,7908.6854841478125
2563,7857.867956002118
2564,7867.1007937824
2565,8022.5854039470705
2566,8055.300756921928
2567,8011.9367034106435
2568,8033.215939775678
2569,8032.607063910303
2570,8051.799621672483
2571,8015.374269767275
2572,7936.711186983446
2573,7937.0791226981455
2574,7806.678867950596
2575,7791.992882095452
2576,7710.742487352779
2577,7659.929262985219
2578,7264.965002982503
2579,6608.975234349375
2580,6587.348495059054
2581,6608.339987911084
2582,6682.970258630141
2583,6720.631208718483
2584,6818.649775114828
2585,6794.847594654423
2586,6748.765632888744
2587,6702.108666054127
2588,6595.13699523743
2589,6398.468619105095
2590,6524.882637806275
2591,6563.986213507527
2592,6546.6453973641865
2593,6435.909244897246
2594,6412.653550178988
2595,6455.159310481921
2596,6474.056533755511
2597,6420.302940879077
2598,6490.290557344669
2599,6494.695735587551
2600,6436.056006343079
2601,6459.929739694679
2602,6497.2269124181985
2603,6451.424067040358
2604,6519.123684074325
2605,6465.0183100941995
2606,6472.227720020284
2607,6539.109713133573
2608,6589.945902942092
2609,6612.3273557708835
2610,6614.289755986033
2611,6544.364374001555
2612,6526.236797459712
2613,6372.7760287118
2614,6378.323369255869
2615,6380.010683840203
2616,6319.9558764559915
2617,6381.754344108038
2618,6398.372570938063
2619,6409.553981385624
2620,6370.554625003168
2621,6384.247130399003
2622,6429.179050939321
2623,6393.795154493962
2624,6392.269262342832
2625,6397.855618271298
2626,6398.795688817384
2627,6358.834855754456
2628,6419.2219033410765
2629,6393.328996797181
2630,6389.195275134924
2631,6388.490605923893
2632,6438.518827156987
2633,6468.369082604025
2634,6395.188389555853
2635,6412.944245043989
2636,6477.945282730891
2637,6461.780401936556
2638,6591.4808347277685
2639,6558.207914636638
2640,6626.116263828051
2641,6625.179882496757
2642,6636.052114260949
2643,6650.099892684269
2644,6693.719644953765
2645,6600.759008504578
2646,6639.324026252348
2647,6611.934096953231
2648,6616.397960343262
2649,6639.248902185525
2650,6604.343855008255
2651,6579.666324096776
2652,6652.16763240864
2653,6670.115554851437
2654,6644.518320897482
2655,6782.674923720664
2656,6800.6433692851815
2657,6623.3244982392625
2658,6581.10108910522
2659,6541.920480992448
2660,6502.527415179379
2661,6543.5571190548
2662,6394.663589260152
2663,6376.510547190279
2664,6389.024714441235
2665,6349.498702229266
2666,6367.385187807373
2667,6361.717576131371
2668,6422.232293515444
2669,6385.017645235032
2670,6300.269168630304
2671,6255.9315756346605
2672,6360.693741651632
2673,6354.182321102568
2674,6328.69556697469
2675,6421.455038585767
2676,6465.6455276650595
2677,6470.13536231336
2678,6532.903148102763
2679,6548.510789830975
2680,6541.026827215085
2681,6549.144783786725
2682,6507.846471569019
2683,6501.657230688071
2684,6472.222860023736
2685,6524.097288273435
2686,6403.897029135879
2687,6433.753407297426
2688,6375.981323114647
2689,6249.718308159306
2690,6303.932879007783
2691,6308.437365587153
2692,6276.556997162252
2693,6383.909835255554
2694,6444.107226004941
2695,6488.715276068629
2696,6488.950898917301
2697,6453.3989648814995
2698,6385.800279756668
2699,6419.646541710263
2700,6470.304391855318
2701,6363.039167340885
2702,6430.132858995979
2703,6453.354829206581
2704,6320.869575416549
2705,6371.673389762816
2706,6284.253500608573
2707,6264.590718495958
2708,6263.024319315535
2709,6029.769455509461
2710,6096.777236007378
2711,6132.674420766801
2712,6157.494286799842
2713,6197.327837019299
2714,6153.4918678414315
2715,6144.171400277312
2716,6135.567424803106
2717,6115.898792560856
2718,6118.751829772125
2719,6124.2510243048155
2720,6148.278222898072
2721,6140.966094553964
2722,6015.8233419963635
2723,6035.6842083873
2724,6092.546201038702
2725,6092.22151205786
2726,5978.918579897976
2727,6064.713708294808
2728,6001.6905319285
2729,6034.275463131372
2730,6109.815397624672
2731,6101.442428325258
2732,6158.485634971113
2733,6143.800392808246
2734,6118.00129905768
2735,6090.143698813545
2736,6058.134549817507
2737,6098.8645008199865
2738,5922.538745916894
2739,5957.196502348986
2740,5980.912485554755
2741,6026.018003038837
2742,6071.134292832065
2743,6125.88723612319
2744,6092.7557300524895
2745,6050.229732549946
2746,6165.582618413358
2747,6169.281195874077
2748,6189.2302612023395
2749,6133.225436655765
2750,6169.802304971148
2751,6177.850339545203
2752,6165.875384328236
2753,6130.783036367359
2754,6158.041142490355
2755,6113.31773702313
2756,6075.219696391262
2757,6083.462538412693
2758,6132.378926585288
2759,6124.875008375759
2760,6088.534410943219
2761,6097.352307706841
2762,6098.5003902875005
2763,6087.608211094086
2764,6072.585544132852
2765,6039.633523851966
2766,6078.590458907453
2767,6119.415584697523
2768,6139.22429553531
2769,6059.005546604208
2770,6045.979326583112
2771,6158.183454090651
2772,6113.7583970157775
2773,6212.250681827891
2774,6210.133453383392
2775,6231.24313582941
2776,6250.523223063437
2777,6245.36544152159
2778,6437.430901816496
2779,6406.160565147538
2780,6062.22040155929
2781,6072.9154788541655
2782,6098.728472698931
2783,6073.552398108658
2784,6067.64971060697
2785,6070.784194679172
2786,6166.261787198671
2787,6272.459955637406
2788,6368.089970233601
2789,6363.480641139366
2790,6463.956847504276
2791,6412.61335302283
2792,6427.440538572613
2793,6437.265370027635
2794,6469.239100919251
2795,6534.5073949583575
2796,6518.5455565808925
2797,6508.92247032806
2798,6445.434462630913
2799,6437.380748701523
2800,6377.55070883167
2801,6300.350221507326
2802,6238.803936078056
2803,6272.603941610042
2804,6334.057998080212
2805,6289.750025053566
2806,6195.826245211052
2807,6246.638605843018
2808,6246.07910828423
2809,6259.468607934123
2810,6278.442717973284
2811,6177.578381045752
2812,6257.853596684293
2813,6304.411590491287
2814,6333.756709137209
2815,6354.396516228539
2816,6347.687415814
2817,6376.393304299478
2818,6321.867083776097
2819,6277.686689529526
2820,6251.621940173239
2821,6361.335634973581
2822,6457.468886633881
2823,6452.443240525927
2824,6388.201826009778
2825,6314.853044132328
2826,6336.6139160222865
2827,6326.139009276788
2828,6455.7432883786305
2829,6533.108712057301
2830,6521.019591971764
2831,6509.477996683803
2832,6412.457867690251
2833,6160.080174625215
2834,6274.019660007736
2835,6021.813964469743
2836,6047.4007992308825
2837,6094.269973038915
2838,6121.705323692451
2839,6170.657248072617
2840,6172.316459163545
2841,6183.2562139091715
2842,6366.444210697622
2843,6316.189473245913
2844,6311.257380956914
2845,6378.698318751324
2846,6490.671025770471
2847,6444.286267084397
2848,6452.522363635128
2849,6479.089708971869
2850,6476.812989487544
2851,6259.825538776931
2852,6220.680815903121
2853,6219.1731510915215
2854,6196.2315793365815
2855,6225.990455950341
2856,6332.396014746923
2857,6273.526418667991
2858,6285.3011172697
2859,6382.550712935906
2860,6351.0126303871375
2861,6396.03122356206
2862,6394.102902659203
2863,6443.122226345109
2864,6378.138885313278
2865,6313.248535537556
2866,6291.208878429337
2867,6243.29540671764
2868,6479.231750149462
2869,6472.388246604739
2870,6429.950323323548
2871,6512.366494514996
2872,6501.592020139341
2873,6475.9115004045525
2874,6502.08304912773
2875,6482.942860301591
2876,6384.114128219029
2877,6462.121044667959
2878,6412.813978440844
2879,6347.705180704694
2880,6240.587908895799
2881,6264.620791418483
2882,6352.879550501352
2883,6263.004637405773
2884,6331.222901098263
2885,6506.632494166455
2886,6521.150169953184
2887,6491.301101002738
2888,6440.275363210365
2889,6471.814491726298
2890,6501.308203758459
2891,6454.930201540553
2892,6525.034424451422
2893,6442.662996491432
2894,6426.7529916943
2895,6448.771835013089
2896,6495.437768239082
2897,6439.480505192724
2898,6263.082076203825
2899,6154.393604216924
2900,6191.080581383376
2901,6202.751098980192
2902,6258.708444434518
2903,6175.18135248534
2904,5965.943103422042
2905,6014.698336354611
2906,6072.892938535251
2907,6191.183372601041
2908,6136.460757463579
2909,6072.618814851094
2910,6014.8519531825405
2911,6083.60987744741
2912,6118.326712456947
2913,6091.255409496831
2914,6081.254102644012
2915,6063.611649243296
2916,6127.024813926336
2917,6169.291651447534
2918,6208.825245224868
2919,6226.7647077947095
2920,6197.312504044725
2921,6200.0016416896015
2922,6089.844040656343
2923,6196.88163814327
2924,5829.04326710374
2925,5929.238855885604
2926,5851.817351462655
2927,6014.3893437633715
2928,5987.423175303556
2929,5889.25270037159
2930,5858.923734105567
2931,5823.205155107262
2932,5876.513968252575
2933,5698.353027557161
2934,5703.510776950342
2935,5677.768371336652
2936,5590.346212675542
2937,5517.497716661472
2938,5488.025509105417
2939,5611.106421333239
2940,5637.620254818285
2941,5624.3350240737
